chromosome,context,pos,mC,uC,coverage,N,Sx,Sx2,log_x_sum,log_1_minus_x_sum,alpha,beta,sum_mC,sum_uC,sum_cov,sum_cov2,sum_mC2,sum_uC2,Sx3,Sx4,count_zero,count_one,mean,variance,closest_distribution,ks_normal,ks_beta,ks_betabinomial,p_normal,p_beta,p_betabinomial,could_use_instead
1,CG,1000007,4,361,365,33,0.30519482493400574,0.03377467021346092,-3.944304526105059e-31,1.01524073740333e-41,1.0,1.0,31119420424192,31119437201408,31119453978624,1.5375061417222e-310,1.5375069706268e-310,1.5375077995314e-310,-6.462348535570529e-27,1.01524073740333e-41,2499805184,7245,0.009248328028303204,0.0009672540112478334,normal,0.5277944718460108,0.888962219860004,0.888962219860004,2.071774790761591e-08,4.4631359604024507e-23,4.4631359604024507e-23,False
1,CG,1000008,24,790,814,67,2.0638275146484375,0.3330663740634918,320864256.0,3.923635700109488e-44,0.1944154613603343,6.117078991877093,121561022464,121561088000,121561153536,6.005922221e-313,6.0059254589e-313,6.0059286968e-313,335544320.0,3.923635700109488e-44,1302396928,28,0.030803395741021457,0.004083234521038898,beta,0.5920621236624535,0.29701613936410853,0.8009948449676016,7.96774346807136e-21,1.4692939536969386e-05,9.188505780618049e-38,False
1,CG,1000009,4,373,377,34,0.36858975887298584,0.04931993782520294,6.80420677310221e-22,0.0,0.07379989085461448,6.733758454578277,474850816,474851072,474851328,2.346078545e-315,2.34607981e-315,2.346081075e-315,6.80511150189719e-22,0.0,474852608,0,0.010840875260970172,0.0013734576432360554,beta,0.5810864343977346,0.5245411635543302,0.8916344847511724,2.134046413357063e-10,1.497915583394574e-08,6.648356713558591e-24,False
1,CG,1000010,16,812,828,69,1.2636935710906982,0.1579800546169281,2.5992643175807102e-39,0.0,0.14774367123126828,7.919333307057673,1854898,1854899,1854900,9.16443e-318,9.164434e-318,9.16444e-318,2.5992741266699605e-39,0.0,1854905,0,0.018314399581024612,0.0019828862589411933,beta,0.5806028557745468,0.38975382630859573,0.8254897062538181,1.2524401069231411e-20,1.573185886993832e-09,2.8902609299706147e-41,False
1,CG,1000012,11,358,369,33,0.9695701599121094,0.1978829801082611,1.01524073740333e-41,-0.125,0.1288990496982594,4.258270456867569,13763000461244243021,13835058055282170957,13907115649320098893,-8589934592.013819,-562949953422217.6,-3.6893488147478454e+19,1.01524073740333e-41,-2048.0,7245,3321888768,0.029380913936730587,0.0052936288338831655,beta,0.6602884997622138,0.38061534356778015,0.8012398144496107,6.372639811704137e-13,0.00014080375528343446,7.9346408411305785e-19,False
1,CG,1000013,16,795,811,67,1.1392289400100708,0.1364177018404007,3.923635700109488e-44,423624704.0,0.1432503978635949,8.281550201720904,5605574161192714268,5605855636169424924,5606137111146135580,6.318737500113452e+66,6.5293620834505665e+66,6.739986666787702e+66,3.923635700109488e-44,438304768.0,28,1305608192,0.017003417015075684,0.0017734381378449518,beta,0.5619428433713838,0.4044926481540877,0.8507037406895634,8.396174726793979e-19,6.017558350720516e-10,1.531645417174351e-42,False
1,CG,1000017,11,384,395,36,1.0253067016601562,0.14044037461280823,0.0,6.810539874667069e-22,0.21947001850908263,7.486439494745791,2039522601268674560,2039523700780302336,2039524800291930112,2.413901592542084e-172,2.4142174655586426e-172,2.4145333385752014e-172,0.0,6.811444603462049e-22,0,474865152,0.02848074171278212,0.0031782536933268792,beta,0.5609650234394995,0.278971397199387,0.8066529502562134,2.891893763132473e-10,0.007370602820651002,9.005427202823034e-21,False
1,CG,1000018,28,807,835,69,2.0438458919525146,0.23531706631183624,0.0,2.599332981205462e-39,0.3016364886862176,9.881576346145543,7966936700813312,7966940995780608,7966945290747904,3.936196092451032e-308,3.936198214446823e-308,3.936200336442614e-308,0.0,2.5993427902947124e-39,0,1854954,0.029620954955833546,0.002570241164847726,beta,0.5268603861163983,0.19992735603337283,0.8311939825362527,4.621855233384277e-17,0.008043880477379932,7.844454389081661e-42,False
1,CG,1000024,5,376,381,34,0.424675315618515,0.05326193943619728,-9.903520314283042e+27,1.01524073740333e-41,0.09352140283126703,7.393910946826234,31121047814144,31121064591360,31121081368576,1.53758654546895e-310,1.53758737437356e-310,1.53758820327817e-310,-1.6225927682921336e+32,1.01524073740333e-41,4127195136,7245,0.012490450459368089,0.0014532591953075064,beta,0.5677080817241433,0.4905813624657194,0.86223957094832,6.068493696060496e-10,1.56154833895475e-07,2.2143035777475814e-22,False
1,CG,1000025,22,842,864,70,1.6910533905029297,0.2295335829257965,524288000.0,3.923635700109488e-44,0.18410810404765388,7.4369211051501285,121567379456,121567444992,121567510528,6.00623629814e-313,6.00623953605e-313,6.00624277396e-313,541065216.0,3.923635700109488e-44,1308753920,28,0.024157905578613283,0.002734511228835259,beta,0.5881961280942827,0.3252095313779587,0.8177500142132859,1.8422326240814766e-21,7.423638713627368e-07,4.3886602088455957e-41,False
1,CG,1000028,5,385,390,35,0.40882351994514465,0.04471020773053169,6.8167437292612165e-22,0.0,0.10312399460177529,8.725477186529954,474875648,474875904,474876160,2.34620123e-315,2.346202496e-315,2.34620376e-315,6.817648458056196e-22,0.0,474877440,0,0.011680671998432705,0.0011745551261414045,beta,0.5443154134888692,0.47991959192530176,0.8655989896686459,1.9676976667255173e-09,1.991017474036078e-07,3.3343960060897733e-23,False
1,CG,1000029,49,825,874,69,4.044024467468262,0.7164801359176636,2.5994002435317497e-39,0.0,0.40001050008452294,6.425053177908344,1854995,1854996,1854997,9.16491e-318,9.164913e-318,9.16492e-318,2.599410052621e-39,0.0,1855002,0,0.058609050253163215,0.007050936804099921,beta,0.46116959521947587,0.09741402031546137,0.7123581855314733,3.586844343205479e-13,0.5292787096775879,7.726126236157869e-31,True
1,CG,1000036,1,368,369,33,0.1111111119389534,0.012345679104328156,1.0153808672497624e-41,2.710505431213761e-20,1.0,1.0,2305843009213701198,2377900603251629134,2449958197289557070,4.198672567236186e-140,2.751642053663907e-135,1.803316136289178e-130,1.0153808672497624e-41,4.440892098500626e-16,7246,654311424,0.003367003392089497,0.0003741114879228395,normal,0.3674292199987045,0.9495335573931548,0.9495335573931548,0.000269988251675099,2.8686373950006266e-26,2.8686373950006266e-26,False
1,CG,1000037,60,831,891,71,5.159911155700684,0.9553383588790894,3.923635700109488e-44,717225984.0,0.5180881210718855,6.610766521214838,5632877233933647900,5633158708910358556,5633440183887069212,4.1787917334083626e+68,4.313591466744129e+68,4.583190933415636e+68,3.923635700109488e-44,746586112.0,28,1311965184,0.07267480500986878,0.00829061173957565,beta,0.4208968159590305,0.14227613785228543,0.7132804349310288,2.3766615391195118e-11,0.1128757508198465,8.420550102031135e-32,True
1,CG,1000040,7,371,378,34,0.5209457278251648,0.07011905312538147,0.0,6.823076830826076e-22,0.1074457187365938,6.90509751162123,2039629253896568832,2039630353408196608,2039631452919824384,2.444541275148284e-172,2.444857148164843e-172,2.4451730211814016e-172,0.0,6.8239815596210555e-22,0,474889984,0.015321933171328376,0.0018829441665986447,beta,0.6038944469401755,0.45267179808784164,0.86223957094832,3.396566255400567e-11,1.7765233446564199e-06,2.2143035777475814e-22,False
1,CG,1000041,45,865,910,72,3.8465728759765625,0.8523374199867249,0.0,2.5994689071565016e-39,0.24312849725095095,4.307741164258909,7967353312641024,7967357607608320,7967361902575616,3.9364019260427555e-308,3.9364040480385465e-308,3.9364061700343374e-308,0.0,2.599478716245752e-39,0,1855051,0.05342462327745226,0.009110362157442407,beta,0.5488814186853856,0.20907802642083412,0.7228814290306429,2.8842562028107143e-19,0.0036918991861435136,4.179395197104243e-33,False
1,CG,1000044,6,382,388,35,0.4583333432674408,0.05784722417593002,2147483648.0,1.0153808672497624e-41,0.09789175611783846,7.377478549038264,31122675204096,31122691981312,31122708758528,1.5376669492157e-310,1.53766777812033e-310,1.53766860702493e-310,35184372088832.0,1.0153808672497624e-41,1459617792,7246,0.013095238379069738,0.0015248599937872614,beta,0.5784452557575468,0.4791103253755554,0.8655989896686459,1.3459150777363467e-10,2.102177179498804e-07,3.3343960060897733e-23,False
1,CG,1000045,50,875,925,72,4.005495071411133,0.5820671319961548,918552576.0,3.923635700109488e-44,0.5220247151811753,8.861529333183483,121573736448,121573801984,121573867520,6.0065503753e-313,6.0065536132e-313,6.0065568511e-313,947912704.0,3.923635700109488e-44,1315110912,28,0.05563187599182129,0.00505963277320506,beta,0.4274306646064102,0.1260619163146025,0.746149501512398,7.506761726281035e-12,0.20264730494316807,3.0440781584896313e-35,True
1,CG,1000047,3,384,387,35,0.22007575631141663,0.016615157946944237,6.829280685420223e-22,0.0,1.0,1.0,474900480,474900736,474900992,2.34632392e-315,2.346325183e-315,2.34632645e-315,6.830185414215203e-22,0.0,474902272,0,0.006287878751754761,0.00044798083161933297,normal,0.3876725777919616,0.9022476806412513,0.9022476806412513,5.3966085798399816e-05,3.575886437067646e-25,3.575886437067646e-25,False
1,CG,1000048,31,910,941,72,2.409376859664917,0.2999117374420166,2.5995361694827892e-39,0.0,0.31697456120795,9.155254042393059,1855092,1855093,1855094,9.165387e-318,9.16539e-318,9.165397e-318,2.5995459785720395e-39,0.0,1855099,0,0.03346356749534607,0.0030885266517872495,beta,0.4761839186180735,0.19212411338415258,0.8197130062998053,1.3193993247353806e-14,0.00983179133370117,1.9038642906933708e-42,False
1,CG,1000051,6,414,420,39,0.5057932734489441,0.14263607561588287,1.0153808672497624e-41,-0.0,0.033391472037513095,2.5413114309548583,9295429630892710990,9367487224930638926,9439544818968566862,-2.05226840065249e-289,-1.344974619051616e-284,-8.81442566341667e-280,1.0153808672497624e-41,-9.62964972193618e-35,7246,2281701376,0.01296905829356267,0.00358095824126399,beta,0.7006988481627283,0.5992268504346852,0.9029402208291928,4.6680501035075996e-17,1.3723004202106525e-12,4.816504598189994e-28,False
1,CG,1000052,37,943,980,75,3.1916794776916504,0.48834535479545593,3.923635700109488e-44,1174405120.0,0.3214230868049816,7.231569523784027,5660180306674581532,5660461781651292188,5660743256628002844,2.7606985387162427e+70,2.933242197386007e+70,3.105785856055771e+70,3.923635700109488e-44,1233125376.0,28,1318322176,0.042555726369222,0.0047637988687101165,beta,0.4872120728865692,0.16959920481944796,0.7734448494259755,6.876900718587356e-16,0.026744170573714702,2.141326596315014e-39,False
1,CG,1000053,5,397,402,37,0.4763888716697693,0.07335840910673141,0.0,6.835613786985082e-22,0.07475713045415476,5.731452861623735,2039735906524463104,2039737006036090880,2039738105547718656,2.4751809577544843e-172,2.475496830771043e-172,2.4758127037876018e-172,0.0,6.836518515780062e-22,0,474914816,0.012875374909993765,0.0018673534383620617,beta,0.6023109991296766,0.5179134387584734,0.8717730565060019,4.386608427419911e-12,4.792597758978988e-09,7.528103220439819e-25,False
1,CG,1000054,47,943,990,75,3.988171339035034,0.6598911881446838,0.0,2.599604833107541e-39,0.3892344224622743,6.930556830973171,7967769924468736,7967774219436032,7967778514403328,3.936607759634479e-308,3.93660988163027e-308,3.936612003626061e-308,0.0,2.5996146421967914e-39,0,1855148,0.053175617853800455,0.0060515907173605025,beta,0.4322255513435366,0.11454287924251827,0.7752612012405958,1.3516542482261922e-12,0.2787066450067242,1.4042119910415206e-39,True
1,CG,1000055,7,392,399,36,0.7116013169288635,0.1247950866818428,-4.656612873077393e-10,1.0153808672497624e-41,0.10129431132251035,5.023197620969558,31124302594048,31124319371264,31124336148480,1.5377473529625e-310,1.5377481818671e-310,1.5377490107717e-310,-7.62939453125e-06,1.0153808672497624e-41,3087007744,7246,0.019766703248023987,0.003163687846263054,beta,0.6468633519032491,0.44896336939581527,0.8410099109795933,1.6481200503594938e-13,9.9576303164385e-07,1.5289587682223755e-22,False
1,CG,1000056,51,949,1000,76,4.43999719619751,0.7334617376327515,1577058304.0,3.923635700109488e-44,0.44998581840289564,7.25247900024803,121580093440,121580158976,121580224512,6.0068644524e-313,6.0068676903e-313,6.00687092823e-313,1635778560.0,3.923635700109488e-44,1321467904,28,0.05842101573944092,0.006320967887341642,beta,0.446325627999413,0.11186449938673876,0.7368206821076116,1.4153195354445506e-13,0.297523948580941,2.899949885420424e-36,True
1,CG,1000058,9,412,421,40,0.8202014565467834,0.08787006139755249,6.84181764157923e-22,0.0,0.2055492858127506,9.81878237914943,474925312,474925568,474925824,2.346446604e-315,2.34644787e-315,2.346449134e-315,6.84272237037421e-22,0.0,474927104,0,0.020505036413669585,0.0018218410426798937,beta,0.5442739723413665,0.31830877496480403,0.8611530256020252,1.0204722935690464e-10,0.000603665140426539,3.433557576997929e-26,False
1,CG,1000059,35,969,1004,76,2.8981637954711914,0.4413217306137085,2.5996720954338287e-39,0.0,0.27898651574986844,7.0370165445750095,1855189,1855190,1855191,9.165866e-318,9.16587e-318,9.165876e-318,2.599681904523079e-39,0.0,1855196,0,0.03813373415093673,0.004410718972151204,beta,0.534292623345493,0.20113798826936252,0.800366462580983,2.860612116022595e-19,0.0042695819582818885,1.03311341275039e-42,False
1,CG,1000063,9,376,385,36,0.8403540849685669,0.1404290497303009,1.0153808672497624e-41,-1.4757395258967641e+20,0.13083316481053078,5.473939891484285,16285016252571720782,16357073846609648718,16429131440647576654,-3.2418090381934916e+178,-2.1245519712704867e+183,-1.392346379891826e+188,1.0153808672497624e-41,-2.4178516392292583e+24,7246,3909091328,0.023343169026904635,0.0034517863509265674,beta,0.6078447269213774,0.40186666569141827,0.8370140470343785,5.595445868788473e-12,1.783007993359584e-05,2.477767990903293e-22,False
1,CG,1000064,32,991,1023,77,2.436800956726074,0.32737061381340027,3.923635700109488e-44,1988100096.0,0.26288048076124493,8.043828757325812,5687483379415515164,5687764854392225820,5688046329368936476,1.8772750063270443e+72,1.9877029478756934e+72,2.0981308894243424e+72,3.923635700109488e-44,2046820352.0,28,1324679168,0.0316467656717672,0.003292812433515159,beta,0.5228945522411169,0.2344423418693949,0.8020340481006571,1.033754260637861e-18,0.000421712221859757,1.901189181035805e-43,False
1,CG,1000076,5,350,355,33,0.5166667103767395,0.07867284119129181,0.0,6.848150743144089e-22,0.09373549650014243,5.893240870235717,2039842559152357376,2039843658663985152,2039844758175612928,2.5058206403606845e-172,2.5061365133772433e-172,2.506452386393802e-172,0.0,6.849055471939069e-22,0,474939648,0.01565656698111332,0.002205737944792716,beta,0.6180522867864646,0.47466076310172184,0.8586765510934288,2.2486581851449312e-11,6.967492400384059e-07,1.4680815100180079e-21,False
1,CG,1000077,40,1031,1071,77,2.790560007095337,0.326819509267807,0.0,2.5997407590585806e-39,0.3900216373311737,10.37185626464593,7968186536296448,7968190831263744,7968195126231040,3.936813593226203e-308,3.9368157152219937e-308,3.9368178372177847e-308,0.0,2.599750568147831e-39,0,1855245,0.036241039053186194,0.0029695620404000707,beta,0.4394279360728178,0.1404704526385242,0.8210747521650799,2.434713511736787e-13,0.09578178927323595,1.6294769508571836e-45,True
1,CG,1000083,9,368,377,35,0.846897542476654,0.14315736293792725,1.0097419586828951e-28,1.0155209970961949e-41,0.1341632233103025,5.410442328535459,31125929984000,31125946761216,31125963538432,1.53782775670926e-310,1.53782858561386e-310,1.53782941451847e-310,1.6543612251060553e-24,1.0155209970961949e-41,419430400,7247,0.024197072642190117,0.00360779181123904,beta,0.6361323268689262,0.3866778148993373,0.8084888714231041,9.976674110747699e-13,5.6955853118218755e-05,2.688682173885347e-20,False
1,CG,1000084,30,1106,1136,82,2.421719551086426,0.39237895607948303,2634022912.0,3.923635700109488e-44,0.18415130213643452,6.051255588150809,121586450432,121586515968,121586581504,6.00717852955e-313,6.00718176746e-313,6.00718500537e-313,2751463424.0,3.923635700109488e-44,1327824896,28,0.029533165257151533,0.003961208794700899,beta,0.5946133968459721,0.3127409173821576,0.7866878809300597,1.314030938653151e-25,2.1617417901957237e-07,1.6668380757580319e-44,False
1,CG,1000095,12,354,366,34,1.1876696348190308,0.20476002991199493,6.854354597738237e-22,0.0,0.20307635053744652,5.610489742128768,474950144,474950400,474950656,2.34656929e-315,2.346570556e-315,2.34657182e-315,6.855259326533217e-22,0.0,474951936,0,0.03493145984761855,0.00494766653791146,beta,0.6135427795947703,0.2713282195890999,0.7630356392744762,1.5280932567384e-11,0.013394041883175055,1.2787761130710739e-17,False
1,CG,1000096,19,1146,1165,81,1.3007349967956543,0.15613219141960144,2.5998080213848682e-39,0.0,0.1340301142146756,8.212358103318822,1855286,1855287,1855288,9.166346e-318,9.16635e-318,9.166355e-318,2.5998178304741185e-39,0.0,1855293,0,0.016058456750563634,0.001690554934120174,beta,0.5460720876304068,0.42514796564441715,0.8582757274884402,2.095702252812015e-21,3.8386662419708266e-13,2.9812469843908084e-52,False
1,CG,1000097,9,336,345,32,0.8663941621780396,0.16228707134723663,1.0155209970961949e-41,32.0,0.13217909854610363,4.7498149615733,4827858800541178959,4899916394579106895,4971973988617034831,1.5845632502878366e+29,1.0384593717086366e+34,6.80564733842972e+38,1.0155209970961949e-41,524288.0,7247,1241513984,0.027074817568063736,0.004478374434330025,beta,0.6093150101050618,0.39331047292654187,0.8303984704045713,9.589197313019659e-11,0.00010031322485301556,1.3638618752725083e-19,False
1,CG,1000098,18,1164,1182,83,1.2435907125473022,0.11851391196250916,3.923635700109488e-44,3456106496.0,0.1665571410341086,10.94983554857854,5714786452156448796,5715067927133159452,5715349402109870108,1.2721298866404437e+74,1.342803769231579e+74,1.4134776518227145e+74,3.923635700109488e-44,3573547008.0,28,1331036160,0.014983020633100027,0.0012180630080156263,beta,0.5047338706313869,0.3926143055389867,0.8572265877475064,8.608253397817133e-19,1.5424134727985448e-11,2.1109644623180726e-53,False
1,CG,1000099,13,376,389,37,1.3609849214553833,0.19816666841506958,0.0,6.860687699303096e-22,0.27999810703710454,7.332084728748005,2039949211780251648,2039950311291879424,2039951410803507200,2.5364603229668848e-172,2.5367761959834435e-172,2.5370920690000023e-172,0.0,6.861592428098076e-22,0,474964480,0.0367833762555509,0.0041140291103068,beta,0.5470706467266502,0.19912277690161942,0.8069698845936044,4.815367974032377e-10,0.10634206393488717,2.3598662176629973e-21,True
1,CG,1000100,17,1161,1178,83,1.1552475690841675,0.12544842064380646,0.0,2.59987668500962e-39,0.12930889724180825,9.16102744129598,7968603148124160,7968607443091456,7968611738058752,3.9370194268179264e-308,3.9370215488137174e-308,3.9370236708095083e-308,0.0,2.5998864940988704e-39,0,1855342,0.01391864541065262,0.001333767553270799,beta,0.5300670864796369,0.4401480999400662,0.8636523967197068,1.1092052372394492e-20,2.159983110074177e-14,3.3672468449974265e-54,False
1,CG,1000101,13,370,383,37,1.2664682865142822,0.1727249175310135,2.535301200456459e+30,1.0155209970961949e-41,0.2806264863720096,7.917904899156894,31127557373952,31127574151168,31127590928384,1.537908160456e-310,1.53790898936063e-310,1.53790981826523e-310,4.153837486827862e+34,1.0155209970961949e-41,2046820352,7247,0.03422887260849412,0.003593753774700508,beta,0.5622034529104907,0.19940732196030117,0.794967566773684,1.3904350004235899e-10,0.1054538137871038,9.790378806503863e-21,True
1,CG,1000102,30,1163,1193,82,1.983361005783081,0.25030434131622314,4261412864.0,3.923635700109488e-44,0.20435278631195258,8.244400833790634,121592807424,121592872960,121592938496,6.0074926067e-313,6.0074958446e-313,6.0074990825e-313,4462739456.0,3.923635700109488e-44,1334181888,28,0.02418732933881806,0.002497927598414547,beta,0.5501683525989463,0.30981890608141194,0.8072023597628567,5.526992243092574e-22,2.9131969394445697e-07,7.816524479300001e-47,False
1,CG,1000111,12,339,351,34,1.2297979593276978,0.17142805457115173,6.866891553897244e-22,0.0,0.29162735709009896,7.770941023234623,474974976,474975232,474975488,2.346691977e-315,2.34669324e-315,2.346694507e-315,6.867796282692224e-22,0.0,474976768,0,0.036170528215520525,0.003846836751027263,beta,0.5460133794698441,0.18932850901004863,0.8304418449439936,3.1378300665568187e-09,0.17464506560125578,8.605016960992248e-21,True
1,CG,1000112,1,139,140,15,0.1111111119389534,0.012345679104328156,2.5999439473359077e-39,0.0,1.0,1.0,1855383,1855384,1855385,9.166825e-318,9.16683e-318,9.166835e-318,2.599953756425158e-39,0.0,1855390,0,0.0074074074625968935,0.0008230452731838652,normal,0.5149710356690931,0.9131907548732645,0.9131907548732645,0.0007012067021655037,2.7293474734548697e-11,2.7293474734548697e-11,False
1,CG,1000131,13,317,330,33,1.3483388423919678,0.200788214802742,1.0155209970961949e-41,-6.938893903907228e-18,0.3108254250183443,7.296490112527773,11817445422220188751,11889503016258116687,11961560610296044623,-7.7451838297111e-121,-5.075883674639466e-116,-3.326531125011721e-111,1.0155209970961949e-41,-1.1368683772161603e-13,7247,2868903936,0.0408587527997566,0.004553024104723082,beta,0.5233601088203591,0.16871852005978594,0.8017957361325135,2.8180492583423036e-08,0.30447172117773963,7.481410799408139e-19,True
1,CG,1000132,18,1347,1365,85,1.1658735275268555,0.14359888434410095,3.923635700109488e-44,5872025600.0,0.10842717502016688,7.796641135660633,5742089524897382428,5742370999874093084,5742652474850803740,8.593944123082106e+75,9.046256971665373e+75,9.498569820248639e+75,3.923635700109488e-44,6106906624.0,28,1337393152,0.01371615914737477,0.0015191378273194211,beta,0.5448389718430906,0.4703614489808738,0.8728343783747974,2.4244467057832916e-22,9.265631383692171e-17,1.1333043122980064e-56,False
1,CG,1000134,11,300,311,31,1.2387425899505615,0.17574076354503632,0.0,6.873224655462103e-22,0.32433128490793445,7.792181309163151,2040055864408145920,2040056963919773696,2040058063431401472,2.567100005573085e-172,2.5674158785896438e-172,2.5677317516062025e-172,0.0,6.874129384257083e-22,0,474989312,0.039959438385501984,0.00420804351154699,beta,0.5294159132850971,0.16475541637065982,0.8265654648956358,5.6768298485262686e-08,0.3692658958524397,8.030244264138078e-19,True
1,CG,1000135,38,1372,1410,87,2.6146554946899414,0.3681078851222992,0.0,2.6000126109606597e-39,0.2301694653141129,7.428485192248127,7969019759951872,7969024054919168,7969028349886464,3.93722526040965e-308,3.937227382405441e-308,3.937229504401232e-308,0.0,2.60002242004991e-39,0,1855439,0.030053511433217717,0.00336660821300825,beta,0.5656566144888204,0.26156970999063944,0.7956985786118503,1.3242693227660582e-24,1.3515019795132659e-05,2.862020864868728e-48,False
1,CG,1000137,16,295,311,31,1.587276577949524,0.2736029326915741,-549755813888.0,1.0155209970961949e-41,0.33679471780713804,6.24090975856629,31129184763904,31129201541120,31129218318336,1.5379885642028e-310,1.5379893931074e-310,1.537990222012e-310,-9007199254740992.0,1.0155209970961949e-41,3674210304,7247,0.051202470256436254,0.006411015030679189,beta,0.5293033627941328,0.12644285365385388,0.7406730958893555,5.7189248982313264e-08,0.7045597004595076,3.3835728487996035e-15,True
1,CG,1000138,25,1400,1425,89,1.6571869850158691,0.24327881634235382,7482638336.0,3.923635700109488e-44,0.12233594460842977,6.447773022332309,121599164416,121599229952,121599295488,6.0078066838e-313,6.00780992173e-313,6.00781315964e-313,7717519360.0,3.923635700109488e-44,1340538880,28,0.018620078483324372,0.0024138848252251667,beta,0.5565136018391247,0.43894143075786596,0.8444653821558441,2.287076043301303e-24,2.5516453855068203e-15,1.4913028887019736e-55,False
1,CG,1000139,4,266,270,26,0.36993464827537537,0.03580588847398758,6.879428510056251e-22,0.0,0.14912095966996117,10.331500332480228,474999808,475000064,475000320,2.346814664e-315,2.34681593e-315,2.346817193e-315,6.8803332388512305e-22,0.0,475001600,0,0.014228255702899052,0.0012216945481985405,beta,0.5259236429520147,0.41135102382564137,0.8784313725490196,1.1339220583123506e-06,0.0003017971698723201,7.495566316790348e-18,False
1,CG,1000140,35,1392,1427,89,2.136512279510498,0.25401943922042847,2.6000798732869473e-39,0.0,0.2201353273219803,8.949970699938968,1855480,1855481,1855482,9.167304e-318,9.16731e-318,9.167314e-318,2.6000896823761975e-39,0.0,1855487,0,0.02400575594955616,0.0023037596233553355,beta,0.5053380821039478,0.30530953806876243,0.8327014888093478,3.631327538409566e-20,1.245038101611987e-07,4.997847088536542e-54,False
1,CG,1000154,7,288,295,31,0.7602564096450806,0.10889555513858795,1.0156611269426274e-41,1.504632769052528e-36,0.17049767353705783,6.781667165318099,360287970189646928,432345564227574864,504403158265502800,3.785766995739772e-270,2.481040258328017e-265,1.625974543697849e-260,1.0156611269426274e-41,2.465190328815662e-32,7248,201326592,0.024524400311131633,0.0030083574203116107,beta,0.6024591738974788,0.33934948291236366,0.8282230280838208,3.3725213013850346e-10,0.0015858206328326406,6.774422505215748e-19,False
1,CG,1000155,21,1292,1313,85,1.4579567909240723,0.20002129673957825,3.923635700109488e-44,9663676416.0,0.12163324028037228,6.969678030528114,5769392597638316060,5769674072615026716,5769955547591737372,5.789604461865839e+77,6.079084684959129e+77,6.36856490805242e+77,3.923635700109488e-44,10133438464.0,28,1343750144,0.01715243283440085,0.002083497509616601,beta,0.5868376906307389,0.4314776719596936,0.8342883842987759,7.508373194877831e-26,3.5963938839293026e-14,8.176495422497924e-52,False
1,CG,1000160,14,264,278,29,1.5622767210006714,0.3716970682144165,0.0,6.88576161162111e-22,0.21351383371187943,3.7498692817188233,2040162517036040192,2040163616547667968,2040164716059295744,2.607847624709166e-172,2.608479370742283e-172,2.609111116775401e-172,0.0,6.88666634041609e-22,0,475014144,0.05387161106898867,0.010269096582804765,beta,0.6238811542884491,0.22294038297563804,0.7072618367030414,3.138647012353141e-10,0.11194268200182184,5.023031628093043e-13,True
1,CG,1000161,19,1312,1331,86,1.0585380792617798,0.11980185657739639,0.0,2.6001485369116992e-39,0.10681447526697554,8.57123410222606,7969436371779584,7969440666746880,7969444961714176,3.9374310940013737e-308,3.9374332159971646e-308,3.9374353379929556e-308,0.0,2.6001583460009494e-39,0,1855536,0.012308582316997439,0.001256150041095605,beta,0.5423023266845558,0.47426245183369664,0.8591589448078734,2.1516334539500144e-22,3.1582420759906464e-17,1.4518279170798128e-55,False
1,CG,1000178,8,215,223,24,0.8900544047355652,0.16387297213077545,1.1920928955078125e-07,1.0156611269426274e-41,0.19567174457340217,5.080547152581394,31130812153856,31130828931072,31130845708288,1.53806896794956e-310,1.53806979685416e-310,1.53807062575877e-310,0.001953125,1.0156611269426274e-41,1006632960,7248,0.037085600197315216,0.005689772622734473,beta,0.6088326443646482,0.27857410693168877,0.7965092654968293,3.748376676517085e-08,0.04822699137091428,1.1903613403825732e-13,False
1,CG,1000179,3,1271,1274,85,0.26309525966644287,0.025171486660838127,12884901888.0,3.923635700109488e-44,1.0,1.0,121605521408,121605586944,121605652480,6.00812076096e-313,6.00812399886e-313,6.00812723677e-313,13354663936.0,3.923635700109488e-44,1346895872,28,0.0030952383490169748,0.0002899660014723092,normal,0.3039414514501586,0.9445453295963071,0.9445453295963071,3.02397994660411e-07,2.7062496287698926e-66,2.7062496287698926e-66,False
1,CG,1000191,9,230,239,25,1.0694444179534912,0.27719905972480774,6.891965466215257e-22,0.0,0.13885829988789963,3.107179959716593,475024640,475024896,475025152,2.34693735e-315,2.346938615e-315,2.34693988e-315,6.892870195010237e-22,0.0,475026432,0,0.04277777671813965,0.009643775216713854,beta,0.687072644569444,0.33455138745701607,0.7799338123003331,1.1224986800346842e-10,0.007423650118445256,1.2360438194246112e-13,False
1,CG,1000192,11,1153,1164,80,0.7644173502922058,0.08456867933273315,2.6002157992379868e-39,0.0,1.0,1.0,1855577,1855578,1855579,9.167783e-318,9.16779e-318,9.167793e-318,2.600225608327237e-39,0.0,1855584,0,0.009555216878652573,0.0009780317185428633,normal,0.5227968082593353,0.8798765192300314,0.8798765192300314,2.0372961484011517e-19,3.201155849196268e-54,3.201155849196268e-54,False
1,CG,1000194,7,215,222,23,0.807539701461792,0.18932271003723145,1.0156611269426274e-41,3.777893186295716e+22,0.12745508009612205,3.50266593674593,7349874591868656720,7421932185906584656,7493989779944512592,5.980082166339388e+197,3.919106648532181e+202,2.5684257331820503e+207,1.0156611269426274e-41,6.189700196426902e+26,7248,1828716544,0.03511042180268661,0.007316802295295105,beta,0.6496515920812922,0.37746153196899546,0.8157442449427998,7.405642629886227e-09,0.00284895107677195,1.0167125420355195e-13,False
1,CG,1000195,13,1110,1123,78,0.9578571319580078,0.13457761704921722,3.923635700109488e-44,16173236224.0,0.08110660569520216,6.523547713987947,5796695670379249692,5796977145355960348,5797258620332671004,3.8906141983738426e+79,4.0758815411535485e+79,4.2611488839332544e+79,3.923635700109488e-44,16642998272.0,28,1350107136,0.01228021964048728,0.0015949989751242297,beta,0.5900311931383881,0.5080442332559054,0.8773138857190135,5.185401262097588e-24,6.518757270569274e-18,1.4298163085893748e-52,False
1,CG,1000198,6,188,194,19,0.6638889312744141,0.1072608008980751,0.0,6.898298567780117e-22,0.21734977207632694,6.003036613222888,2040269169663934464,2040270269175562240,2040271368687190016,2.669126989921566e-172,2.6697587359546837e-172,2.670390481987801e-172,0.0,6.899203296575096e-22,0,475038976,0.034941522698653374,0.004670195040920302,beta,0.5830458680451611,0.26197340799366664,0.8085517107520068,4.907886186680423e-06,0.14731302818051722,3.250666925106703e-11,True
1,CG,1000199,4,1088,1092,78,0.17804965376853943,0.011810810305178165,0.0,2.6002844628627387e-39,1.0,1.0,7969852983607296,7969857278574592,7969861573541888,3.9376369275930973e-308,3.9376390495888883e-308,3.937641171584679e-308,0.0,2.600294271951989e-39,0,1855633,0.0022826878688274287,0.0001481088119541792,normal,0.1313484230511408,0.9417655056802018,0.9417655056802018,0.1355330105934367,1.6296723799243397e-60,1.6296723799243397e-60,True
1,CG,1000200,1,183,184,18,0.06666667014360428,0.004444445017725229,-2.5849394142282115e-26,1.0156611269426274e-41,1.0,1.0,31132439543808,31132456321024,31132473098240,1.5381493716963e-310,1.53815020060093e-310,1.53815102950554e-310,-4.235164736271502e-22,1.0156611269426274e-41,2634022912,7248,0.0037037038968669046,0.00024691361245430713,normal,0.2589917398806827,0.9242955000876752,0.9242955000876752,0.17864953768954753,8.791104070617497e-14,8.791104070617497e-14,True
1,CG,1000201,13,1026,1039,76,0.9453315138816833,0.11455683410167694,21609054208.0,3.923635700109488e-44,0.09903725573214152,7.863070560536855,121611878400,121611943936,121612009472,6.0084348381e-313,6.008438076e-313,6.0084413139e-313,22548578304.0,3.923635700109488e-44,1353252864,28,0.012438572551074781,0.0013706434597525634,beta,0.5608383505425472,0.4824289118567877,0.8614660205850869,3.446662965815126e-21,8.657146018346162e-16,2.048307074415307e-49,False
1,CG,1000211,4,181,185,19,0.4444444477558136,0.07407407462596893,6.904502422374264e-22,0.0,0.12766251579064558,5.329909993597369,475049472,475049728,475049984,2.347060036e-315,2.3470613e-315,2.347062566e-315,6.905407151169244e-22,0.0,475051264,0,0.023391813039779663,0.0035376507331942677,beta,0.6462284709306447,0.3961044833686912,0.8257997936016511,2.565147133963556e-07,0.0051487269821072126,1.1136710795927251e-11,False
1,CG,1000212,17,940,957,74,1.4038605690002441,0.22601839900016785,2.6003517251890263e-39,0.0,0.11029818589594774,5.703716351254794,1855674,1855675,1855676,9.168263e-318,9.168267e-318,9.16827e-318,2.6003615342782765e-39,0.0,1855681,0,0.01897108877027357,0.002731310075679143,beta,0.6224722814755547,0.4396823968684072,0.8312557428858537,2.489188632600306e-25,7.503001138645702e-13,7.717821023439075e-45,False
1,CG,1000215,5,163,168,17,0.5492424368858337,0.08561785519123077,1.0156611269426274e-41,-8192.0,0.20580950888509075,6.164349488449997,14339461213547666512,14411518807585594448,14483576401623522384,-2.92300327466651e+48,-1.915619426085444e+53,-1.2554203470793566e+58,1.0156611269426274e-41,-134217728.0,7248,3456106496,0.03230837864034316,0.004242045160936155,beta,0.6008530743974493,0.2765466203055549,0.8018573283740025,9.335530085223569e-06,0.14844875637837196,6.409890308446105e-10,True
1,CG,1000216,16,934,950,75,1.0418647527694702,0.13417944312095642,3.923635700109488e-44,28185722880.0,0.10374423826664057,7.364420750821609,5823998743120183324,5824280218096893980,5824561693073604636,2.608564186338271e+81,2.727135285717283e+81,2.8457063850962946e+81,3.923635700109488e-44,29125246976.0,28,1356464128,0.01389153003692627,0.0016176533461276293,beta,0.5822659121284466,0.4669897971662346,0.8598879778440917,1.6404660239467186e-22,1.2428633661905394e-14,1.3581608632925466e-48,False
1,CG,1000227,2,135,137,14,0.25,0.0625,0.0,6.910835523939123e-22,0.052295918367346934,2.8762755102040813,2040375822291828736,2040376921803456512,2040378021315084288,2.7304063551339666e-172,2.731038101167084e-172,2.7316698472002017e-172,0.0,6.911740252734103e-22,0,475063808,0.017857142857142856,0.004464285714285714,beta,0.7367205961523464,0.5361610635535698,0.9084315783528024,5.023064478095249e-07,0.0006387636610850927,1.8442192166967784e-10,False
1,CG,1000228,10,852,862,70,0.8297008872032166,0.10021500289440155,0.0,2.6004203888137782e-39,0.09413159099486715,7.847539282531415,7970269595435008,7970273890402304,7970278185369600,3.937842761184821e-308,3.937844883180612e-308,3.937847005176403e-308,0.0,2.6004301979030285e-39,0,1855730,0.011852869817188808,0.0013098647288576199,beta,0.5569586543574772,0.4924898708037332,0.8655989896686459,2.75619739558808e-19,3.58029563736191e-15,5.559098362713715e-46,False
1,CG,1000232,3,151,154,16,0.32692307233810425,0.06841716170310974,-6.490371073168535e+32,1.0156611269426274e-41,0.07893140416635536,3.784064430387623,31134066933760,31134083710976,31134100488192,1.5382297754431e-310,1.5382306043477e-310,1.5382314332523e-310,-1.0633823966279327e+37,1.0156611269426274e-41,4261412864,7248,0.020432692021131516,0.004115816216761544,beta,0.6827779097219787,0.4849405472930341,0.8579755359187597,6.64125707025981e-07,0.0010784747326096171,1.177146704183463e-10,False
1,CG,1000233,4,818,822,68,0.32828283309936523,0.044408734887838364,34896609280.0,3.923635700109488e-44,1.0,1.0,121618235392,121618300928,121618366464,6.00874891523e-313,6.00875215314e-313,6.00875539105e-313,36775657472.0,3.923635700109488e-44,1359609856,28,0.004827688722049489,0.0006391625008483896,normal,0.4737333296330642,0.9357268554554513,0.9357268554554513,1.1109205491358905e-13,3.849896579440565e-52,3.849896579440565e-52,False
1,CG,1000238,4,141,145,15,0.3888888955116272,0.07716049253940582,6.917039378533271e-22,0.0,0.11072332793119453,4.160033533827182,475074304,475074560,475074816,2.347182723e-315,2.347183988e-315,2.34718525e-315,6.917944107328251e-22,0.0,475076096,0,0.02592592636744181,0.004791299119232544,beta,0.6964520145584787,0.40883896292637834,0.8465622835867986,9.581944765490877e-07,0.01328217935234256,9.197825622582362e-10,False
1,CG,1000239,19,712,731,62,1.2880250215530396,0.1336703896522522,2.6004876511400658e-39,0.0,0.22035499212392995,10.386589192244983,1855771,1855772,1855773,9.16874e-318,9.168747e-318,9.16875e-318,2.600497460229316e-39,0.0,1855778,0,0.020774597121823217,0.001752658831912461,beta,0.5186368888902099,0.3082030316115957,0.8450224840334238,6.539626039135066e-15,1.5333013676156836e-05,7.029770015729752e-39,False
1,CG,1000242,2,122,124,13,0.21590909361839294,0.023889463394880295,1.0158012567890599e-41,1.7763568394002505e-15,0.1437127149764235,8.509305383444007,2882303761517124689,2954361355555052625,3026418949592980561,1.4287342391051434e-101,9.363352709399468e-97,6.136366831632035e-92,1.0158012567890599e-41,2.9103830456733704e-11,7249,788529152,0.016608391816799458,0.0016919633809379991,beta,0.5662258645056106,0.40314198599728013,0.8588235294117648,0.0004795042549454011,0.029232741173200814,9.38759180046226e-09,False
1,CG,1000243,12,688,700,60,0.9645354747772217,0.0928807407617569,3.923635700109488e-44,48049946624.0,0.17780999278005902,10.88305800615763,5851301815861116956,5851583290837827612,5851864765814538268,1.745366582859061e+83,1.8212520864616286e+83,1.897137590064196e+83,3.923635700109488e-44,49928994816.0,28,1362821120,0.01607559124628703,0.0013114451309609303,beta,0.5148260349456263,0.3725922372021868,0.8501163021946412,3.076636428380601e-14,1.1644464276835576e-07,4.33904137979373e-38,False
1,CG,1000244,4,138,142,15,0.38383838534355164,0.05366799607872963,0.0,6.92337248009813e-22,0.17814111919820497,6.783426274801268,2040482474919723008,2040483574431350784,2040484673942978560,2.791685720346367e-172,2.7923174663794846e-172,2.792949212412602e-172,0.0,6.92427720889311e-22,0,475088640,0.02558922568957011,0.0031318477862752364,beta,0.601839580784185,0.32666750019380686,0.8139493889652228,3.818074414584072e-05,0.08140895927309134,4.669279530246654e-09,True
1,CG,1000245,12,657,669,57,1.066098690032959,0.13290424644947052,0.0,2.6005563147648177e-39,0.15146983171446343,7.947011564466127,7970686207262720,7970690502230016,7970694797197312,3.9380485947765446e-308,3.9380507167723355e-308,3.9380528387681265e-308,0.0,2.600566123854068e-39,0,1855827,0.01870348579005191,0.0020172229419579664,beta,0.5678564240099624,0.3872743911515253,0.8290407492554087,2.1683445223497737e-16,7.507797624772231e-08,1.8736043859822002e-34,False
1,CG,1000251,7,114,121,13,0.800000011920929,0.1837500035762787,140737488355328.0,1.0158012567890599e-41,0.2554961099374151,3.8963156146787647,31135694323712,31135711100928,31135727878144,1.53831017918986e-310,1.53831100809446e-310,1.53831183699907e-310,2.305843009213694e+18,1.0158012567890599e-41,1593835520,7249,0.06153846245545607,0.011209936073193183,beta,0.6008744145412656,0.16835853802908146,0.7049773755656108,0.0001675624512760877,0.8548458424617825,4.888263544167727e-06,True
1,CG,1000252,12,582,594,52,1.0475844144821167,0.14379937946796417,60934848512.0,3.923635700109488e-44,0.1451555266337659,7.060075174213666,121624592384,121624657920,121624723456,6.00906299236e-313,6.00906623027e-313,6.0090694682e-313,62813896704.0,3.923635700109488e-44,1365966848,28,0.02014585412465609,0.002405782287657729,beta,0.591391000215308,0.38803739311508245,0.8244012766740565,3.1937759313940254e-16,3.1634047881066106e-07,4.018821519367902e-31,False
1,CG,1000253,4,109,113,12,0.4583333134651184,0.07735339552164078,6.929576334692278e-22,0.0,0.21969496965259624,5.532319030594834,475099136,475099392,475099648,2.34730541e-315,2.347306674e-315,2.34730794e-315,6.930481063487258e-22,0.0,475100928,0,0.038194442788759865,0.005440691818392234,beta,0.6087767976800729,0.2453967145624812,0.7764874243468303,0.00027424920300866306,0.4651989756233059,1.0390142784065557e-06,True
1,CG,1000254,15,542,557,49,1.3069958686828613,0.1577131152153015,2.6006235770911053e-39,0.0,0.24389497985447026,8.89986308336928,1855868,1855869,1855870,9.16922e-318,9.169226e-318,9.16923e-318,2.6006333861803556e-39,0.0,1855875,0,0.026673385075160434,0.0025593981482974946,beta,0.547175331255079,0.25884316827313936,0.8224635202012202,3.616370007363186e-13,0.002814890753428357,3.2426248974227e-29,False
1,CG,1000257,2,101,103,11,0.2083333432674408,0.0225694440305233,1.0158012567890599e-41,-3.851859888774472e-34,0.1700168340376214,8.806871575097393,9871890383196134481,9943947977234062417,10016005571271990353,-6.983507489310786e-251,-4.576711468194717e-246,-2.99939362779609e-241,1.0158012567890599e-41,-6.310887241768095e-30,7249,2415919104,0.018939394842494617,0.0018623736583524273,beta,0.5567522300981388,0.36375794557938534,0.8588235294117648,0.0021847369939806747,0.1088210446401118,1.7941475896842615e-07,True
1,CG,1000258,6,526,532,48,0.6318181753158569,0.09902893006801605,3.923635700109488e-44,79456894976.0,0.07542585827421529,5.6547689012424955,5878604888602050588,5878886363578761244,5879167838555471900,1.1656013353354423e+85,1.2141680576410855e+85,1.2627347799467287e+85,3.923635700109488e-44,83214991360.0,28,1369178112,0.013162878652413687,0.001930050725445617,beta,0.6102899265190674,0.5141529728346659,0.8757122397746274,5.923600194656524e-16,1.9034506563622372e-11,2.1300920075565216e-32,False
1,CG,1000270,1,96,97,10,0.125,0.015625,0.0,6.935909436257137e-22,0.08625000000000001,6.813750000000001,2040589127547617280,2040590227059245056,2040591326570872832,2.8529650855587675e-172,2.853596831591885e-172,2.8542285776250026e-172,0.0,6.936814165052117e-22,0,475113472,0.0125,0.0015625,beta,0.5914133651851594,0.49733471396532425,0.8798765192300314,0.0018321810510854557,0.014211702521605621,3.7719384599445726e-07,False
1,CG,1000271,12,355,367,35,1.141937255859375,0.16232691705226898,0.0,2.6006922407158572e-39,0.2473171551753372,7.332872024853278,7971102819090432,7971107114057728,7971111409025024,3.938254428368268e-308,3.938256550364059e-308,3.93825867235985e-308,0.0,2.6007020498051075e-39,0,1855924,0.032626778738839284,0.0036785053785796423,beta,0.572554456320983,0.23463822580608887,0.8016806722689076,2.16343173855519e-10,0.04239524219856693,5.791643021605524e-20,False
1,CG,1000279,5,90,95,10,0.5492424368858337,0.09333391487598419,-3.0517578125e-05,1.0158012567890599e-41,0.35128120906744825,6.044459277759975,31137321713664,31137338490880,31137355268096,1.53839058293662e-310,1.53839141184123e-310,1.53839224074584e-310,-0.5,1.0158012567890599e-41,3221225472,7249,0.054924243688583375,0.007018576603150587,beta,0.4912695764195486,0.1695407241836061,0.7588235294117647,0.0160223722480748,0.9360536887415313,1.993336104979932e-05,True
1,CG,1000280,4,226,230,22,0.3650793731212616,0.06979088485240936,105226698752.0,3.923635700109488e-44,0.07263729786385137,4.304549337859733,121630949376,121631014912,121631080448,6.0093770695e-313,6.0093803074e-313,6.0093835453e-313,108984795136.0,3.923635700109488e-44,1372323840,28,0.016594516960057346,0.003034884238256261,beta,0.6818647397042125,0.5011885577253881,0.888962219860004,2.609279147324867e-09,3.169944082540763e-05,1.5852706162815802e-15,False
1,CG,1000283,8,76,84,9,0.883838415145874,0.14741799235343933,6.942113290851285e-22,0.0,1.0495098804832084,9.63749892393713,475123968,475124224,475124480,2.347428095e-315,2.34742936e-315,2.347430625e-315,6.943018019646265e-22,0.0,475125760,0,0.09820426834954156,0.00757766093185255,beta,0.27148874896839725,0.20748634509881025,0.740068316669345,0.5207952924214274,0.8332225634641155,0.00010458892834262372,True
1,CG,1000284,13,198,211,21,1.2416666746139526,0.33423611521720886,2.6007595030421448e-39,0.0,0.19309991273140686,3.0727509394067622,1855965,1855966,1855967,9.1697e-318,9.169705e-318,9.16971e-318,2.600769312131395e-39,0.0,1855972,0,0.05912698450542632,0.013041005449320273,beta,0.6245292345859734,0.24313779295114335,0.7184748904936458,1.536794429477847e-07,0.1669089772272816,7.677846031445188e-10,True
1,CG,1000285,6,69,75,8,0.6770201921463013,0.10873513668775558,1.0158012567890599e-41,-9.671406556917033e+24,0.8074717444864055,8.734007270212336,16861477004875144273,16933534598913072209,17005592192951000145,-1.103130452622173e+217,-7.229475734304673e+221,-4.737909217233911e+226,1.0158012567890599e-41,-1.5845632502852868e+29,7249,4043309056,0.08462752401828766,0.007348656302289821,beta,0.3004467019195907,0.24203358630349336,0.7399297974294838,0.46563587397500766,0.736737642240243,0.0003137887712560233,True
1,CG,1000286,1,200,201,21,0.125,0.015625,3.923635700109488e-44,131533373440.0,1.0,1.0,5905907961342984220,5906189436319694876,5906470911296405532,7.770675568902947e+86,8.081502591659064e+86,8.39232961441518e+86,3.923635700109488e-44,135291469824.0,28,1375535104,0.005952380952380952,0.000744047619047619,normal,0.5056739790581213,0.9322274609551117,0.9322274609551117,4.3336640082505824e-05,2.813673801743307e-16,2.813673801743307e-16,False
1,CG,1000295,5,57,62,7,0.5833333134651184,0.09953703731298447,0.0,6.948446392416144e-22,0.6666665679061654,7.333332519446166,2040695780175511552,2040696879687139328,2040697979198767104,2.914244450771168e-172,2.9148761968042855e-172,2.915507942837403e-172,0.0,6.949351121211124e-22,0,475138304,0.08333333049501691,0.008487654918873742,beta,0.35281171247782006,0.26212662335001846,0.739751701263948,0.3482286073768659,0.7219908479176893,0.000941431533786984,True
1,CG,1000296,1,175,176,18,0.10000000149011612,0.010000000707805157,0.0,2.6008281666668967e-39,1.0,1.0,7971519430918144,7971523725885440,7971528020852736,3.938460261959992e-308,3.938462383955783e-308,3.938464505951574e-308,0.0,2.600837975756147e-39,0,1856021,0.005555555638339784,0.0005555555962172209,normal,0.44579513591078185,0.9242955000876752,0.9242955000876752,0.0015628382259374213,8.791104070617497e-14,8.791104070617497e-14,False
1,CG,1000301,2,24,26,3,0.22499999403953552,0.02562500163912773,6.617444900424222e-24,1.0159413866354924e-41,1.1142853115084606,13.742852568850756,31138949103616,31138965880832,31138982658048,1.5384709866834e-310,1.538471815588e-310,1.5384726444926e-310,1.0842021724855044e-19,1.0159413866354924e-41,553648128,7250,0.07499999801317851,0.004375001266598696,normal,0.2684341685464158,0.39626965687706517,0.8588235294117648,0.9820879975289363,0.7338072480210032,0.023937197194770898,True
1,CG,1000302,6,144,150,15,0.6059634685516357,0.10398273169994354,177167400960.0,3.923635700109488e-44,0.23537095019780735,5.590993898834774,121637306368,121637371904,121637437440,6.00969114664e-313,6.00969438454e-313,6.00969762245e-313,184683593728.0,3.923635700109488e-44,1378680832,28,0.04039756457010905,0.005678805953714399,beta,0.5974574063806263,0.2257156040372437,0.7604847847851643,4.470105778136885e-05,0.4293309592350519,5.83406893713698e-08,True
1,CG,1000316,0,24,24,3,0.0,0.0,6.954650247010292e-22,0.0,1.0,1.0,475148800,475149056,475149312,2.34755078e-315,2.347552047e-315,2.34755331e-315,6.955554975805271e-22,0.0,475150592,0,0.0,0.0,normal,0.7096516359580733,0.9798192261597299,0.9798192261597299,0.09743194470582563,0.006300494564168602,0.006300494564168602,True
1,CG,1000317,0,118,118,12,0.0,0.0,2.6008954289931843e-39,0.0,1.0,1.0,1856062,1856063,1856064,9.17018e-318,9.170184e-318,9.17019e-318,2.6009052380824346e-39,0.0,1856069,0,0.0,0.0,normal,0.7096516359580733,0.9798192261597299,0.9798192261597299,1.1269805531530815e-05,1.969738765568224e-10,1.969738765568224e-10,False
1,CG,1000326,1,15,16,2,0.125,0.015625,1.0159413866354924e-41,2097152.0,0.40625,6.09375,5404319552844602450,5476377146882530386,5548434740920458322,5.391989333438808e+67,3.533694129562457e+72,2.315841784750052e+77,1.0159413866354924e-41,34359738368.0,7250,1375731712,0.0625,0.0078125,beta,0.4023868809229357,0.31996373790801536,0.8588235294117648,0.902412485170837,0.9866117978919798,0.10463182742239907,True
1,CG,1000327,1,105,106,11,0.1111111119389534,0.012345679104328156,3.923635700109488e-44,229780750336.0,0.07988980781796659,7.829201107233406,5933211034083917852,5933492509060628508,5933773984037339164,5.172161658661801e+88,5.3710909532257155e+88,5.57002024778963e+88,3.923635700109488e-44,237296943104.0,28,1381892096,0.010101010176268492,0.001122334463193628,beta,0.5515963230749285,0.5195510789162994,0.888962219860004,0.0024774142566066555,0.005271786618852378,5.630755928437303e-08,False
1,CG,1000328,1,23,24,3,0.125,0.015625,0.0,6.960983348575151e-22,0.2777777777777777,6.3888888888888875,2040802432803405824,2040803532315033600,2040804631826661376,2.9755238159835684e-172,2.976155562016686e-172,2.9767873080498035e-172,0.0,6.961888077370131e-22,0,475163136,0.041666666666666664,0.005208333333333334,beta,0.5297087273305674,0.2216445071567722,0.8588235294117648,0.36904923397716094,0.998488470830897,0.023937197194770898,True
1,CG,1000329,3,83,86,9,0.34090909361839294,0.0707644671201706,0.0,2.6009640926179362e-39,0.1530182671460866,3.8866639534060896,7971936042745856,7971940337713152,7971944632680448,3.9386660955517155e-308,3.9386682175475064e-308,3.9386703395432974e-308,0.0,2.6009739017071865e-39,0,1856118,0.03787878817982144,0.007231405471803071,beta,0.6479614222574464,0.3293570494654984,0.7878551787834903,0.001044491719419708,0.2830069787273973,2.8100114449766635e-05,True
1,CG,1000335,0,16,16,2,0.0,0.0,1.661534994731145e+35,1.0159413866354924e-41,1.0,1.0,31140576493568,31140593270784,31140610048000,1.53855139043016e-310,1.53855221933476e-310,1.53855304823937e-310,-2.350988701644575e-38,1.0159413866354924e-41,2181038080,7250,0.0,0.0,normal,0.7096516359580733,0.9798192261597299,0.9798192261597299,0.26616173902579815,0.04297891607573082,0.04297891607573082,True
1,CG,1000336,0,80,80,9,0.0,0.0,287762808832.0,3.923635700109488e-44,1.0,1.0,121643663360,121643728896,121643794432,6.01000522377e-313,6.0100084617e-313,6.0100116996e-313,302795194368.0,3.923635700109488e-44,1385037824,28,0.0,0.0,normal,0.7096516359580733,0.9798192261597299,0.9798192261597299,0.00023131021669154194,6.252647895896507e-08,6.252647895896507e-08,False
1,CG,1000344,0,24,24,3,0.0,0.0,6.967187203169298e-22,0.0,1.0,1.0,475173632,475173888,475174144,2.34767347e-315,2.347674733e-315,2.347676e-315,6.968091931964278e-22,0.0,475175424,0,0.0,0.0,normal,0.7096516359580733,0.9798192261597299,0.9798192261597299,0.09743194470582563,0.006300494564168602,0.006300494564168602,True
1,CG,1000345,2,81,83,9,0.22499999403953552,0.02562500163912773,2.6010313549442238e-39,0.0,0.21874996430447904,8.531248839670493,1856159,1856160,1856161,9.17066e-318,9.170664e-318,9.17067e-318,2.601041164033474e-39,0.0,1856166,0,0.02499999933772617,0.002500000242143869,beta,0.5625373952630673,0.28688781728587576,0.8588459775604798,0.0067182831777268135,0.44926523834500753,3.4265787055111608e-06,True
1,CG,1000350,1,15,16,2,0.125,0.015625,1.0159413866354924e-41,-4.547473508864641e-13,0.40625,6.09375,12393906174523612242,12465963768561540178,12538021362599468114,-2.6355494858118736e-82,-1.7272337110216695e-77,-1.1319598848551613e-72,1.0159413866354924e-41,-7.450580596923828e-09,7250,3003121664,0.0625,0.0078125,beta,0.4023868809229357,0.31996373790801536,0.8588235294117648,0.902412485170837,0.9866117978919798,0.10463182742239907,True
1,CG,1000351,2,71,73,8,0.22499999403953552,0.02562500163912773,3.923635700109488e-44,392989507584.0,0.250747996617706,8.664736563747082,5960514106824851484,5960795581801562140,5961077056778272796,3.437498210064458e+90,3.5648129585853633e+90,3.6921277071062687e+90,3.923635700109488e-44,408021893120.0,28,1388249088,0.02812499925494194,0.002756696710629122,beta,0.5514277661107674,0.246861489917847,0.8588235294117648,0.015421161681422189,0.7141801689496221,1.4990430993717527e-05,True
1,CG,1000357,0,16,16,2,0.0,0.0,0.0,6.973520304734158e-22,1.0,1.0,2040909085431300096,2040910184942927872,2040911284454555648,3.036803181195969e-172,3.0374349272290864e-172,3.038066673262204e-172,0.0,6.974425033529137e-22,0,475187968,0.0,0.0,normal,0.7096516359580733,0.9798192261597299,0.9798192261597299,0.26616173902579815,0.04297891607573082,0.04297891607573082,True
1,CG,1000358,1,73,74,8,0.125,0.015625,0.0,2.6011000185689757e-39,0.107421875,6.767578125,7972352654573568,7972356949540864,7972361244508160,3.938871929143439e-308,3.93887405113923e-308,3.938876173135021e-308,0.0,2.601109827658226e-39,0,1856215,0.015625,0.001953125,beta,0.6017348448973623,0.45326491771466154,0.8588235294117648,0.006095466232188767,0.07471380993027356,1.4990430993717527e-05,True
1,CG,1000359,1,15,16,2,0.125,0.015625,-3.602879701896397e+16,1.0159413866354924e-41,0.40625,6.09375,31142203883520,31142220660736,31142237437952,1.53863179417693e-310,1.53863262308153e-310,1.53863345198614e-310,-5.902958103587057e+20,1.0159413866354924e-41,3808428032,7250,0.0625,0.0078125,beta,0.4023868809229357,0.31996373790801536,0.8588235294117648,0.902412485170837,0.9866117978919798,0.10463182742239907,True
1,CG,1000360,0,80,80,9,0.0,0.0,496068722688.0,3.923635700109488e-44,1.0,1.0,121650020352,121650085888,121650151424,6.0103193009e-313,6.0103225388e-313,6.0103257767e-313,511101108224.0,3.923635700109488e-44,1391394816,28,0.0,0.0,normal,0.7096516359580733,0.9798192261597299,0.9798192261597299,0.00023131021669154194,6.252647895896507e-08,6.252647895896507e-08,False
1,CG,1000362,2,14,16,2,0.25,0.0625,6.979724159328305e-22,0.0,0.3125,2.1875,475198464,475198720,475198976,2.347796155e-315,2.34779742e-315,2.347798684e-315,6.980628888123285e-22,0.0,475200256,0,0.125,0.03125,beta,0.45265696592540616,0.3094794702852104,0.7372549019607844,0.8070903216035774,0.9908611384802603,0.2270686307322397,True
1,CG,1000363,4,67,71,8,0.4583333134651184,0.07735339552164078,2.6011672808952633e-39,0.0,0.36662673105192695,6.032676488347668,1856256,1856257,1856258,9.17114e-318,9.171143e-318,9.17115e-318,2.6011770899845136e-39,0.0,1856263,0,0.0572916641831398,0.007299245320378781,beta,0.5200219573932444,0.18234455155613327,0.7602226969623793,0.0264203560488692,0.9529696332535222,0.0001927976040350761,True
1,CG,1000373,2,96,98,11,0.1538461595773697,0.023668641224503517,1.0160815164819249e-41,9.860761315262648e-32,0.0756516188389322,5.333438926640395,936748722493070419,1008806316530998355,1080863910568926291,1.2882297539215008e-231,8.442542515299947e-227,5.532904662826974e-222,1.0160815164819249e-41,1.6155871338926322e-27,7251,335544320,0.013986014507033608,0.0021516946604803015,beta,0.6390098246504681,0.5060523462781807,0.888962219860004,0.00025096651065032393,0.007148802899562856,5.630755928437303e-08,False
1,CG,1000381,0,8,8,1,0.0,0.0,3.923635700109488e-44,652835028992.0,1.0,1.0,5987817179565785116,5988098654542495772,5988380129519206428,2.2814802934946325e+92,2.362961732548012e+92,2.4444431716013914e+92,3.923635700109488e-44,682899800064.0,28,1394606080,0.0,0.0,normal,0.7096516359580733,0.9798192261597299,0.9798192261597299,0.6951138054838573,0.29226356695974315,0.29226356695974315,True
1,CG,1000382,3,88,91,10,0.2538461685180664,0.0336686410009861,0.0,6.986057260893164e-22,0.18222690352212473,6.996408274859759,2041015738059194368,2041016837570822144,2041017937082449920,3.0980825464083693e-172,3.098714292441487e-172,3.0993460384746044e-172,0.0,6.986961989688144e-22,0,475212800,0.02538461685180664,0.0030249836970950936,beta,0.5989361204409532,0.32224520458470696,0.8392156862745098,0.0015317531540174425,0.25015799836220026,1.5265318180068475e-06,True
1,CG,1000385,0,8,8,1,0.0,0.0,0.0,2.6012359445200152e-39,1.0,1.0,7972769266401280,7972773561368576,7972777856335872,3.9390777627351627e-308,3.9390798847309537e-308,3.9390820067267447e-308,0.0,2.6012457536092655e-39,0,1856312,0.0,0.0,normal,0.7096516359580733,0.9798192261597299,0.9798192261597299,0.6951138054838573,0.29226356695974315,0.29226356695974315,True
1,CG,1000386,1,103,104,11,0.1111111119389534,0.012345679104328156,0.0078125,1.0160815164819249e-41,0.07988980781796659,7.829201107233406,31143831273472,31143848050688,31143864827904,1.5387121979237e-310,1.5387130268283e-310,1.5387138557329e-310,128.0,1.0160815164819249e-41,1140850688,7251,0.010101010176268492,0.001122334463193628,beta,0.5515963230749285,0.5195510789162994,0.888962219860004,0.0024774142566066555,0.005271786618852378,5.630755928437303e-08,False
1,CG,1000392,0,8,8,1,0.0,0.0,858993459200.0,3.923635700109488e-44,1.0,1.0,121656377344,121656442880,121656508416,6.01063337804e-313,6.01063661595e-313,6.01063985386e-313,889058230272.0,3.923635700109488e-44,1397751808,28,0.0,0.0,normal,0.7096516359580733,0.9798192261597299,0.9798192261597299,0.6951138054838573,0.29226356695974315,0.29226356695974315,True
1,CG,1000393,2,100,102,11,0.2361111044883728,0.027970679104328156,6.992261115487312e-22,0.0,0.17538673714930744,7.995572069819414,475223296,475223552,475223808,2.34791884e-315,2.347920106e-315,2.34792137e-315,6.993165844282292e-22,0.0,475225088,0,0.021464645862579346,0.0022902637862262766,beta,0.5835228407390409,0.3436649229768648,0.8595549085566134,0.001116196065831147,0.14873524251761153,1.7452201940495078e-07,True
1,CG,1000401,0,8,8,1,0.0,0.0,2.6013032068463028e-39,0.0,1.0,1.0,1856353,1856354,1856355,9.171617e-318,9.17162e-318,9.171627e-318,2.601313015935553e-39,0.0,1856360,0,0.0,0.0,normal,0.7096516359580733,0.9798192261597299,0.9798192261597299,0.6951138054838573,0.29226356695974315,0.29226356695974315,True
1,CG,1000402,4,100,104,11,0.42222222685813904,0.06938271969556808,1.0160815164819249e-41,2.4758800785707605e+27,0.22804497299470833,5.713126626634535,7926335344172080211,7998392938210008147,8070450532247936083,2.0349165139436615e+236,1.333602886578118e+241,8.739899877478354e+245,1.0160815164819249e-41,4.056481920730334e+31,7251,1962934272,0.03838383880528537,0.005317620979983664,beta,0.5854402358066843,0.2416389714510988,0.7875222816399287,0.0010624913981891206,0.5418243521244241,2.373695845016372e-06,True
1,CG,1000411,0,17,17,2,0.0,0.0,3.923635700109488e-44,1069446856704.0,1.0,1.0,6015120252306718748,6015401727283429404,6015683202260140060,1.5122955088307277e+94,1.5644436298248905e+94,1.6165917508190533e+94,3.923635700109488e-44,1099511627776.0,28,1400963072,0.0,0.0,normal,0.7096516359580733,0.9798192261597299,0.9798192261597299,0.26616173902579815,0.04297891607573082,0.04297891607573082,True
1,CG,1000412,5,104,109,12,0.5179293155670166,0.07102853059768677,0.0,6.998594217052171e-22,0.3596586827882754,7.973339785804599,2041122390687088640,2041123490198716416,2041124589710344192,3.15936191162077e-172,3.1599936576538873e-172,3.160625403687005e-172,0.0,6.999498945847151e-22,0,475237632,0.04316077629725138,0.004424936297337295,beta,0.5268620587160752,0.19438794154312178,0.7999999999999945,0.0025571551307203783,0.7549696249864999,4.2684161420872417e-07,True
1,CG,1000419,0,19,19,2,0.0,0.0,0.0,2.6013718704710547e-39,1.0,1.0,7973185878228992,7973190173196288,7973194468163584,3.9392835963268864e-308,3.9392857183226773e-308,3.9392878403184683e-308,0.0,2.601381679560305e-39,0,1856409,0.0,0.0,normal,0.7096516359580733,0.9798192261597299,0.9798192261597299,0.26616173902579815,0.04297891607573082,0.04297891607573082,True
1,CG,1000420,5,104,109,12,0.5583333373069763,0.08735339343547821,-1.6940658945086007e-21,1.0160815164819249e-41,0.32341208930533544,6.627534258235165,31145458663424,31145475440640,31145492217856,1.53879260167046e-310,1.53879343057507e-310,1.53879425947967e-310,-2.7755575615628914e-17,1.0160815164819249e-41,2768240640,7251,0.046527778108914696,0.005579580346040855,beta,0.5400109642152771,0.17962745748670228,0.7769389015011352,0.0018261652262609447,0.8335263349411118,1.0216718749579997e-06,True
1,CG,1000434,0,24,24,3,0.0,0.0,1451698946048.0,3.923635700109488e-44,1.0,1.0,121662734336,121662799872,121662865408,6.0109474552e-313,6.0109506931e-313,6.010953931e-313,1511828488192.0,3.923635700109488e-44,1404108800,28,0.0,0.0,normal,0.7096516359580733,0.9798192261597299,0.9798192261597299,0.09743194470582563,0.006300494564168602,0.006300494564168602,True
1,CG,1000435,1,118,119,13,0.125,0.015625,7.004798071646319e-22,0.0,1.0,1.0,475248128,475248384,475248640,2.348041527e-315,2.34804279e-315,2.348044057e-315,7.005702800441299e-22,0.0,475249920,0,0.009615384615384616,0.001201923076923077,normal,0.5699014985196569,0.9029402208291928,0.9029402208291928,0.00043016853343703985,1.2443159178581607e-09,1.2443159178581607e-09,False
1,CG,1000446,2,16,18,2,0.25,0.0625,2.6014391327973423e-39,0.0,0.3125,2.1875,1856450,1856451,1856452,9.172097e-318,9.1721e-318,9.172106e-318,2.6014489418865926e-39,0.0,1856457,0,0.125,0.03125,beta,0.45265696592540616,0.3094794702852104,0.7372549019607844,0.8070903216035774,0.9908611384802603,0.2270686307322397,True
1,CG,1000447,9,151,160,17,0.9469696283340454,0.11787381768226624,1.0160815164819249e-41,-536870912.0,0.6641808208652205,11.25919413950447,14915921965851090003,14987979559889017939,15060037153926945875,-9.946464728211747e+86,-6.51851512428085e+91,-4.271974071848698e+96,1.0160815164819249e-41,-8796093022208.0,7251,3590324224,0.05570409578435561,0.0040702331750419336,beta,0.41228854746506394,0.23103770629229847,0.8001755158340618,0.00618124466572422,0.32431254301310225,7.024815852647447e-10,True
1,CG,1000454,5,156,161,17,0.5381312966346741,0.08327218145132065,3.923635700109488e-44,1872605741056.0,0.2027266831321782,6.2015721093736325,6042423325047652380,6042704800024363036,6042986275001073692,1.0012439230879299e+96,1.0346187205241941e+96,1.0679935179604617e+96,3.923635700109488e-44,1932735283200.0,28,1407320064,0.031654782154980826,0.004139859530348292,beta,0.5981827347776351,0.2826005212541034,0.8018573283740025,1.0409198393945422e-05,0.1323260135915047,6.409890308446105e-10,True
1,CG,1000463,0,26,26,3,0.0,0.0,0.0,7.011131173211178e-22,1.0,1.0,2041229043314982912,2041230142826610688,2041231242338238464,3.22064127683317e-172,3.221273022866288e-172,3.2219047688994053e-172,0.0,7.012035902006158e-22,0,475262464,0.0,0.0,normal,0.7096516359580733,0.9798192261597299,0.9798192261597299,0.09743194470582563,0.006300494564168602,0.006300494564168602,True
1,CG,1000464,9,176,185,19,1.0,0.2534722089767456,0.0,2.6015077964220942e-39,0.18256588375214844,3.2861859075386723,7973602490056704,7973606785024000,7973611079991296,3.93948942991861e-308,3.939491551914401e-308,3.939493673910192e-308,0.0,2.6015176055113445e-39,0,1856506,0.05263157894736842,0.011157812779409844,beta,0.6378034686170237,0.26362110231117963,0.7168121026605233,3.869397373527827e-07,0.14254940863100268,6.62777119318872e-09,True
1,CG,1000481,0,63,63,7,0.0,0.0,-4.253529586511731e+37,1.0160815164819249e-41,1.0,1.0,31147086053376,31147102830592,31147119607808,1.53887300541723e-310,1.53887383432183e-310,1.53887466322644e-310,6.018531076210112e-36,1.0162216463283573e-41,100663296,7252,0.0,0.0,normal,0.7096516359580733,0.9798192261597299,0.9798192261597299,0.0017339919519705758,2.9096061116271736e-06,2.9096061116271736e-06,False
1,CG,1000482,7,256,263,26,0.6929292678833008,0.16095909476280212,2370821947392.0,3.923635700109488e-44,0.09464583947683336,3.456642784706523,121669091328,121669156864,121669222400,6.0112615323e-313,6.0112647702e-313,6.01126800813e-313,2491081031680.0,3.923635700109488e-44,1410465792,28,0.02665112568781926,0.005699669990067028,beta,0.6876719353667626,0.4428637390625757,0.8260612154986552,4.183563049189271e-11,7.443949047281386e-05,7.774878394830187e-16,False
1,CG,1000483,1,80,81,9,0.125,0.015625,7.017335027805326e-22,0.0,0.09567901234567901,6.7932098765432105,475272960,475273216,475273472,2.348164214e-315,2.34816548e-315,2.348166743e-315,7.018239756600306e-22,0.0,475274752,0,0.013888888888888888,0.001736111111111111,beta,0.5969849530100815,0.4773354897058869,0.8687717740156206,0.0032735133954845527,0.0331026344586511,2.5165744276386716e-06,False
1,CG,1000484,9,252,261,26,1.0250000953674316,0.2318750023841858,2.6015750587483818e-39,0.0,0.15550788484755884,3.7890819979340256,1856547,1856548,1856549,9.172576e-318,9.17258e-318,9.172586e-318,2.601584867837632e-39,0.0,1856554,0,0.039423080591055065,0.007658653640747057,beta,0.6437515970986233,0.32403568119521564,0.7831226300154754,8.752679959974212e-10,0.008507498940156934,2.8256083684410568e-14,False
1,CG,1000485,2,79,81,9,0.25,0.0625,1.0162216463283573e-41,1.1641532182693481e-10,0.08024691358024691,2.808641975308642,3458764513820548180,3530822107858476116,3602879701896404052,4.861730685836846e-63,3.186183822270035e-58,2.0880974297628902e-53,1.0162216463283573e-41,1.9073486328125e-06,7252,922746880,0.027777777777777776,0.006944444444444444,beta,0.7432555509639774,0.45734418588238446,0.8687717740156206,9.605674262121157e-05,0.04633711890191627,2.5165744276386716e-06,False
1,CG,1000486,10,247,257,25,1.0086441040039062,0.18721860647201538,3.923635700109488e-44,3212635537408.0,0.21552041655994686,5.12631461981261,6069726397788586012,6070007872765296668,6070289347742007324,6.6215598113548425e+97,6.835158514946955e+97,7.262355922131137e+97,3.923635700109488e-44,3332894621696.0,28,1413677056,0.04034576416015625,0.006105170388764236,beta,0.6268272404328954,0.24144944927384074,0.7412578811779935,5.875514026471895e-09,0.10840251738974761,2.3420016649015675e-12,True
1,CG,1000493,0,67,67,7,0.0,0.0,0.0,7.023668129370185e-22,1.0,1.0,2041335695942877184,2041336795454504960,2041337894966132736,3.2819206420455707e-172,3.282552388078688e-172,3.283184134111806e-172,0.0,7.024572858165165e-22,0,475287296,0.0,0.0,normal,0.7096516359580733,0.9798192261597299,0.9798192261597299,0.0017339919519705758,2.9096061116271736e-06,2.9096061116271736e-06,False
1,CG,1000494,13,287,300,30,1.288286805152893,0.26634591817855835,0.0,2.6016437223731337e-39,0.19959988374686516,4.448430732149495,7974019101884416,7974023396851712,7974027691819008,3.9396952635103336e-308,3.9396973855061246e-308,3.9396995075019155e-308,0.0,2.601653531462384e-39,0,1856603,0.04294289350509643,0.007276660520719198,beta,0.6103758035216094,0.26255087308959946,0.7588235294117647,3.9176062588231545e-10,0.031973924648212276,1.9800748522033427e-15,False
1,CG,1000516,2,160,162,17,0.25,0.0625,9.223372036854776e+18,1.0162216463283573e-41,0.043252595155709346,2.8979238754325265,31148713443328,31148730220544,31148746997760,1.538953409164e-310,1.5389542380686e-310,1.5389550669732e-310,1.5111572745182865e+23,1.0162216463283573e-41,1728053248,7252,0.014705882352941176,0.003676470588235294,beta,0.7257477638407822,0.5636671346177515,0.9210293985540251,3.339076113620714e-08,4.0697066939610214e-05,5.957900699822279e-13,False
1,CG,1000517,19,380,399,36,1.875818133354187,0.3134215772151947,4037269258240.0,3.923635700109488e-44,0.36552635690796165,6.649518766446745,121675448320,121675513856,121675579392,6.01157560945e-313,6.01157884736e-313,6.01158208527e-313,4157528342528.0,3.923635700109488e-44,1416822784,28,0.05210605925983853,0.006162288182798907,beta,0.49553943994911503,0.11207972367068397,0.7477124183006536,4.19358381139062e-08,0.7564252248496497,6.59532391248027e-18,True
1,CG,1000525,4,165,169,18,0.4722222089767456,0.11188271641731262,7.029871983964333e-22,0.0,0.08827807709777723,3.2766746031312883,475297792,475298048,475298304,2.3482869e-315,2.348288165e-315,2.34828943e-315,7.030776712759312e-22,0.0,475299584,0,0.026234567165374756,0.005852598303466503,beta,0.7312316338943606,0.4444240141039075,0.8687717740156206,8.734002408502192e-09,0.0016330429317572496,3.166573424922465e-12,False
1,CG,1000526,25,477,502,47,2.804004669189453,0.6832815408706665,2.6017109846994213e-39,0.0,0.23871275984175866,3.7625286916590515,1856644,1856645,1856646,9.173055e-318,9.17306e-318,9.173065e-318,2.6017207937886716e-39,0.0,1856651,0,0.05965967381254156,0.011217294281260441,beta,0.6091547127278232,0.18771880854438833,0.6933018131846512,1.4210470454493328e-15,0.07285339360266106,4.7688874987237774e-20,True
1,CG,1000528,4,176,180,19,0.4749999940395355,0.08812499791383743,1.0162216463283573e-41,-2.524354896707238e-29,0.1188524591396512,4.63524596610247,10448351135499557972,10520408729537485908,10592466323575413844,-2.3763644578727764e-212,-1.5573742111115027e-207,-1.0206407629940344e-202,1.0162216463283573e-41,-4.1359030627651384e-25,7252,2550136832,0.02499999968629134,0.004236111011770036,beta,0.6622095060786907,0.4048299612998295,0.8220149520602058,1.1588504168319969e-07,0.00394790533903297,1.4115058452910945e-11,False
1,CG,1000529,26,508,534,49,2.5617778301239014,0.5705245137214661,3.923635700109488e-44,5360119185408.0,0.2325161985823555,4.214900590087558,6097029470529519644,6097310945506230300,6097592420482940956,4.374501449566051e+99,4.647907790163928e+99,4.921314130761804e+99,3.923635700109488e-44,5600637353984.0,28,1420034048,0.05228118020661023,0.009095661361155404,beta,0.5683544874471391,0.21768027677688573,0.7389964674782439,3.57051480740168e-14,0.01924402618908344,1.1425447171769949e-23,False
1,CG,1000531,2,177,179,19,0.25,0.0625,0.0,7.036205085529192e-22,0.03878116343490304,2.908587257617728,2041442348570771456,2041443448082399232,2041444547594027008,3.343200007257971e-172,3.3438317532910887e-172,3.344463499324206e-172,0.0,7.037109814324172e-22,0,475312128,0.013157894736842105,0.0032894736842105266,beta,0.7174519850281439,0.5776415702304376,0.9272178014598886,6.400612483381869e-09,6.22893866481748e-06,1.2962689912889338e-14,False
1,CG,1000532,20,514,534,48,1.9011878967285156,0.28030145168304443,0.0,2.6017796483241733e-39,0.30582356282629114,7.415418004575803,7974435713712128,7974440008679424,7974444303646720,3.939901097102057e-308,3.939903219097848e-308,3.939905341093639e-308,0.0,2.6017894574134235e-39,0,1856700,0.03960808118184408,0.004361681853776213,beta,0.5401157680575993,0.17082108652686145,0.7617918441419257,1.3751518723829745e-12,0.12143916444616887,1.276108595517329e-24,True
1,CG,1000534,7,189,196,21,0.7769230604171753,0.17091716825962067,-2.0,1.0162216463283573e-41,0.14842325142873086,3.863413233807927,31150340833280,31150357610496,31150374387712,1.53903381291076e-310,1.53903464181537e-310,1.53903547071997e-310,-32768.0,1.0162216463283573e-41,3355443200,7252,0.03699633621034168,0.007108693075342962,beta,0.6777889318486385,0.329700962216459,0.7894521653412568,8.345345011619383e-09,0.02080902745429893,8.57036223305854e-12,False
1,CG,1000535,40,568,608,53,3.7281768321990967,0.7517674565315247,7009386627072.0,3.923635700109488e-44,0.41830947780421734,5.528404779991897,121681805312,121681870848,121681936384,6.0118896866e-313,6.0118929245e-313,6.0118961624e-313,7249904795648.0,3.923635700109488e-44,1423179776,28,0.07034295909809617,0.009413778194493728,beta,0.46028659605538946,0.12310961078320787,0.7054902355555336,3.530503716385836e-10,0.3979271176536142,2.4464995265301623e-23,True
1,CG,1000545,5,157,162,18,0.5631313323974609,0.12014718353748322,7.042408940123339e-22,0.0,0.12592128747012749,3.8990424182654446,475322624,475322880,475323136,2.348409587e-315,2.34841085e-315,2.348412116e-315,7.043313668918319e-22,0.0,475324416,0,0.031285074022081166,0.006031151654075027,beta,0.6855406179522099,0.375681209563108,0.813248047943566,8.980487116747538e-08,0.012428507870141575,9.135585245576497e-11,False
1,CG,1000546,20,595,615,53,1.6385324001312256,0.30169087648391724,2.601846910650461e-39,0.0,0.16094667578052577,5.045037542587513,1856741,1856742,1856743,9.173534e-318,9.17354e-318,9.173544e-318,2.601856719739711e-39,0.0,1856748,0,0.030915705662853312,0.004827586366969455,beta,0.613603293019243,0.33858491219121967,0.7878420357791234,9.297306428115569e-18,1.0557589715518814e-05,5.335790804465433e-29,False
1,CG,1000552,4,206,210,22,0.44999998807907104,0.10250000655651093,1.0162216463283573e-41,-6.338253001141147e+29,0.07179474115858901,3.4381704751325315,17437937757178567764,17509995351216495700,17582052945254423636,-3.753758414408395e+255,-2.4600631144666855e+260,-1.612226962696887e+265,1.0162216463283573e-41,-1.0384593717069655e+34,7252,4177526784,0.020454544912685047,0.004442641028078087,beta,0.7224958693781305,0.4899068339860582,0.888962219860004,2.1190878458176077e-10,5.1845838709531766e-05,1.5852706162815802e-15,False
1,CG,1000553,20,605,625,55,1.8418471813201904,0.32213398814201355,3.923635700109488e-44,8693013807104.0,0.19123707165754592,5.519355559391223,6124332543270453276,6124614018247163932,6124895493223874588,2.9746609857049136e+101,3.1496410436875546e+101,3.3246211016701955e+101,3.923635700109488e-44,9070970929152.0,28,1426391040,0.033488130569458006,0.004823221652684719,beta,0.6267209737316892,0.28608331569684176,0.7617624110403879,3.443726833476072e-19,0.0002461287446609204,3.798145754297786e-28,False
1,CG,1000558,4,178,182,19,0.3777777850627899,0.050123460590839386,0.0,7.0487420416881985e-22,0.14379228317335546,7.088113584027552,2041549001198665728,2041550100710293504,2041551200221921280,3.4044793724703716e-172,3.405111118503489e-172,3.4057428645366067e-172,0.0,7.049646770483178e-22,0,475336960,0.019883041319094207,0.0023673382933888914,beta,0.6042325907624568,0.38682966762343374,0.8257997936016511,1.886967109945324e-06,0.006784829295447307,1.1136710795927251e-11,False
1,CG,1000559,19,678,697,62,1.787781834602356,0.3511289656162262,0.0,2.6019155742752128e-39,0.13558631077605302,4.566526164813036,7974852325539840,7974856620507136,7974860915474432,3.940106930693781e-308,3.940109052689572e-308,3.940111174685363e-308,0.0,2.601925383364463e-39,0,1856797,0.028835190880683162,0.004911113691187694,beta,0.6595088912782029,0.3700256617092813,0.8025015203167166,7.546955075965346e-24,8.464433785155341e-08,4.1642986148081236e-35,False
1,CG,1000577,10,171,181,19,1.0908119678497314,0.22370265424251556,4.336808689942018e-19,1.0163617761747898e-41,0.2897662763926317,4.757445721393626,31151968223232,31151985000448,31152001777664,1.53911421665753e-310,1.53911504556213e-310,1.53911587446674e-310,7.105427357601002e-15,1.0163617761747898e-41,687865856,7253,0.05741115620261744,0.008948770998256118,beta,0.5838816305592646,0.1455109462755929,0.7403551750269053,4.729327029648018e-06,0.8159285601882147,1.7997237489525207e-09,True
1,CG,1000578,21,741,762,64,1.7850362062454224,0.4949013292789459,11888469475328.0,3.923635700109488e-44,0.07914182302007419,2.75837859004675,121688162304,121688227840,121688293376,6.0122037637e-313,6.01220700163e-313,6.01221023954e-313,12369505812480.0,3.923635700109488e-44,1429536768,28,0.027891190722584724,0.007065310222283108,beta,0.7148537404862819,0.4680531768317375,0.8392747945398414,7.830947257243191e-29,1.3267401581394111e-12,1.3952124133851735e-39,False
1,CG,1000581,19,183,202,21,1.9376373291015625,0.4649340808391571,7.054945896282346e-22,0.0,0.4478613113030587,4.4060333758544985,475347456,475347712,475347968,2.348532273e-315,2.34853354e-315,2.348534803e-315,7.055850625077326e-22,0.0,475349248,0,0.09226844424293154,0.014307564948796338,beta,0.5050119721168379,0.21196243008701549,0.660300082129784,4.457173328744186e-05,0.30200343828029663,2.2299687884585178e-08,True
1,CG,1000582,7,734,741,63,0.5700299739837646,0.11804106831550598,2.6019828366015004e-39,0.0,1.0,1.0,1856838,1856839,1856840,9.174013e-318,9.17402e-318,9.174023e-318,2.6019926456907506e-39,0.0,1856845,0,0.009048094825139122,0.0018206997267375693,normal,0.6262172935669883,0.916363539220239,0.916363539220239,6.954290327114467e-22,2.241336457452068e-46,2.241336457452068e-46,False
1,CG,1000592,13,200,213,22,1.3691918849945068,0.26545214653015137,1.0163617761747898e-41,137438953472.0,0.3609653591994171,5.4389798416290525,5980780305148025941,6052837899185953877,6124895493223881813,1.834798892795012e+106,1.2024538023821392e+111,7.880401239291587e+115,1.0163617761747898e-41,2251799813685248.0,7253,1509949440,0.062235994772477585,0.008582815596814976,beta,0.5400901264894199,0.15685720138333314,0.7402697992000525,5.333323396130926e-06,0.6512293623600988,6.75046017582011e-11,True
1,CG,1000593,16,710,726,58,1.210148572921753,0.19669176638126373,3.923635700109488e-44,15255723835392.0,0.12085192719591739,5.671339159258746,6151635616011386908,6151917090988097564,6152198565964808220,2.015770267960035e+103,2.127757505068925e+103,2.2397447421778154e+103,3.923635700109488e-44,15736760172544.0,28,1432748032,0.020864630567616428,0.003007762517110932,beta,0.6298234691317051,0.4163133567971712,0.8247357154067495,2.0755935837373013e-20,3.7123419690732722e-09,1.0823302020142755e-34,False
1,CG,1000598,2,207,209,22,0.20000000298023224,0.04000000283122063,0.0,7.061278997847205e-22,1.0,1.0,2041655653826560000,2041656753338187776,2041657852849815552,3.465758737682772e-172,3.4663904837158896e-172,3.467022229749007e-172,0.0,7.062183726642185e-22,0,475361792,0.009090909226374193,0.0018181819504215603,normal,0.6431149133044701,0.9343907230098673,0.9343907230098673,2.4981965437914793e-08,4.142538394013014e-17,4.142538394013014e-17,False
1,CG,1000599,23,697,720,57,1.6476986408233643,0.23143324255943298,0.0,2.6020515002262523e-39,0.2183232368636785,7.334286319827542,7975268937367552,7975273232334848,7975277527302144,3.9403127642855045e-308,3.9403148862812955e-308,3.9403170082770864e-308,0.0,2.6020613093155025e-39,0,1856894,0.028906993698655514,0.0032822005059262274,beta,0.5859393679329993,0.27219965059330103,0.8066038238225961,2.0098302616690798e-17,0.00042927410884291043,1.229196981209668e-32,False
1,CG,1000614,7,179,186,19,0.6337412595748901,0.11710001528263092,-9.4039548065783e-38,1.0163617761747898e-41,0.168369596373624,4.879467013230651,31153595613184,31153612390400,31153629167616,1.5391946204043e-310,1.5391954493089e-310,1.5391962782135e-310,-1.5407439555097887e-33,1.0163617761747898e-41,2315255808,7253,0.033354803135520535,0.005331205573925202,beta,0.6389987152181581,0.31556259639549666,0.7694135273603647,3.651387475367613e-07,0.04546124156980333,3.3977227209765407e-10,False
1,CG,1000615,16,679,695,57,1.1346362829208374,0.16826409101486206,19516331393024.0,3.923635700109488e-44,0.12938215262241684,6.370306611510196,121694519296,121694584832,121694650368,6.01251784086e-313,6.01252107877e-313,6.01252431667e-313,20478404067328.0,3.923635700109488e-44,1435893760,28,0.01990589970036557,0.002601395267332933,beta,0.6122634302666976,0.4079134903995072,0.8220149520602058,5.51505723474539e-19,1.156014762413688e-08,7.0305297707638676e-34,False
1,CG,1000621,9,200,209,22,0.9194444417953491,0.14213736355304718,7.067482852441353e-22,0.0,0.2970973419366871,6.811697083797562,475372288,475372544,475372800,2.34865496e-315,2.348656224e-315,2.34865749e-315,7.068387581236333e-22,0.0,475374080,0,0.04179292917251587,0.004938623196144322,beta,0.5431658990740305,0.17388413389667554,0.7743278396228204,4.606061742840317e-06,0.5190002095669297,6.976098142018048e-12,True
1,CG,1000622,7,660,667,56,0.5515733957290649,0.08061595261096954,2.60211876255254e-39,0.0,1.0,1.0,1856935,1856936,1856937,9.174493e-318,9.1745e-318,9.174503e-318,2.60212857164179e-39,0.0,1856942,0,0.009849524923733302,0.0013669675764085073,normal,0.5911698782745811,0.9084315783528024,0.9084315783528024,2.0039682981082265e-17,1.4459730050891618e-40,1.4459730050891618e-40,False
1,CG,1000632,7,243,250,25,0.620707094669342,0.09308872371912003,1.0163617761747898e-41,-2.9802322387695312e-08,0.16090501106004587,6.319809179332843,12970366926827035733,13042424520864963669,13114482114902891605,-8.968310171693273e-44,-5.877471754120903e-39,-3.851859888780675e-34,1.0163617761747898e-41,-0.00048828125,7253,3137339392,0.02482828378677368,0.003236567992675242,beta,0.6018886228770015,0.35302958319396005,0.8013108098497219,2.7191850109241215e-08,0.003933022134917569,2.2804841875378276e-14,False
1,CG,1000633,10,589,599,51,0.8966783285140991,0.11486416310071945,3.923635700109488e-44,26250840113152.0,0.13564349122881666,7.5792948904462305,6178938688752320540,6179220163729031196,6179501638705741852,1.361764803244112e+105,1.4334366349938018e+105,1.5051084667434916e+105,3.923635700109488e-44,27212912787456.0,28,1439105024,0.017581928010080374,0.001981976585611707,beta,0.5799360599384906,0.4097868800570618,0.823428041900365,2.526130149466426e-15,7.282313816797808e-08,1.8427489867298918e-30,False
1,CG,1000638,13,276,289,28,1.2620915174484253,0.20524516701698303,0.0,7.073815954006212e-22,0.30802018001017956,6.525529464409695,2041762306454454272,2041763405966082048,2041764505477709824,3.5270381028951725e-172,3.52766984892829e-172,3.5283015949614076e-172,0.0,7.074720682801192e-22,0,475386624,0.04507469705172947,0.005494695341349546,beta,0.549109321872719,0.15603236140983484,0.7605337490144297,9.287312969163025e-08,0.503035710252719,1.713074676946759e-14,True
1,CG,1000639,14,591,605,52,1.0733516216278076,0.12803876399993896,0.0,2.6021874261772918e-39,0.1803427553363464,8.556610810046015,7975685549195264,7975689844162560,7975694139129856,3.940518597877228e-308,3.940520719873019e-308,3.94052284186881e-308,0.0,2.602197235266542e-39,0,1856991,0.0206413773389963,0.002076143297264624,beta,0.5616769556762116,0.344757482878025,0.8239830300610027,1.1267239002286575e-14,8.563034718235212e-06,4.317556189051058e-31,False
1,CG,1000643,9,291,300,29,0.8171717524528503,0.17477911710739136,-2.3611832414348226e+21,1.0163617761747898e-41,0.11419846423355354,3.938505820798786,31155223003136,31155239780352,31155256557568,1.53927502415106e-310,1.53927585305567e-310,1.53927668196027e-310,-3.8685626227668134e+25,1.0163617761747898e-41,3942645760,7253,0.028178336291477597,0.005419734880674245,beta,0.6688624793423528,0.40701617203482077,0.8113098992346985,1.0765013153720783e-11,0.00013432365308055466,5.2599215431012614e-17,False
1,CG,1000644,15,564,579,50,1.1551947593688965,0.12595060467720032,32847909879808.0,3.923635700109488e-44,0.23431223624085576,9.907364495778978,121700876288,121700941824,121701007360,6.012831918e-313,6.0128351559e-313,6.0128383938e-313,33809982554112.0,3.923635700109488e-44,1442250752,28,0.02310389518737793,0.0020257368578721034,beta,0.542270665605715,0.2790238647274974,0.8434927759117801,3.3905966601057025e-13,0.0008314956188983244,2.5225713589869052e-31,False
1,CG,1000650,12,297,309,30,1.263888955116272,0.24368056654930115,7.08001980860036e-22,0.0,0.21677329810423754,4.928614607060945,475397120,475397376,475397632,2.348777646e-315,2.34877891e-315,2.348780175e-315,7.08092453739534e-22,0.0,475398912,0,0.04212963183720907,0.006566668627142681,beta,0.6055338894001077,0.24289710224212804,0.7618462481825716,5.577388397876755e-10,0.058028710434426034,1.5028168142640048e-15,True
1,CG,1000651,8,554,562,50,0.7289432287216187,0.10124953091144562,2.6022546885035794e-39,0.0,0.09866898346974813,6.669278065218013,1857032,1857033,1857034,9.17497e-318,9.174977e-318,9.17498e-318,2.6022644975928296e-39,0.0,1857039,0,0.014578864574432374,0.0018494360468870135,beta,0.5970410621594779,0.4713647842330599,0.8598879778440917,6.610806628840045e-16,4.4840297011394446e-10,1.545174288826539e-32,False
1,CG,1000673,11,410,421,40,1.0547618865966797,0.18488600850105286,1.0165019060212223e-41,6.462348535570529e-27,0.14172273178511857,5.23286402892557,1513209474796493910,1585267068834421846,1657324662872349782,4.383618698023867e-193,2.8728483499369214e-188,1.8827498946146608e-183,1.0165019060212223e-41,1.0587911840678754e-22,7254,469762048,0.026369047164916993,0.00402751134783662,beta,0.6449947829572075,0.3679741023951154,0.8049194890327576,7.0319353883578595e-15,3.949849365426882e-05,6.177870380409125e-23,False
1,CG,1000674,13,320,333,31,1.2287518978118896,0.17043015360832214,3.923635700109488e-44,43980465111040.0,0.3322220594658858,8.049359170872219,6206241761493254172,6206523236469964828,6206804711446675484,9.173994463960332e+106,9.632694187158346e+106,1.009139391035636e+107,3.923635700109488e-44,45904610459648.0,28,1445462016,0.03963715799393192,0.004057530683313619,beta,0.5273839807353642,0.15124547620064074,0.7959649635676915,6.485237305372282e-08,0.4773999247149119,1.7443114990271773e-17,True
1,CG,1000685,13,469,482,44,1.005631923675537,0.15558509528636932,0.0,7.086352910165219e-22,0.142665673432935,6.099468733066356,2041868959082348544,2041870058593976320,2041871158105604096,3.588317468107573e-172,3.5889492141406905e-172,3.589580960173808e-172,0.0,7.087257638960199e-22,0,475411456,0.022855270992625843,0.003083746631440216,beta,0.6337230779637343,0.3754850748640288,0.8208194651352098,8.964514841229383e-16,8.1794269349414e-06,3.5638281710486797e-26,False
1,CG,1000686,14,266,280,28,1.3296716213226318,0.22923550009727478,0.0,2.6023233521283313e-39,0.3016994161419709,6.051435836584808,7976102161022976,7976106455990272,7976110750957568,3.940724431468952e-308,3.9407265534647427e-308,3.9407286754605337e-308,0.0,2.6023331612175816e-39,0,1857088,0.047488272190093994,0.006151544156313409,beta,0.5562904456959552,0.163080256884229,0.7547359325730081,5.9543411945341233e-08,0.4458769611165881,2.8018057474873196e-14,True
1,CG,1000711,7,566,573,49,0.5363339781761169,0.05917320027947426,512.0,1.0165019060212223e-41,0.09576084403396527,8.653044095793073,31156850393088,31156867170304,31156883947520,1.53935542789783e-310,1.53935625680244e-310,1.53935708570704e-310,8388608.0,1.0165019060212223e-41,1275068416,7254,0.010945591391349326,0.0011104730771887836,beta,0.5451060431776957,0.4923331158664368,0.8778368721498335,4.5130570192764043e-13,9.652117290018883e-11,3.189591930034318e-33,False
1,CG,1000712,2,192,194,21,0.2361111044883728,0.027970679104328156,57174604644352.0,3.923635700109488e-44,0.08750243020213119,7.695066874306138,121707233280,121707298816,121707364352,6.01314599513e-313,6.01314923304e-313,6.01315247095e-313,59098749992960.0,3.923635700109488e-44,1448607744,28,0.011243385928017753,0.001265799541733743,beta,0.5678099169164068,0.5012665364960978,0.8846356957504934,2.631403792199362e-06,5.22163588054585e-05,1.0628620176164832e-14,False
1,CG,1000720,13,638,651,55,1.0656453371047974,0.17575031518936157,7.092556764759367e-22,0.0,0.10879163593334004,5.5061533818810355,475421952,475422208,475422464,2.34890033e-315,2.348901597e-315,2.34890286e-315,7.093461493554347e-22,0.0,475423744,0,0.01937536976554177,0.0028722785693339023,beta,0.6493817949153501,0.434270535573507,0.8526194173401135,1.430766519121077e-20,1.957003017088386e-09,3.736090129066773e-35,False
1,CG,1000721,5,169,174,19,0.5381313562393188,0.08327218145132065,2.602390614454619e-39,0.0,0.17791025871439273,6.103632112643298,1857129,1857130,1857131,9.17545e-318,9.175456e-318,9.17546e-318,2.602400423543869e-39,0.0,1857136,0,0.02832270295996415,0.003779491494172876,beta,0.6102312219236053,0.3192880358223187,0.8082665672861302,1.4306605469023221e-06,0.04155380930647958,3.3081169802848985e-11,False
1,CG,1000731,3,735,738,61,0.21789321303367615,0.01645292341709137,1.0165019060212223e-41,1.6225927682921336e+32,1.0,1.0,8502796096475503702,8574853690513431638,8646911284551359574,6.924462078512545e+274,4.538015467773981e+279,2.9740338169603564e+284,1.0165019060212223e-41,2.658455991569832e+36,7254,2097152000,0.0035720198857979698,0.0002612434087859111,normal,0.2752742772090788,0.9306670752106977,0.9306670752106977,0.00019325190787238762,2.567247883763286e-46,2.567247883763286e-46,False
1,CG,1000732,2,153,155,16,0.19090908765792847,0.018264465034008026,3.923635700109488e-44,70918499991552.0,0.12005666870191113,9.941835736716028,6233544834234187804,6233826309210898460,6234107784187609116,6.164924279781341e+108,6.458492102628071e+108,6.7520599254748e+108,3.923635700109488e-44,74766790688768.0,28,1451819008,0.01193181797862053,0.0010657715033072742,beta,0.5251503743257746,0.45732119229528473,0.8807246109784257,0.0002940072531395349,0.0024801943501909208,3.319971874097964e-11,False
1,CG,1000734,13,760,773,63,0.8687913417816162,0.12211193889379501,0.0,7.098889866324226e-22,0.09179440777967969,6.564634370919494,2041975611710242816,2041976711221870592,2041977810733498368,3.6495968333199734e-172,3.650228579353091e-172,3.6508603253862085e-172,0.0,7.099794595119206e-22,0,475436288,0.013790338758438353,0.0017763066448423924,beta,0.5986358079283938,0.48429722695176214,0.8687717740156206,4.90806805626247e-20,2.9277496233843236e-13,9.988228755636243e-42,False
1,CG,1000735,6,158,164,17,0.558080792427063,0.1019347608089447,0.0,2.6024592780793708e-39,0.16662503241953014,4.909029943651369,7976518772850688,7976523067817984,7976527362785280,3.9409302650606754e-308,3.9409323870564664e-308,3.9409345090522573e-308,0.0,2.602469087168621e-39,0,1857185,0.03282828190747429,0.005225870451750152,beta,0.6123349207577493,0.3268786079107745,0.8222363260091331,5.813715471476655e-06,0.05287849581516773,2.0803383172161156e-10,True
1,CG,1000738,25,788,813,66,1.7606167793273926,0.24358107149600983,-1.1102230246251565e-16,1.0165019060212223e-41,0.20230332695647757,7.381413774858481,31158477783040,31158494560256,31158511337472,1.5394358316446e-310,1.5394366605492e-310,1.5394374894538e-310,-1.8189894035458565e-12,1.0165019060212223e-41,2902458368,7254,0.026676011807990795,0.0030248436538665474,beta,0.57547797241351,0.2998565797725138,0.8195418501203687,2.0692321132438469e-19,1.4013398468085072e-05,6.273399459683675e-39,False
1,CG,1000739,3,154,157,17,0.30000001192092896,0.05000000447034836,97306779058176.0,3.923635700109488e-44,0.09184119268634978,5.112492852738483,121713590272,121713655808,121713721344,6.01346007227e-313,6.01346331017e-313,6.0134665481e-313,101155069755392.0,3.923635700109488e-44,1454964736,28,0.017647059524760526,0.0027941179001594284,beta,0.65109422681109,0.46820778850323697,0.86223957094832,1.0999362286567503e-06,0.001158901217629278,2.1044256117751377e-11,False
1,CG,1000743,23,813,836,68,1.8130435943603516,0.27058467268943787,7.1050937209183735e-22,0.0,0.18193351557102935,6.641663609899469,475446784,475447040,475447296,2.34902302e-315,2.349024283e-315,2.34902555e-315,7.105998449713353e-22,0.0,475448576,0,0.026662405799416936,0.0033170831140980402,beta,0.5879695271764532,0.3233330318829153,0.8070961328392959,7.622647182541378e-21,1.3372828154446577e-06,6.705975588057075e-39,False
1,CG,1000744,4,159,163,17,0.38253968954086304,0.0374477244913578,2.6025265404056584e-39,0.0,0.25209752285052023,10.95107434567542,1857226,1857227,1857228,9.17593e-318,9.175935e-318,9.17594e-318,2.6025363494949087e-39,0.0,1857233,0,0.022502334678874296,0.0018024805230847896,beta,0.5183339176466244,0.2689766709662552,0.8784313725490196,0.0002156972992176521,0.17078937927923854,8.071596571304906e-12,True
1,CG,1000750,20,838,858,68,1.6239840984344482,0.20447640120983124,1.0165019060212223e-41,-35184372088832.0,0.2012412994222692,8.22520103699367,15492382718154513494,15564440312192441430,15636497906230369366,-3.3846065602115245e+125,-2.2181357553002247e+130,-1.4536774485935552e+135,1.0165019060212223e-41,-5.764607523034235e+17,7254,3724541952,0.02388211909462424,0.002473018202436474,beta,0.559489735750925,0.31166772796903985,0.8164934790237297,6.490580601144815e-19,3.6621728902788407e-06,8.419690965252012e-40,False
1,CG,1000751,9,149,158,16,0.8717754483222961,0.1146971732378006,3.923635700109488e-44,124244813938688.0,0.5720910793169205,9.92769678083246,6260847906975121436,6261129381951832092,6261410856928542748,4.133434945681965e+110,4.321318352303872e+110,4.5092017589257785e+110,3.923635700109488e-44,128093104635904.0,28,1458176000,0.05448596552014351,0.004479843081280288,beta,0.44435125653479296,0.25603829949167956,0.7999999999999958,0.003605877668563875,0.24500354422581053,2.5508152590526318e-09,True
1,CG,1000758,53,866,919,70,3.671093463897705,0.6102018356323242,0.0,7.111426822483233e-22,0.37809325748940426,6.831346732131026,2042082264338137088,2042083363849764864,2042084463361392640,3.710876198532374e-172,3.7115079445654914e-172,3.712139690598609e-172,0.0,7.1123315512782125e-22,0,475461120,0.05244419234139579,0.006053250781281624,beta,0.4987650073864912,0.11253807826144846,0.7486209167821734,1.4987164059799572e-15,0.3379574184859908,1.6826695602790929e-34,True
1,CG,1000759,15,143,158,16,1.5279220342636108,0.5582840442657471,0.0,2.6025952040304103e-39,0.2045401578909653,1.9373508894704337,7976935384678400,7976939679645696,7976943974612992,3.941136098652399e-308,3.94113822064819e-308,3.941140342643981e-308,0.0,2.6026050131196606e-39,0,1857282,0.09549512714147568,0.027491662356098758,beta,0.567147296023125,0.2030134695537347,0.7177969828432075,6.773912743120855e-05,0.5246611224419852,1.3823743400306918e-07,True
1,CG,1000767,64,998,1062,78,4.749526500701904,0.85651034116745,2.407412430484045e-35,1.0166420358676548e-41,0.4117168089827014,6.349780594159441,31160105172992,31160121950208,31160138727424,1.53951623539136e-310,1.53951706429597e-310,1.53951789320058e-310,3.944304526105059e-31,1.0166420358676548e-41,234881024,7255,0.06089136539361416,0.00736759983852671,beta,0.4379730712234461,0.08581180925124154,0.7503387204104672,2.0193370313611286e-13,0.613935846869849,1.436345786687707e-38,True
1,CG,1000768,13,180,193,19,1.308547019958496,0.2477956861257553,160528697655296.0,3.923635700109488e-44,0.4353157740667157,5.8854350901474985,121719947264,121720012800,121720078336,6.0137741494e-313,6.0137773873e-313,6.0137806252e-313,168225279049728.0,3.923635700109488e-44,1461321728,28,0.06887089578728926,0.008759715593412544,beta,0.4896643380871339,0.15907893022398906,0.7408800900411163,0.0002208212402893745,0.7221777147716346,1.7473272249088676e-09,True
1,CG,1000771,34,1075,1109,80,2.3671507835388184,0.30947038531303406,7.11763067707738e-22,0.0,0.25074723704923424,8.223482247373376,475471616,475471872,475472128,2.349145705e-315,2.34914697e-315,2.349148234e-315,7.11853540587236e-22,0.0,475473408,0,0.02958938479423523,0.003030732277378842,beta,0.5363835307616656,0.2479576833158303,0.7973844897180171,2.0374159400502364e-20,0.00010684462796305254,1.3170144063187666e-44,False
1,CG,1000772,16,187,203,19,1.4161839485168457,0.2465413361787796,2.602662466356698e-39,0.0,0.5818999097359963,7.2250649245730365,1857323,1857324,1857325,9.17641e-318,9.176415e-318,9.17642e-318,2.6026722754459482e-39,0.0,1857330,0,0.0745359972903603,0.007832480734970901,beta,0.4415585906582806,0.19245513855744195,0.7606779079193988,0.001211538304175204,0.4823466022236128,5.646436768852363e-10,True
1,CG,1000774,88,1010,1098,80,6.455897808074951,1.2869952917099,1.0166420358676548e-41,7.62939453125e-06,0.536723661381029,6.114232439066561,4035225266123971671,4107282860161899607,4179340454199827543,1.6543612251087204e-24,1.084202172487251e-19,7.105427357612448e-15,1.0166420358676548e-41,0.125,7255,1056964608,0.08069872260093688,0.009696361839950162,beta,0.38460451835110715,0.1241314486826045,0.7049460471325091,1.0530560122177518e-10,0.16984903385236697,5.881411219975934e-35,True
1,CG,1000775,19,224,243,24,2.014704942703247,0.3828796446323395,3.923635700109488e-44,214404767416320.0,0.6106571949258407,6.663744315478791,6288150979716055068,6288432454692765724,6288713929669476380,2.765643745474478e+112,2.8858891257124982e+112,3.0061345059505185e+112,3.923635700109488e-44,222101348810752.0,28,1464532992,0.08394603927930196,0.009293614972868213,beta,0.4250588985511263,0.20022974501785734,0.721154843152906,0.00034249412734569767,0.29101491501944693,2.8820343864373627e-11,True
1,CG,1000782,35,1091,1126,80,2.5530989170074463,0.4902735948562622,0.0,7.123963778642239e-22,0.15862848950089356,4.811911067558686,2042188916966031360,2042190016477659136,2042191115989286912,3.7721555637447743e-172,3.772787309777892e-172,3.7734190558110094e-172,0.0,7.124868507437219e-22,0,475485952,0.03191373646259308,0.005174616061467782,beta,0.6079921274621526,0.3420506924329032,0.7747797774355352,4.119168281057161e-26,1.4829594706739022e-08,3.8819147439625084e-42,False
1,CG,1000783,9,288,297,29,0.8500000238418579,0.13125000894069672,0.0,2.6027311299814498e-39,0.19027285791893467,6.301389171346738,7977351996506112,7977356291473408,7977360586440704,3.9413419322441227e-308,3.9413440542399136e-308,3.9413461762357046e-308,0.0,2.6027409390707e-39,0,1857379,0.02931034564971924,0.0037977219442722238,beta,0.6165061216675184,0.2984251008970966,0.791359437052414,5.33543182513177e-10,0.011422269379432816,3.3602745064079903e-16,False
1,CG,1000786,28,1169,1197,84,2.3237855434417725,0.46654465794563293,6.044629098073146e+23,1.0166420358676548e-41,0.12587603289056698,4.4242799798484675,31161732562944,31161749340160,31161766117376,1.53959663913813e-310,1.53959746804274e-310,1.53959829694734e-310,9.903520314283042e+27,1.0166420358676548e-41,1862270976,7255,0.027664113612402053,0.004846496273024124,beta,0.6434393923203978,0.3935760534943496,0.8018681449830223,1.2414818461192611e-30,9.980306846021502e-12,2.439767787234065e-47,False
1,CG,1000787,8,292,300,29,0.7517528533935547,0.10886374115943909,267181325549568.0,3.923635700109488e-44,0.17913834288008382,6.7313933831667985,121726304256,121726369792,121726435328,6.01408822654e-313,6.01409146445e-313,6.01409470235e-313,274877906944000.0,3.923635700109488e-44,1467678720,28,0.025922512185984646,0.003192014952017712,beta,0.5971422265567206,0.32599355160835397,0.8094658553076403,2.085149115155217e-09,0.0042086347184342315,6.255527348889905e-17,False
1,CG,1000796,30,1247,1277,84,2.107271432876587,0.2971627116203308,7.130167633236387e-22,0.0,0.18336526717182308,7.125936326409454,475496448,475496704,475496960,2.34926839e-315,2.349269656e-315,2.34927092e-315,7.131072362031367e-22,0.0,475498240,0,0.025086564677102224,0.002943355548521234,beta,0.5576855962626189,0.33460506532605616,0.8137221711722356,4.0648735706533784e-23,1.3558866138004983e-08,9.773386861036222e-49,False
1,CG,1000797,15,278,293,29,1.5873738527297974,0.2830875515937805,2.6027983923077374e-39,0.0,0.3494435118363348,6.034598801716057,1857420,1857421,1857422,9.17689e-318,9.176894e-318,9.1769e-318,2.6028082013969877e-39,0.0,1857427,0,0.05473702940447577,0.0070071222264647725,beta,0.5116747762852456,0.1565525142926879,0.7572503146973559,5.08451874886878e-07,0.47592089134319265,7.192920706597785e-15,True
1,CG,1000809,12,1386,1398,92,0.8206507563591003,0.07920485734939575,1.0166420358676548e-41,-1.6543612251060553e-24,1.0,1.0,11024811887802981463,11096869481840909399,11168927075878837335,-8.086349223917416e-174,-5.299469827386518e-169,-3.4730605460760284e-164,1.0166420358676548e-41,-2.710505431213761e-20,7255,2684354560,0.008920116916946743,0.0007899401830185912,normal,0.4788357454903964,0.8794229920943818,0.8794229920943818,9.526414882994558e-19,3.1601513617244284e-62,3.1601513617244284e-62,False
1,CG,1000810,23,353,376,35,2.3583333492279053,0.4945756196975708,3.923635700109488e-44,360639813910528.0,0.36150954609199004,5.003649759042741,6315454052456988700,6315735527433699356,6316017002410410012,1.846969040455999e+114,1.9239260838083318e+114,2.0008831271606648e+114,3.923635700109488e-44,376032976699392.0,28,1470889984,0.06738095283508301,0.009872613868348293,beta,0.5396980815393791,0.16369956775572714,0.6847155417160856,2.793322289829222e-09,0.30535354597250963,1.1172411278596714e-14,True
1,CG,1000818,19,1361,1380,91,1.2941043376922607,0.14613734185695648,0.0,7.136500734801246e-22,0.12624515386767807,8.751175829393592,2042295569593925632,2042296669105553408,2042297768617181184,3.833434928957175e-172,3.8340666749902923e-172,3.83469842102341e-172,0.0,7.137405463596226e-22,0,475510784,0.014220926787827042,0.0014192664312758384,beta,0.536987787883845,0.4429890762777735,0.8496598000274366,3.227905162085507e-23,6.165394462803224e-16,1.7345261934861186e-57,False
1,CG,1000819,14,379,393,36,1.2544677257537842,0.2582437992095947,0.0,2.6028670559324893e-39,0.1563546225606097,4.330621245072603,7977768608333824,7977772903301120,7977777198268416,3.9415477658358463e-308,3.9415498878316373e-308,3.941552009827428e-308,0.0,2.6028768650217396e-39,0,1857476,0.034846325715382896,0.006129434521101221,beta,0.6641301057551487,0.32428702477503735,0.7854861849075386,3.22968649389982e-14,0.0010296645812243343,1.0192719382942208e-19,False
1,CG,1000820,25,1366,1391,92,1.585452914237976,0.17900484800338745,-131072.0,1.0166420358676548e-41,0.1578673999073762,9.002796194103711,31163359952896,31163376730112,31163393507328,1.5396770428849e-310,1.5396778717895e-310,1.5396787006941e-310,-2147483648.0,1.0166420358676548e-41,3489660928,7255,0.017233183850412784,0.0016668400708368316,beta,0.5387471243153883,0.389841559828459,0.8489515723573808,1.2800343981594575e-23,1.4340505762444634e-12,5.108104969250552e-58,False
1,CG,1000821,16,363,379,34,1.4295649528503418,0.29176485538482666,466192930177024.0,3.923635700109488e-44,0.19920128879441784,4.538494473476582,121732661248,121732726784,121732792320,6.01440230367e-313,6.0144055416e-313,6.0144087795e-313,481586092965888.0,3.923635700109488e-44,1474035712,28,0.042046028025010056,0.007019919009506334,beta,0.6098468942686195,0.2647632937447501,0.7825477005926028,2.0781607775051275e-11,0.017015572040015123,1.6450608964725672e-18,False
1,CG,1000825,39,1385,1424,92,2.4935100078582764,0.29065194725990295,7.142704589395394e-22,0.0,0.26444768893829423,9.492556415978003,475521280,475521536,475521792,2.34939108e-315,2.34939234e-315,2.349393607e-315,7.143609318190374e-22,0.0,475523072,0,0.027103369650633438,0.0024513123493336945,beta,0.5182886400115987,0.24687033614535536,0.8181389046395415,6.843957753662838e-22,2.6971602970876282e-05,6.501994798113249e-54,False
1,CG,1000826,17,381,398,36,1.5431931018829346,0.3439634144306183,2.602934318258777e-39,0.0,0.17871061651480444,3.9902959625600976,1857517,1857518,1857519,9.17737e-318,9.177373e-318,9.17738e-318,2.6029441273480272e-39,0.0,1857524,0,0.04286647505230374,0.007937490452224751,beta,0.6300949106422773,0.28649600192154534,0.7388560925050558,7.700940370462742e-13,0.005425691643289008,1.7018133012066843e-17,False
1,CG,1000830,7,172,179,15,0.5520201921463013,0.06186014413833618,1.0166420358676548e-41,-4.153837486827862e+34,0.4027928430843363,10.542264479499561,18014398509481991255,18086456103519919191,18158513697557847127,-1.2773377981042784e+294,-8.371160993656199e+298,-5.486124068802526e+303,1.0166420358676548e-41,0.0,7256,16777216,0.03680134614308675,0.002967504140656207,beta,0.49771314200496153,0.18990825129243905,0.8588235294117648,0.0011845362024078812,0.6515903371982932,4.911908045848933e-10,True
1,CG,1000831,11,413,424,39,1.1290043592453003,0.19453933835029602,3.923635700109488e-44,584940185976832.0,0.16210642081433582,5.437650887461455,6342757125197922332,6343038600174632988,6343320075151343644,1.2313126936373324e+116,1.2805652013828255e+116,1.3298177091283186e+116,3.923635700109488e-44,615726511554560.0,28,1477246976,0.02894882972423847,0.004259367984120549,beta,0.6239810145630004,0.3373240783381739,0.8040937984498697,1.293398796772041e-13,0.00027956367943360555,2.5037909501650127e-22,False
1,CG,1000837,23,1451,1474,93,1.5231186151504517,0.20170491933822632,0.0,7.149037690960253e-22,0.12094248638368492,7.263676887184715,2042402222221819904,2042403321733447680,2042404421245075456,3.894714294169575e-172,3.895346040202693e-172,3.8959777862358103e-172,0.0,7.149942419755233e-22,0,475535616,0.016377619517746793,0.0019213028497705956,beta,0.5685334518202243,0.4389731585480301,0.8360916497291482,1.5519720807968513e-26,5.4346002037328095e-16,6.80282240967101e-57,False
1,CG,1000838,14,427,441,39,1.2027889490127563,0.18339821696281433,0.0,2.6030029818835288e-39,0.20858686699348494,6.55476743504179,7978185220161536,7978189515128832,7978193810096128,3.94175359942757e-308,3.941755721423361e-308,3.941757843419152e-308,0.0,2.603012790972779e-39,0,1857573,0.030840742282378368,0.0038500871833215575,beta,0.5970249290921688,0.2770487120023427,0.7840224270490299,1.6853016217699324e-12,0.0050225376581914255,3.008745385433545e-21,False
1,CG,1000849,30,1512,1542,93,1.7900159358978271,0.23797176778316498,2.842170943040401e-14,1.0167821657140873e-41,0.14499720591100468,7.3883101123614585,31164987342848,31165004120064,31165020897280,1.53975744663166e-310,1.53975827553627e-310,1.5397591044409e-310,4.656612873077393e-10,1.0167821657140873e-41,822083584,7256,0.019247483181697066,0.002212157240891324,beta,0.5702422349088702,0.3981518818015513,0.8225613130917376,1.0806742957909429e-26,3.130266318793167e-13,4.4211689494462535e-55,False
1,CG,1000850,21,437,458,40,1.8138141632080078,0.31637629866600037,796046418509824.0,3.923635700109488e-44,0.28163575865604923,5.929270835169048,121739018240,121739083776,121739149312,6.0147163808e-313,6.0147196187e-313,6.01472285663e-313,826832744087552.0,3.923635700109488e-44,1480392704,28,0.0453453540802002,0.006003288543580801,beta,0.5737877082972904,0.1735901585934882,0.7426667923940189,7.283281827023822e-12,0.1793780720073874,1.3743031263745467e-19,True
1,CG,1000853,56,1502,1558,93,3.6292896270751953,0.5373508334159851,7.155241545554401e-22,0.0,0.30121927376696844,7.417479242698292,475546112,475546368,475546624,2.349513764e-315,2.34951503e-315,2.349516294e-315,7.156146274349381e-22,0.0,475547904,0,0.039024619645969844,0.004301295501459912,beta,0.49529052405203383,0.19166325874878487,0.7652944081886873,3.054714828113538e-20,0.0021559442055134903,9.792167585616935e-48,False
1,CG,1000854,23,439,462,41,1.9825921058654785,0.4028221070766449,2.6030702442098164e-39,0.0,0.24162073382418686,4.755095462857688,1857614,1857615,1857616,9.177847e-318,9.17785e-318,9.177857e-318,2.6030800532990667e-39,0.0,1857621,0,0.04835590502110923,0.007673801787745321,beta,0.5684902161976073,0.21307963036462066,0.7138866722856883,6.192358127054342e-12,0.048320127319609586,1.4186078783048749e-18,False
1,CG,1000855,26,1531,1557,93,1.7091354131698608,0.20097149908542633,1.0167821657140873e-41,9007199254740992.0,0.16150613587000134,8.626604226932113,6557241057451449432,6629298651489377368,6701356245527305304,6.243497100642044e+144,4.09173825987677e+149,2.68156158599284e+154,1.0167821657140873e-41,1.4757395258967641e+20,7256,1644167168,0.018377800141611406,0.0018430581526873934,beta,0.5428549746679592,0.3811024687720719,0.8399850438489346,3.134802072651631e-24,3.7050517990971365e-12,2.0209565475085446e-57,False
1,CG,1000856,11,455,466,41,1.006089687347412,0.12241600453853607,3.923635700109488e-44,1011550697553920.0,0.21587401796384229,8.581388142483348,6370060197938855964,6370341672915566620,6370623147892277276,8.195617288850083e+117,8.510833338421239e+117,8.826049387992395e+117,3.923635700109488e-44,1042337023131648.0,28,1483603968,0.024538772862132,0.002443194955544613,beta,0.5620219416618675,0.2914839518806057,0.8296508847441415,1.1278947533168242e-11,0.0018850326354423524,6.14406195587575e-25,False
1,CG,1000860,13,1539,1552,92,0.7193871140480042,0.06501396000385284,0.0,7.16157464711926e-22,1.0,1.0,2042508874849714176,2042509974361341952,2042511073872969728,3.9559936593819757e-172,3.956625405415093e-172,3.957257151448211e-172,0.0,7.16247937591424e-22,0,475560448,0.007819425152695698,0.0006526238056015463,normal,0.44169711965781766,0.8918047943321421,0.8918047943321421,5.138602184216786e-16,5.587251879056012e-64,5.587251879056012e-64,False
1,CG,1000861,20,471,491,43,1.8066272735595703,0.2729910612106323,0.0,2.6031389078345683e-39,0.3183580666261824,7.258964087906462,7978601831989248,7978606126956544,7978610421923840,3.9419594330192936e-308,3.9419615550150845e-308,3.9419636770108755e-308,0.0,2.6031487169238186e-39,0,1857670,0.04201458775719931,0.004692532406693191,beta,0.5111381755940204,0.16335816634232608,0.7702954808598101,3.491899785433939e-10,0.20131932021153065,1.3791649851213683e-22,True
1,CG,1000862,50,1510,1560,92,2.531142234802246,0.298223614692688,-6.162975822039155e-33,1.0167821657140873e-41,0.2655321680532131,9.385825675455806,31166614732800,31166631510016,31166648287232,1.53983785037843e-310,1.53983867928304e-310,1.53983950818764e-310,-1.0097419586828951e-28,1.0167821657140873e-41,2449473536,7256,0.027512415595676586,0.002511931621945483,beta,0.5002991070446555,0.24758197937813828,0.8072955715827781,1.9933106161710926e-20,2.528066363123323e-05,1.6652283733071246e-52,False
1,CG,1000863,25,485,510,45,2.2884671688079834,0.4367618262767792,1319413953331200.0,3.923635700109488e-44,0.2862626370016051,5.342753518725947,121745375232,121745440768,121745506304,6.01503045794e-313,6.01503369585e-313,6.01503693376e-313,1380986604486656.0,3.923635700109488e-44,1486749696,28,0.050854825973510744,0.007281414242294462,beta,0.553756162367032,0.165608957408925,0.740068316669345,2.0668763008562503e-12,0.16934274350349288,7.821833781871034e-22,True
1,CG,1000866,43,1506,1549,92,2.576655149459839,0.29891639947891235,7.167778501713408e-22,0.0,0.2779713375210256,9.64705221764718,475570944,475571200,475571456,2.34963645e-315,2.349637715e-315,2.34963898e-315,7.1686832305083875e-22,0.0,475572736,0,0.028007121189780857,0.002491776993887008,beta,0.5123672793679828,0.23042530126996455,0.8181156169797725,2.1037300922942835e-21,0.00011432290642600594,6.547741997053945e-54,False
1,CG,1000867,29,492,521,46,2.560508966445923,0.5630874633789062,2.603206170160856e-39,0.0,0.25741083357834815,4.367020675849093,1857711,1857712,1857713,9.178327e-318,9.17833e-318,9.178337e-318,2.6032159792501062e-39,0.0,1857718,0,0.05566323840099832,0.009345805385594068,beta,0.6163575445295766,0.17004603644885816,0.7207237819720024,1.3250289221079627e-15,0.13981501027096224,3.5208389618028716e-21,True
1,CG,1000877,25,1496,1521,90,1.5292211771011353,0.1264229267835617,1.0167821657140873e-41,-0.001953125,0.23448597523085213,13.565831524152687,13546827679130459224,13618885273168387160,13690942867206315096,-3.051757812504917e-05,-2.0000000000032223,-131072.00000021118,1.0167821657140873e-41,-32.0,7256,3271557120,0.016991346412234837,0.0011285325845225933,beta,0.4676212403133955,0.31930752859079875,0.8811174779546878,1.6105268650819658e-17,2.1415167032973167e-08,4.0738808090953276e-61,False
1,CG,1000878,14,559,573,50,1.3174681663513184,0.2577145993709564,3.923635700109488e-44,1750422511419392.0,0.12218752612973176,4.515022284720036,6397363270679789596,6397644745656500252,6397926220633210908,5.446933336589593e+119,5.6486716083151326e+119,5.850409880040672e+119,3.923635700109488e-44,1811995162574848.0,28,1489960960,0.02634936332702637,0.004551023509877027,beta,0.647511457044678,0.4010385897234541,0.8029629637356157,1.2368528807488807e-18,2.0710335595162213e-07,1.9948675781764018e-28,False
1,CG,1000891,60,1537,1597,91,3.711351156234741,0.5116835832595825,0.0,7.174111603278267e-22,0.35773799164499914,8.413772940433422,2042615527477608448,2042616626989236224,2042617726500864000,4.017273024594376e-172,4.0179047706274937e-172,4.018536516660611e-172,0.0,7.175016332073247e-22,0,475585280,0.04078407863994221,0.0040035505093696045,beta,0.4332369296927383,0.15935435479984103,0.7968837432796009,2.919967237097438e-15,0.019672623834258683,1.2815731862967796e-50,False
1,CG,1000892,27,626,653,57,2.2037158012390137,0.3498506247997284,0.0,2.6032748337856078e-39,0.2653930476490031,6.599105408770819,7979018443816960,7979022738784256,7979027033751552,3.942165266611017e-308,3.942167388606808e-308,3.942169510602599e-308,0.0,2.603284642874858e-39,0,1857767,0.038661680723491465,0.004725915501552008,beta,0.5381096424003617,0.21292987234014454,0.8061919504643962,9.224445037926726e-15,0.011384370365749167,1.3258948674005247e-32,False
1,CG,1000896,38,1523,1561,91,2.189762592315674,0.2222413420677185,-1.5474250491067253e+26,1.0167821657140873e-41,0.2759094234224643,11.190063015577326,31168242122752,31168258899968,31168275677184,1.5399182541252e-310,1.5399190830298e-310,1.5399199119344e-310,-2.535301200456459e+30,1.0167821657140873e-41,4076863488,7256,0.02406332519028213,0.0018838708079923472,beta,0.4662789907223239,0.2572385520877036,0.8448510902976611,1.3065160270342808e-17,1.1768345130288342e-05,7.642655274226915e-57,False
1,CG,1000897,26,621,647,56,2.314044952392578,0.40579381585121155,2172634976485376.0,3.923635700109488e-44,0.2489462246832902,5.7755644780366975,121751732224,121751797760,121751863296,6.0153445351e-313,6.015347773e-313,6.0153510109e-313,2234207627640832.0,3.923635700109488e-44,1493106688,28,0.04132223129272461,0.005639496638303337,beta,0.5439520170712303,0.2240237504342693,0.7871362542429684,8.108706211483127e-15,0.007242733186338934,1.4584145238551187e-30,False
1,CG,1000902,39,1461,1500,91,2.447932481765747,0.3008740246295929,7.180315457872414e-22,0.0,0.2427519406134808,8.781364026789529,475595776,475596032,475596288,2.349759137e-315,2.3497604e-315,2.349761666e-315,7.181220186667394e-22,0.0,475597568,0,0.026900356942480736,0.0026113751899889065,beta,0.5189980376059076,0.26901991301296313,0.8249594907642305,1.0243956821970706e-21,3.807625870383639e-06,3.225722083604613e-54,False
1,CG,1000903,30,643,673,57,2.5618093013763428,0.4035927355289459,2.6033420961118954e-39,0.0,0.32958294060726206,7.003604429944073,1857808,1857809,1857810,9.178806e-318,9.17881e-318,9.178816e-318,2.6033519052011457e-39,0.0,1857815,0,0.04494402283116391,0.0051509771392642765,beta,0.4823509579930943,0.15665068327603543,0.7889809166527246,6.053577232021904e-12,0.12189744810562543,3.032307750238508e-31,True
1,CG,1000921,35,1486,1521,92,2.040163278579712,0.19999976456165314,1.0169222955605197e-41,4.235164736271502e-22,0.2605752414003064,11.489916721927878,2089670227099917401,2161727821137845337,2233785415175773273,1.491668146242445e-154,9.775796363214487e-150,6.406665904596247e-145,1.0169222955605197e-41,6.938893903907228e-18,7257,603979776,0.022175687810649044,0.0017006345122320794,beta,0.47638538611010856,0.27470510889672617,0.8392914656805864,1.4654468487692359e-18,1.8654171805708464e-06,1.0267948405345074e-56,False
1,CG,1000922,28,747,775,64,2.715510606765747,0.4771745204925537,3.923635700109488e-44,2955487255461888.0,0.25762362224853064,5.814130169773497,6424666343420723228,6424947818397433884,6425229293374144540,3.615149829321685e+121,3.7442623232260303e+121,3.8733748171303757e+121,3.923635700109488e-44,3078632557772800.0,28,1496317952,0.0424298532307148,0.005745330222238631,beta,0.5397028817648406,0.21368722795920653,0.7973624423340977,1.285015773732004e-16,0.00579002620214771,9.074714135060294e-36,False
1,CG,1000933,57,1503,1560,93,3.577036142349243,0.5290630459785461,0.0,7.186648559437274e-22,0.2958282522032926,7.395463185751679,2042722180105502720,2042723279617130496,2042724379128758272,4.0785523898067766e-172,4.079184135839894e-172,4.0798158818730117e-172,0.0,7.187553288232253e-22,0,475610112,0.03846275421880906,0.004255221565256199,beta,0.47260404298632086,0.2032258236775743,0.7877339713367415,1.8143489630183367e-18,0.0009221620361128395,1.4989835499477487e-50,False
1,CG,1000934,26,828,854,69,2.2613484859466553,0.42741021513938904,0.0,2.6034107597366473e-39,0.16718173799518543,4.9339957202145515,7979435055644672,7979439350611968,7979443645579264,3.942371100202741e-308,3.942373222198532e-308,3.942375344194323e-308,0.0,2.6034205688258976e-39,0,1857864,0.032773166462995,0.005195568599685553,beta,0.6153561855220959,0.325257745918618,0.7788782376382336,4.043367486758847e-23,9.132722609068614e-07,8.766301276592097e-37,False
1,CG,1000938,76,1490,1566,93,4.46910285949707,0.6923941373825073,33554432.0,1.0169222955605197e-41,0.3753746655533389,7.436001575715159,31169869512704,31169886289920,31169903067136,1.53999865787197e-310,1.53999948677657e-310,1.5400003156812e-310,549755813888.0,1.0169222955605197e-41,1409286144,7257,0.04805486945695774,0.005191651987822381,beta,0.4106902783692571,0.1382926769209585,0.7595148432551166,4.7463153419187256e-14,0.057034392979314036,5.043832884740308e-47,True
1,CG,1000939,43,883,926,74,3.714358329772949,0.661128044128418,3799912185593856.0,3.923635700109488e-44,0.317809812425634,6.0138157421111345,121758089216,121758154752,121758220288,6.0156586122e-313,6.0156618501e-313,6.01566508803e-313,3923057487904768.0,3.923635700109488e-44,1499463680,28,0.050194031483418236,0.006502594865521887,beta,0.5182760657360288,0.14752664498568405,0.7324324297475375,1.0863265586306174e-17,0.07981811277187581,6.605815132305989e-35,True
1,CG,1000943,45,1562,1607,93,2.651909112930298,0.2760477364063263,7.192852414031421e-22,0.0,0.3340754347283055,11.38164109501425,475620608,475620864,475621120,2.349881823e-315,2.34988309e-315,2.349884353e-315,7.193757142826401e-22,0.0,475622400,0,0.028515151751938687,0.002178566800204019,beta,0.4318361912624211,0.2089174421617129,0.8167697867714754,1.7266434193922998e-15,0.0005961004407236146,2.585052119015861e-54,False
1,CG,1000944,33,959,992,78,2.648083209991455,0.3447379171848297,2.603478022062935e-39,0.0,0.30248709085661474,8.607351164147495,1857905,1857906,1857907,9.179285e-318,9.17929e-318,9.179295e-318,2.6034878311521852e-39,0.0,1857912,0,0.03394978474348019,0.003309559249646698,beta,0.5197760823581812,0.1929008157677459,0.7964322767732237,9.936198709697797e-19,0.006025674210486306,2.1229873570176116e-43,False
1,CG,1000960,65,1547,1612,92,3.568960428237915,0.47245895862579346,1.0169222955605197e-41,1.0633823966279327e+37,0.3553093709217499,8.80378969506036,9079256848778927193,9151314442816855129,9223372036854783065,-7.291122019568146e-304,-4.77830972674418e-299,-3.131513062519066e-294,1.0169222955605197e-41,-1.504632769052528e-36,7257,2231369728,0.03879304813302081,0.003670418735695752,beta,0.4410194660880264,0.16285928327478183,0.7964586609887577,5.736478304547194e-16,0.015190088306428548,4.0765439936564636e-51,False
1,CG,1000961,40,1066,1106,81,2.9671247005462646,0.4166931211948395,3.923635700109488e-44,4820258976169984.0,0.29912805951334936,7.866815493893937,6451969416161656860,6452250891138367516,6452532366115078172,2.3963278868646594e+123,2.4789598829634405e+123,2.5615918790622215e+123,3.923635700109488e-44,5066549580791808.0,28,1502674944,0.03663116914254648,0.0038500484302762712,beta,0.4955683817449883,0.19593594753117743,0.7956768706702337,1.0532012777352046e-17,0.003981176485527238,5.737386523321221e-45,False
1,CG,1000966,67,1553,1620,92,3.7956883907318115,0.5935314893722534,0.0,7.19918551559628e-22,0.2986306704339015,6.939587763672574,2042828832733396992,2042829932245024768,2042831031756652544,4.139831755019177e-172,4.1404635010522946e-172,4.141095247085412e-172,0.0,7.20009024439126e-22,0,475634944,0.041257482507954475,0.0048014389229229645,beta,0.47816731983184924,0.19477305846961063,0.7929521232226807,1.0716349527462417e-18,0.0018600033829358146,1.136731456850359e-50,False
1,CG,1000967,61,1070,1131,82,4.450149059295654,0.7984542846679688,0.0,2.603546685687687e-39,0.35082952920026655,6.1136778414753365,7979851667472384,7979855962439680,7979860257406976,3.9425769337944645e-308,3.9425790557902554e-308,3.9425811777860464e-308,0.0,2.603556494776937e-39,0,1857961,0.054270110479215296,0.006875854365074291,beta,0.4748862301493578,0.12752838575653866,0.7485156305679446,1.7327883750012202e-16,0.1388445921364068,2.4876647792699404e-40,True
1,CG,1001043,421,1024,1445,87,24.94896125793457,9.254447937011719,-7.275957614183426e-12,1.0169222955605197e-41,2.1154236393223744,5.261310594954226,31171496902656,31171513679872,31171530457088,1.54007906161873e-310,1.54007989052334e-310,1.54008071942794e-310,-1.1920928955078125e-07,1.0169222955605197e-41,3036676096,7257,0.28676966963143186,0.024416773946818945,beta,0.08637399846407379,0.08254447301648571,0.4054333382048011,0.5349890429622671,0.5937557544741193,7.578354023886749e-13,True
1,CG,1001044,528,1217,1745,92,27.60969352722168,10.456364631652832,6509108836433920.0,3.923635700109488e-44,2.3426215100535104,5.463375275547554,121764446208,121764511744,121764577280,6.01597268935e-313,6.01597592726e-313,6.01597916517e-313,6755399441055744.0,3.923635700109488e-44,1505820672,28,0.30010536442632263,0.023852170263372413,beta,0.05752860090457168,0.04230857395934251,0.413148827171572,0.9210026954887388,0.9965542981376189,4.5814661093784274e-14,True
1,CG,1001068,54,1247,1301,82,3.1967577934265137,0.3845127522945404,7.205389370190428e-22,0.0,0.41623522988009615,10.260610204063001,475645440,475645696,475645952,2.35000451e-315,2.350005774e-315,2.35000704e-315,7.206294098985408e-22,0.0,475647232,0,0.03898485113934773,0.0032084892048056548,beta,0.4492209969298873,0.11403793358770944,0.8033734434645452,8.472324463579444e-15,0.23662439642679642,2.1490020108555057e-46,True
1,CG,1001069,33,1799,1832,93,1.5282891988754272,0.11272519081830978,2.6036139480139744e-39,0.0,0.2624875165168918,15.710496558770508,1858002,1858003,1858004,9.179764e-318,9.17977e-318,9.179774e-318,2.6036237571032247e-39,0.0,1858009,0,0.016433217192208895,0.0009522878530509017,beta,0.41025280229087263,0.31131533758559526,0.8698342223789384,5.074201588046818e-14,2.9660212052389418e-08,1.5236137965072606e-61,False
1,CG,1001088,123,1037,1160,81,8.9800386428833,1.865120530128479,1.0169222955605197e-41,-2.305843009213694e+18,0.8945585959691928,7.174365064056338,16068843470457936985,16140901064495864921,16212958658533792857,-1.1517219314049141e+164,-7.547924849655245e+168,-4.946608029470062e+173,1.0169222955605197e-41,-3.777893186295716e+22,7257,3858759680,0.11086467460349754,0.010869393350729853,beta,0.22901256103517004,0.12543585326284684,0.6610012563408088,0.00040841496735806497,0.15625541503850945,3.639382411731027e-31,True
1,CG,1001089,94,1738,1832,91,4.556075096130371,0.6378751397132874,3.923635700109488e-44,8233143068786688.0,0.47292800271811664,8.973019954527128,6479272488902590492,6479553963879301148,6479835438856011804,1.5865343250966019e+125,1.6394188025998218e+125,1.692303280103047e+125,3.923635700109488e-44,8479433673408512.0,28,1509031936,0.05006675929813595,0.004552969161456628,beta,0.40119884118889326,0.09466154252182202,0.7715003786936994,3.7883877708151517e-13,0.38858326757181,1.7966264360931198e-47,True
1,CG,1001095,59,965,1024,75,4.274380683898926,0.622221052646637,0.0,7.211722471755287e-22,0.5416560395572183,8.962458350585388,2042935485361291264,2042936584872919040,2042937684384546816,4.2011111202315775e-172,4.201742866264695e-172,4.2023746122978126e-172,0.0,7.212627200550267e-22,0,475659776,0.056991742451985676,0.005116441210380095,beta,0.3948193397742546,0.13580757602602267,0.7620721002971518,1.4002509233613528e-10,0.12572527540869233,2.9396714007064796e-38,True
1,CG,1001096,45,1750,1795,92,2.0999715328216553,0.2079848349094391,0.0,2.6036826116387264e-39,0.2666453199817716,11.41511753008938,7980268279300096,7980272574267392,7980276869234688,3.942782767386188e-308,3.942784889381979e-308,3.94278701137777e-308,0.0,2.6036924207279766e-39,0,1858058,0.022825777530670166,0.0017588060646210062,beta,0.481012905328408,0.2653189248110615,0.8414385407802251,6.485413449197576e-19,4.740475635671092e-06,5.285858176055405e-57,False
1,CG,1001100,48,938,986,73,3.551356554031372,0.520526647567749,1.5777218104420236e-30,1.0170624254069522e-41,0.4175160902759251,8.164746525834598,31173124292608,31173141069824,31173157847040,1.5401594653655e-310,1.5401602942701e-310,1.5401611231747e-310,2.5849394142282115e-26,1.0170624254069522e-41,369098752,7258,0.04864871991823797,0.004829968017234417,beta,0.4619824552173673,0.09484994415390369,0.7463418822702483,5.864289303511824e-14,0.5273208162088598,9.586775192940339e-36,True
1,CG,1001101,59,1720,1779,93,2.9858505725860596,0.30822065472602844,1.0836786603360256e+16,3.923635700109488e-44,0.4001281179661379,12.062623806897069,121770803200,121770868736,121770934272,6.0162867665e-313,6.0162900044e-313,6.0162932423e-313,1.1329367812603904e+16,3.923635700109488e-44,1512177664,28,0.032105920135333976,0.002308230159853687,beta,0.4173908723886782,0.14981931896280373,0.8309571227790039,1.691003900855913e-14,0.03075260646816549,3.3428400744269457e-56,False
1,CG,1001107,15,868,883,68,1.3864219188690186,0.19877934455871582,7.217926326349435e-22,0.0,0.13962110033285852,6.708391538113708,475670272,475670528,475670784,2.350127196e-315,2.35012846e-315,2.350129725e-315,7.218831055144415e-22,0.0,475672064,0,0.020388557630426744,0.002544958229339821,beta,0.5935479934491086,0.39583605430092544,0.8265380129271934,3.1103651836710402e-21,1.1130369621389356e-09,8.923463773766535e-41,False
1,CG,1001108,12,1712,1724,92,0.5567742586135864,0.03775603324174881,2.603749873965014e-39,0.0,1.0,1.0,1858099,1858100,1858101,9.180244e-318,9.18025e-318,9.180254e-318,2.6037596830542642e-39,0.0,1858106,0,0.006051894115365069,0.00037787356464240106,normal,0.33605818648191144,0.902939848667186,0.902939848667186,1.8895784321669814e-09,1.4132755395710585e-65,1.4132755395710585e-65,False
1,CG,1001120,70,816,886,70,5.714936256408691,1.0471967458724976,1.0170624254069522e-41,0.5,0.645798034444672,7.264327360293281,4611686018427395162,4683743612465323098,4755801206503251034,562949953422219.2,3.689348814747856e+19,2.417851639233155e+24,1.0170624254069522e-41,8192.0,7258,1191182336,0.08164194652012416,0.00841475689363566,beta,0.37977452342029994,0.16847122839126527,0.6990012560018,3.4021126558852846e-09,0.0376125637420859,3.920872264440493e-30,False
1,CG,1001121,36,1628,1664,92,2.088927745819092,0.2792910039424896,3.923635700109488e-44,1.4284855068065792e+16,0.1750419521966796,7.534109134683072,6506575561643524124,6506857036620234780,6507138511596945436,1.049228033663886e+127,1.08307409926595e+127,1.1507662304700715e+127,3.923635700109488e-44,1.477743627730944e+16,28,1515388928,0.022705736367598824,0.0025479160577468007,beta,0.5716506566042674,0.34528308505359495,0.808615137691851,1.5403605776109922e-26,5.944360095130422e-10,1.1248153511101682e-52,False
1,CG,1001126,32,802,834,67,2.529353141784668,0.39149707555770874,0.0,7.224259427914294e-22,0.26801781883339915,6.831502436043884,2043042137989185536,2043043237500813312,2043044337012441088,4.262390485443978e-172,4.2630222314770955e-172,4.263653977510213e-172,0.0,7.225164156709274e-22,0,475684608,0.03775153942962191,0.004485001525669496,beta,0.5663996157233684,0.2037541277609281,0.7657973361585506,4.2798657350026927e-19,0.007673651896575983,1.4878547141563338e-34,False
1,CG,1001127,41,1582,1623,91,2.249565839767456,0.2859066426753998,0.0,2.603818537589766e-39,0.20819552932098567,8.213782095556256,7980684891127808,7980689186095104,7980693481062400,3.9429886009779117e-308,3.9429907229737027e-308,3.9429928449694936e-308,0.0,2.603828346679016e-39,0,1858155,0.024720503733708307,0.002558847132602286,beta,0.5216983418055021,0.3121773371391343,0.8247873954571534,6.1425019020907745e-22,3.963289557134167e-08,3.3967840621244787e-54,False
1,CG,1001135,38,723,761,63,2.8971338272094727,0.5894207954406738,3.961408125713217e+28,1.0170624254069522e-41,0.22820539838472484,4.734264737862165,31174751682560,31174768459776,31174785236992,1.54023986911227e-310,1.54024069801687e-310,1.5402415269215e-310,6.490371073168535e+32,1.0170624254069522e-41,1996488704,7258,0.045986251225547184,0.007357943087557871,beta,0.5797244184003013,0.229642146108864,0.7757236227824463,8.1346554435984285e-19,0.002601862496506807,2.3591838727087824e-33,False
1,CG,1001136,38,1537,1575,92,2.010023593902588,0.1859063059091568,1.7662554788593664e+16,3.923635700109488e-44,0.2773874063328793,12.41880255881917,121777160192,121777225728,121777291264,6.0166008436e-313,6.01660408153e-313,6.01660731944e-313,1.829587348619264e+16,3.923635700109488e-44,1518534656,28,0.021848082542419434,0.0015603422474435439,beta,0.48289103781471765,0.2568178713290305,0.8634460555002597,4.648074916931086e-19,1.0728037443934471e-05,5.307177027005963e-60,False
1,CG,1001138,25,713,738,61,1.9812262058258057,0.27367472648620605,7.230463282508442e-22,0.0,0.2600683669600392,7.74718004208771,475695104,475695360,475695616,2.35024988e-315,2.350251147e-315,2.35025241e-315,7.231368011303422e-22,0.0,475696896,0,0.0324791181282919,0.0034887707751387028,beta,0.5152359936471885,0.23782243865179162,0.8315531810826017,1.7198321970727982e-14,0.002015045860539392,4.609646067756863e-37,False
1,CG,1001139,53,1481,1534,92,3.081289768218994,0.4791894257068634,2.6038857999160535e-39,0.0,0.228905313278066,6.605664105927997,1858196,1858197,1858198,9.180723e-318,9.18073e-318,9.180733e-318,2.6038956090053037e-39,0.0,1858203,0,0.03349228008933689,0.004131758304980933,beta,0.5330895238142428,0.2653675227159016,0.8154351585162957,3.9065994344922696e-23,4.718033445368628e-06,1.465519114770525e-53,False
1,CG,1001146,27,727,754,64,1.9840073585510254,0.2352549284696579,1.0170624254069522e-41,-1.0842021724855044e-19,0.30664843620770144,9.58519991440826,11601272640106404954,11673330234144332890,11745387828182260826,-2.751642053663914e-135,-1.8033161362891827e-130,-1.1818212630784788e-125,1.0170624254069522e-41,-1.7763568394002505e-15,7258,2818572288,0.03100011497735977,0.0027579440037880675,beta,0.5136076029191419,0.19601353374201375,0.8088612495755473,4.333818586821824e-15,0.014628548201401895,8.533170025780296e-37,False
1,CG,1001147,28,1465,1493,90,1.8750134706497192,0.22483156621456146,3.923635700109488e-44,2.4206847997116416e+16,0.1827761121440459,8.5904142411306,6533878634384457756,6534160109361168412,6534441584337879068,6.93167423530208e+128,7.364903875008458e+128,7.798133514714835e+128,3.923635700109488e-44,2.519201041560371e+16,28,1521745920,0.020833483007219104,0.0020872865723086925,beta,0.5441274041551699,0.3462303069487125,0.8365696474806619,1.4321410581002094e-23,8.51152842219278e-10,3.906132600453585e-55,False
1,CG,1001148,31,706,737,62,2.5481770038604736,0.3638606369495392,0.0,7.236796384073301e-22,0.34019343533065954,7.937093801210068,2043148790617079808,2043149890128707584,2043150989640335360,4.3236698506563784e-172,4.324301596689496e-172,4.3249333427226135e-172,0.0,7.237701112868281e-22,0,475709440,0.04109962909452377,0.0042480574954701445,beta,0.48374950929512966,0.1544490257339403,0.7956763814198322,4.998153325514036e-13,0.10383512020784802,1.610473528184179e-34,True
1,CG,1001149,23,1434,1457,90,1.49590265750885,0.1765097826719284,0.0,2.6039544635408054e-39,0.1428202466756544,8.449866006194947,7981101502955520,7981105797922816,7981110092890112,3.9431944345696353e-308,3.9431965565654263e-308,3.9431986785612173e-308,0.0,2.6039642726300556e-39,0,1858252,0.016621140638987224,0.0017038895979689783,beta,0.5548560701337639,0.4079966376706391,0.835309951954355,1.715051091001925e-24,1.942017238268615e-13,5.706685858614649e-55,False
1,CG,1001152,43,662,705,59,3.6956653594970703,0.6420619487762451,-8589934592.0,1.0170624254069522e-41,0.4569120435356297,6.837528320045001,31176379072512,31176395849728,31176412626944,1.54032027285903e-310,1.54032110176364e-310,1.54032193066825e-310,-140737488355328.0,1.0170624254069522e-41,3623878656,7258,0.06263839592367916,0.007078817220459338,beta,0.44327977595402396,0.1186644209644841,0.7274957193089582,1.7029411725459102e-10,0.3770781069230407,1.5089923966150919e-27,True
1,CG,1001153,37,1413,1450,91,2.208704948425293,0.25829771161079407,3.096224743817216e+16,3.923635700109488e-44,0.22846577675448235,9.184464501452437,121783517184,121783582720,121783648256,6.01691492076e-313,6.01691815867e-313,6.0169213966e-313,3.1947409856659456e+16,3.923635700109488e-44,1524891648,28,0.024271482949728494,0.0022743240790456514,beta,0.5117525286949953,0.2918839180576329,0.8248154290248981,3.988182923601301e-21,3.689645919065362e-07,3.3683151571183616e-54,False
1,CG,1001159,51,619,670,57,4.642996788024902,1.231178879737854,7.243000238667449e-22,0.0,0.3186700338134256,3.5934997902566392,475719936,475720192,475720448,2.35037257e-315,2.350373833e-315,2.3503751e-315,7.243904967462428e-22,0.0,475721728,0,0.08145608400043688,0.015231759702834623,beta,0.48928669284611315,0.1149892218887135,0.6742965617604904,2.8077991833686086e-12,0.43817364434089406,6.169125257667657e-23,True
1,CG,1001160,106,1223,1329,87,6.751077175140381,1.3151440620422363,2.604021725867093e-39,0.0,0.5260738498338254,6.2533516771141935,1858293,1858294,1858295,9.1812e-318,9.181207e-318,9.18121e-318,2.6040315349563432e-39,0.0,1858300,0,0.07759858822000437,0.009200814003337762,beta,0.3447755622984291,0.12106236776311752,0.7064517958518512,2.0813157028388486e-09,0.1560639212061934,3.8670052810391135e-38,True
1,CG,1001199,19,757,776,63,1.5161770582199097,0.2371029257774353,1.0172025552533847e-41,2.350988701644575e-38,0.1506241557329824,6.108091974900844,144115188075863131,216172782113791067,288230376151719003,1.3449746190516198e-284,8.814425663416695e-280,5.776622002776766e-275,1.0172025552533847e-41,3.851859888774472e-34,7259,150994944,0.024066302511427138,0.0032357120973133756,beta,0.5775293818191297,0.37717865283970053,0.820989914508098,1.1203210651514057e-18,3.282473219547766e-08,2.616182557439029e-37,False
1,CG,1001200,19,912,931,76,1.3490322828292847,0.17780400812625885,3.923635700109488e-44,3.96879717162025e+16,0.13311169810141021,7.3659594393884715,6561181707125391388,6561463182102102044,6561744657078812700,4.713538480005413e+130,4.990805449417494e+130,5.268072418829576e+130,3.923635700109488e-44,4.165829655317709e+16,28,1528102912,0.017750424774069535,0.002051441494294751,beta,0.5829137041933605,0.41283750264671637,0.840648581027042,7.424382868540763e-23,1.1224267221575088e-11,4.471665616219322e-47,False
1,CG,1001217,32,769,801,66,2.5834269523620605,0.46107396483421326,0.0,7.249333340232308e-22,0.22670487890895485,5.565029233917651,2043255443244974080,2043256542756601856,2043257642268229632,4.384949215868779e-172,4.3855809619018964e-172,4.386212707935014e-172,0.0,7.250238069027288e-22,0,475734272,0.03914283261154637,0.005537712554980734,beta,0.5732231794385063,0.24538711698762966,0.774607612540706,2.9126652999499684e-19,0.0007064830640792932,8.015583510805854e-35,False
1,CG,1001218,30,650,680,61,2.7443182468414307,0.5736274719238281,0.0,2.604090389491845e-39,0.2126423377112568,4.5139168415369335,7981518114783232,7981522409750528,7981526704717824,3.943400268161359e-308,3.94340239015715e-308,3.943404512152941e-308,0.0,2.604100198581095e-39,0,1858349,0.044988823718711976,0.007502730368143905,beta,0.6020174456032525,0.244314919222644,0.7562619035120595,1.2540939511112968e-19,0.001375406507351423,9.950003724837704e-31,False
1,CG,1001230,29,708,737,61,2.423004627227783,0.4021414518356323,1.862645149230957e-09,1.0172025552533847e-41,0.2574609771185949,6.224210344410364,31178006462464,31178023239680,31178040016896,1.5404006766058e-310,1.5404015055104e-310,1.540402334415e-310,3.0517578125e-05,1.0172025552533847e-41,956301312,7259,0.039721387331603006,0.00509827244218752,beta,0.5145910434385546,0.22617900831883775,0.7979999574108523,1.864993485463449e-14,0.003895240051309193,3.6362780143166447e-34,False
1,CG,1001231,25,581,606,56,2.296227216720581,0.42988476157188416,5.319877059831398e+16,3.923635700109488e-44,0.2231411944573554,5.218788418875191,121789874176,121789939712,121790005248,6.0172289979e-313,6.0172322358e-313,6.0172354737e-313,5.516909543528858e+16,3.923635700109488e-44,1531248640,28,0.041004057441438944,0.006104184161434145,beta,0.5999733614963,0.23856948382122517,0.7433594605744591,6.192005285408728e-18,0.0034088596101581182,2.6475017972402466e-27,False
1,CG,1001263,21,500,521,47,1.9399324655532837,0.404986172914505,7.255537194826455e-22,0.0,0.18996292058188197,4.412391762317888,475744768,475745024,475745280,2.350495255e-315,2.35049652e-315,2.350497785e-315,7.256441923621435e-22,0.0,475746560,0,0.041275158841559224,0.007063372875149904,beta,0.6184358823469953,0.2763159141892455,0.7534114897655899,4.869504830842203e-16,0.001527995769788885,1.3437850090584712e-23,False
1,CG,1001264,29,383,412,39,2.8652708530426025,0.5629094243049622,2.6041576518181325e-39,0.0,0.46580266302755746,5.8743671812243825,1858390,1858391,1858392,9.18168e-318,9.181686e-318,9.18169e-318,2.6041674609073827e-39,0.0,1858397,0,0.07346848341134879,0.009273745267610014,beta,0.4542403222331822,0.14819036891461673,0.7148935159324419,2.0486268609738494e-07,0.35856541809459685,9.737702461483268e-18,True
1,CG,1001274,29,424,453,43,2.8130342960357666,0.8774272203445435,1.0172025552533847e-41,5.902958103587057e+20,0.17684813945984815,2.526449864226056,7133701809754872923,7205759403792800859,7277816997830728795,2.124551971270493e+183,1.3923463798918302e+188,9.124881235259098e+192,1.0172025552533847e-41,9.671406556917033e+24,7259,1778384896,0.06541940223338992,0.016509528529425208,beta,0.6175364909488075,0.26112864785349077,0.6926663518925342,1.1423929761852482e-14,0.0056786853523312026,2.4061423987683665e-18,False
1,CG,1001275,16,354,370,35,1.4880342483520508,0.21419262886047363,3.923635700109488e-44,6.699104445713613e+16,0.34736333933193675,7.822957263222782,6588484779866325020,6588766254843035676,6589047729819746332,3.1941154876271964e+132,3.3715663480509285e+132,3.5490172084746607e+132,3.923635700109488e-44,6.896136929411072e+16,28,1534459904,0.04251526423863002,0.004439072341048676,beta,0.5161845204137359,0.13652578853584546,0.775211300968141,1.588159480770667e-08,0.5316709042431952,1.0757300786993467e-18,True
1,CG,1001315,7,108,115,11,0.6151515245437622,0.09861341118812561,0.0,7.2618702963913145e-22,0.4038756707865915,6.818137445327299,2043362095872868352,2043363195384496128,2043364294896123904,4.4462285810811793e-172,4.446860327114297e-172,4.4474920731474144e-172,0.0,7.262775025186294e-22,0,475759104,0.055922865867614746,0.006421237499280608,beta,0.5269633380651233,0.17563308418916102,0.7999999999999967,0.004444709604195038,0.8865607696605021,1.5351955061890638e-06,True
1,CG,1001316,2,235,237,23,0.21590909361839294,0.023889463394880295,0.0,2.6042263154428844e-39,1.0,1.0,7981934726610944,7981939021578240,7981943316545536,3.9436061017530826e-308,3.9436082237488736e-308,3.9436103457446645e-308,0.0,2.6042361245321347e-39,0,1858446,0.009387351896451868,0.0009937567616109305,normal,0.5358685271549977,0.8929125244817312,0.8929125244817312,3.667550983397663e-06,2.3608954030514593e-16,2.3608954030514593e-16,False
1,CG,1001318,13,88,101,10,1.209596037864685,0.2745702266693115,-4.0389678347315804e-28,1.0172025552533847e-41,0.781541402912688,5.679635539203895,31179633852416,31179650629632,31179667406848,1.54048108035257e-310,1.54048190925717e-310,1.5404827381618e-310,-6.617444900424222e-24,1.0172025552533847e-41,2583691264,7259,0.1209596037864685,0.014250885465279674,beta,0.34948212784274485,0.2186215984599026,0.6588235294117647,0.17372791731039167,0.725595730510638,0.00033957297772798853,True
1,CG,1001319,6,248,254,25,0.6527777910232544,0.11824846267700195,8.89460926405673e+16,3.923635700109488e-44,0.13135059238500815,4.899097524542769,121796231168,121796296704,121796362240,6.01754307503e-313,6.01754631294e-313,6.01754955085e-313,9.288674231451648e+16,3.923635700109488e-44,1537605632,28,0.026111111640930176,0.004216821204119749,beta,0.6622723979303555,0.38088430399620893,0.8199108950722126,5.982040063212191e-10,0.0014151843533388652,5.049199836750399e-15,False
1,CG,1001340,5,22,27,3,0.625,0.265625,7.268074150985462e-22,0.0,0.2991452991452992,1.136752136752137,475769600,475769856,475770112,2.35061794e-315,2.350619206e-315,2.35062047e-315,7.268978879780442e-22,0.0,475771392,0,0.20833333333333334,0.06770833333333333,beta,0.4297388757744912,0.21952426465253855,0.5254901960784313,0.6367194360689075,0.9987027406017818,0.37883502152225274,True
1,CG,1001341,9,183,192,18,0.8304195404052734,0.20030473172664642,2.604293577769172e-39,0.0,0.16691864910621437,3.4511750224920497,1858487,1858488,1858489,9.18216e-318,9.182166e-318,9.18217e-318,2.6043033868584223e-39,0.0,1858494,0,0.04613441891140408,0.009529047575139641,beta,0.6678152019238106,0.2883501563681199,0.7577243218715112,2.129880021879644e-07,0.10023598547489833,2.1109787259496833e-09,True
1,CG,1001381,0,89,89,9,0.0,0.0,1.0172025552533847e-41,-128.0,1.0,1.0,14123288431433882715,14195346025471810651,14267403619509738587,-1.0384593717086393e+34,-6.805647338429739e+38,-4.460149039713314e+43,1.0172025552533847e-41,-2097152.0,7259,3405774848,0.0,0.0,normal,0.7096516359580733,0.9798192261597299,0.9798192261597299,0.00023131021669154194,6.252647895896507e-08,6.252647895896507e-08,False
1,CG,1001399,6,89,95,9,0.5111111402511597,0.07234568893909454,3.923635700109488e-44,1.1653064035821158e+17,0.5049808998710038,8.387073569154477,6615787852607258652,6616069327583969308,6616350802560679964,2.1578024627525943e+134,2.271371013423783e+134,2.3849395640949714e+134,3.923635700109488e-44,1.2047129003216077e+17,28,1540816896,0.0567901266945733,0.00541495281615292,beta,0.4442614007373381,0.24762107327604077,0.7802656769763977,0.057297184430638574,0.6391913537097819,3.4813187234179055e-05,True
1,CG,1001408,4,90,94,9,0.3261904716491699,0.037352610379457474,0.0,7.274407252550321e-22,0.360452673662821,9.584884008196212,2043468748500762624,2043469848012390400,2043470947524018176,4.50750794629358e-172,4.5081396923266973e-172,4.508771438359815e-172,0.0,7.275311981345301e-22,0,475783936,0.03624338573879666,0.003191295411394574,beta,0.4990998676213002,0.18909904225339336,0.8392156862745098,0.02258054780119539,0.9044044189970712,6.243646039330832e-06,True
1,CG,1001416,14,112,126,12,1.4087412357330322,0.3064750134944916,0.0,2.604362241393924e-39,0.8309037585520577,6.246936266082706,7982351338438656,7982355633405952,7982359928373248,3.943811935344806e-308,3.943814057340597e-308,3.943816179336388e-308,0.0,2.6043720504831742e-39,0,1858543,0.11739510297775269,0.012826881005145972,beta,0.2814025390452218,0.21050065826607606,0.6969109844577602,0.29798966472881827,0.6622427512920364,1.732619732463406e-05,True
1,CG,1001446,4,42,46,5,0.4444444477558136,0.09876543283462524,-1.0141204801825835e+31,1.0172025552533847e-41,0.39703704205560103,4.06962964779065,31181261242368,31181278019584,31181294796800,1.54056148409934e-310,1.54056231300394e-310,1.54056314190855e-310,-1.661534994731145e+35,1.0172025552533847e-41,4211081216,7259,0.08888888955116273,0.014814814851607804,beta,0.5318878496505788,0.2709048151599377,0.7589871400835346,0.11811390915219726,0.8565629783329283,0.006298349658984602,True
1,CG,1001447,15,161,176,17,1.5141026973724365,0.36787283420562744,1.4355223812243456e+17,3.923635700109488e-44,0.4071023069531851,4.163749610961202,121802588160,121802653696,121802719232,6.01785715217e-313,6.01786039008e-313,6.017863628e-313,1.508705875169116e+17,3.923635700109488e-44,1543962624,28,0.08906486455131979,0.014563717659210215,beta,0.34370025571478474,0.22802704879891933,0.7820527469830664,0.0360346571545681,0.339692860865232,1.8622623193166284e-09,True
1,CG,1001453,6,70,76,8,0.6666666865348816,0.14814814925193787,7.280611107144469e-22,0.0,0.39791670303791915,4.377083591111012,475794432,475794688,475794944,2.35074063e-315,2.350741893e-315,2.350743157e-315,7.281515835939449e-22,0.0,475796224,0,0.0833333358168602,0.01322751291214473,beta,0.552280324870354,0.25862530767851966,0.7590994634361572,0.015190725931318148,0.6583519571186331,0.00019813444438156132,True
1,CG,1001454,6,171,177,17,0.5583333373069763,0.13673612475395203,2.6044295037202115e-39,0.0,0.1081374189859142,3.184404867003018,1858584,1858585,1858586,9.18264e-318,9.182645e-318,9.18265e-318,2.6044393128094618e-39,0.0,1858591,0,0.03284313748864567,0.007399919137017789,beta,0.6880871904557543,0.40669230329579903,0.803449743342615,2.0410562730532198e-07,0.007223567954656771,5.876300797553917e-10,False
1,CG,1001467,11,103,114,12,1.1666667461395264,0.472222238779068,1.0173426850998172e-41,2.7755575615628914e-17,0.16438921386967736,1.526471156466282,2666130979403340892,2738188573441268828,2810246167479196764,5.075883674639481e-116,3.32653112501173e-111,2.1800754380876875e-106,1.0173426850998172e-41,4.547473508864641e-13,7260,738197504,0.09722222884496053,0.03261784521818959,beta,0.6949322162711018,0.22481669157440692,0.7299624588354838,1.851014376520433e-05,0.5790076489550642,5.586612703743574e-06,True
1,CG,1001468,23,176,199,20,2.1841704845428467,0.6471979022026062,3.923635700109488e-44,1.9815838360430182e+17,0.3847292486460403,3.1381573700380803,6643090925348192284,6643372400324902940,6643653875301613596,1.453677448591221e+136,1.5263613210207817e+136,1.5990451934503424e+136,3.923635700109488e-44,2.060396829522002e+17,28,1547173888,0.10920852422714233,0.02150883510132629,beta,0.4947791370176521,0.18320278627597875,0.5903962398049717,0.00011176539215422519,0.5130720267950672,1.761118184633663e-06,True
1,CG,1001479,14,159,173,18,1.4532828330993652,0.43799901008605957,0.0,7.286944208709328e-22,0.23694463811982663,2.697792764001037,2043575401128656896,2043576500640284672,2043577600151912448,4.56878731150598e-172,4.569419057539098e-172,4.5700508035722153e-172,0.0,7.287848937504308e-22,0,475808768,0.08073793517218696,0.018862585583554754,beta,0.6527852931306893,0.19561638502072587,0.7022005957994563,4.351896948326409e-07,0.4963006423078802,3.9068974260283645e-08,True
1,CG,1001480,18,291,309,32,1.8672369718551636,0.3537399470806122,0.0,2.6044981673449634e-39,0.34768588596281313,5.6108231402139825,7982767950266368,7982772245233664,7982776540200960,3.94401776893653e-308,3.944019890932321e-308,3.944022012928112e-308,0.0,2.6045079764342137e-39,0,1858640,0.05835115537047386,0.007896274594270915,beta,0.5229115597865501,0.12601788182098056,0.7404857119308764,5.0223199358927564e-08,0.6897262318079563,1.1497009243262305e-15,True
1,CG,1001517,6,285,291,29,0.6121794581413269,0.10102203488349915,2199023255552.0,1.0173426850998172e-41,0.11752823448108855,5.449987556231261,31182888632320,31182905409536,31182922186752,1.5406418878461e-310,1.5406427167507e-310,1.5406435456553e-310,3.602879701896397e+16,1.0173426850998172e-41,1543503872,7260,0.021109636487631964,0.0031463981806050083,beta,0.6512870340089373,0.4157083316830547,0.8419672166015252,4.134824002703831e-11,8.871948610871393e-05,2.781440091807598e-18,False
1,CG,1001518,31,461,492,46,2.9052255153656006,0.529849112033844,2.5220157913274778e+17,3.923635700109488e-44,0.42234504635570985,6.264871498318551,121808945152,121809010688,121809076224,6.0181712293e-313,6.0181744672e-313,6.0181777051e-313,2.6008287848064614e+17,3.923635700109488e-44,1550319616,28,0.06315707642099132,0.007696968047548553,beta,0.5114978598372675,0.16560631206485144,0.738848527298545,7.040066573785019e-11,0.1603317143690154,3.087870725047786e-22,True
1,CG,1001534,8,327,335,34,0.9381313323974609,0.16702218353748322,7.293148063303476e-22,0.0,0.14550526690984375,5.127934500091459,475819264,475819520,475819776,2.350863314e-315,2.35086458e-315,2.350865844e-315,7.294052792098456e-22,0.0,475821056,0,0.027592098011690026,0.004276883995943489,beta,0.6499185335804145,0.3582895697217117,0.803449743342615,6.712386625745306e-13,0.000323565467536258,1.7265455531666528e-19,False
1,CG,1001535,10,481,491,45,0.9777777791023254,0.2757253348827362,2.604565429671251e-39,0.0,0.058128812642662765,2.6171176746740414,1858681,1858682,1858683,9.18312e-318,9.183124e-318,9.18313e-318,2.6045752387605013e-39,0.0,1858688,0,0.021728395091162787,0.005783631658796391,beta,0.7229329737238149,0.5232819343216031,0.8687717740156206,7.467397379202853e-21,3.964678441807144e-11,6.308540757036734e-30,False
1,CG,1001544,13,270,283,28,1.1838384866714478,0.1929735541343689,1.0173426850998172e-41,-6.018531076210112e-36,0.281146380770662,6.368492696019457,9655717601082350684,9727775195120278620,9799832789158206556,-2.4810402583280235e-265,-1.6259745436978535e-260,-1.0655986769578252e-255,1.0173426850998172e-41,-9.860761315262648e-32,7260,2365587456,0.042279945952551704,0.005293367663012944,beta,0.5789264790656226,0.17808903259182424,0.7657303163993716,1.4121301476307747e-08,0.3369583445792351,1.098708176972573e-14,True
1,CG,1001545,23,444,467,41,1.9858989715576172,0.3301820755004883,3.923635700109488e-44,3.2651097298436096e+17,0.3331942166823894,6.54578758432189,6670393998089125916,6670675473065836572,6670956948042547228,9.768712454533003e+137,1.0233889238082191e+138,1.069906602163138e+138,3.923635700109488e-44,3.422735716801577e+17,28,1553530880,0.0484365602818931,0.005849799006272206,beta,0.5362110820875494,0.13194017677263356,0.7606372214386696,1.1527697179673799e-10,0.473207938089994,4.976752436477785e-21,True
1,CG,1001571,16,244,260,27,1.7500001192092896,0.3846450448036194,0.0,7.299481164868335e-22,0.3118016577262545,4.498852162350458,2043682053756551168,2043683153268178944,2043684252779806720,4.6300666767183807e-172,4.630698422751498e-172,4.631330168784616e-172,0.0,7.300385893663315e-22,0,475833600,0.06481481922997369,0.01043150397787065,beta,0.5765130918848764,0.16335841766551817,0.7035614848228549,3.209102452788639e-08,0.46709043408262113,4.924560827057528e-12,True
1,CG,1001572,21,406,427,39,1.8565629720687866,0.4461022615432739,0.0,2.604634093296003e-39,0.18166488311439832,3.6344892404199762,7983184562094080,7983188857061376,7983193152028672,3.9442236025282535e-308,3.9442257245240445e-308,3.9442278465198354e-308,0.0,2.6046439023852532e-39,0,1858737,0.04760417877099453,0.00941373962950796,beta,0.6347252550333032,0.2733156023364254,0.7324625436490217,4.504148365221629e-14,0.005895514411053443,1.339868375965397e-18,False
1,CG,1001590,13,213,226,23,1.4250000715255737,0.37426698207855225,-4.76837158203125e-07,1.0173426850998172e-41,0.21504726536002278,3.2558908785134384,31184516022272,31184532799488,31184549576704,1.54072229159287e-310,1.54072312049748e-310,1.5407239494021e-310,-0.0078125,1.0173426850998172e-41,3170893824,7260,0.06195652484893799,0.012999042260788164,beta,0.607882944061398,0.21431272045302005,0.7170010175555037,8.296476737285278e-08,0.2413761138940261,1.0734062339613508e-10,True
1,CG,1001591,28,328,356,34,2.9490010738372803,1.0139029026031494,4.3459736404125286e+17,3.923635700109488e-44,0.21232891074667454,2.235680698145477,121815302144,121815367680,121815433216,6.01848530644e-313,6.01848854435e-313,6.01849178226e-313,4.503599627370496e+17,3.923635700109488e-44,1556676608,28,0.08673532570109647,0.022973343453666355,beta,0.6127847750581542,0.18781775133860634,0.6564751743283527,1.6278024688124014e-11,0.18152951051372154,3.7490290364427395e-13,True
1,CG,1001599,14,191,205,23,1.6555556058883667,0.5373920202255249,7.305685019462483e-22,0.0,0.1809506444093579,2.3329273592122637,475844096,475844352,475844608,2.350986e-315,2.350987265e-315,2.35098853e-315,7.306589748257463e-22,0.0,475845888,0,0.07198067851688551,0.01901018201778394,beta,0.6220044609066232,0.24572790042726947,0.6963973333791034,3.7318670300565425e-08,0.12434757533859801,4.0976465527336845e-10,True
1,CG,1001600,24,326,350,34,2.3605926036834717,0.47997960448265076,2.6047013556222905e-39,0.0,0.3988910746914361,5.346402085316861,1858778,1858779,1858780,9.1836e-318,9.183603e-318,9.18361e-318,2.6047111647115408e-39,0.0,1858785,0,0.06942919422598447,0.009578350367063292,beta,0.5301415916646274,0.1798372538434841,0.7128259841313715,1.0024235661483698e-08,0.22147732469217976,1.9732925387359483e-15,True
1,CG,1001628,34,69,103,11,3.607323408126831,1.3433631658554077,1.0173426850998172e-41,-1.5111572745182865e+23,4.17852196345755,8.563263675856826,16645304222761360476,16717361816799288412,16789419410837216348,-3.919106648532192e+202,-2.568425733182057e+207,-1.683243488498193e+212,1.0173426850998172e-41,-2.4758800785707605e+27,7260,3992977408,0.32793849164789374,0.016038296850815547,beta,0.12487674521296074,0.09940799447711796,0.4784313725490196,0.99544555439849,0.9999104691028146,0.013002965716317039,True
1,CG,1001629,52,204,256,26,5.371212005615234,1.9664860963821411,3.923635700109488e-44,5.4493555491183e+17,0.7813340124118295,3.0008075789962096,6697697070830059548,6697978545806770204,6698260020783480860,6.549689112372602e+139,6.847402253844083e+139,7.145115395315564e+139,3.923635700109488e-44,5.6069815360762675e+17,28,1559887872,0.20658507713904747,0.034274953994877594,beta,0.20325708247909458,0.12072568165556265,0.47061174154091434,0.23299422325473007,0.8430017466452506,1.9924225480231902e-05,True
1,CG,1001635,13,105,118,13,1.4111111164093018,0.32109567523002625,0.0,7.312018121027342e-22,0.6420437297572859,5.27284730170401,2043788706384445440,2043789805896073216,2043790905407700992,4.691346041930781e-172,4.6919777879638987e-172,4.692609533997016e-172,0.0,7.312922849822322e-22,0,475858432,0.10854700895456168,0.01399364868677202,beta,0.40441485883704315,0.21756338405646494,0.6794094279074129,0.028461825926089642,0.5696603883127053,1.2269681485179283e-05,True
1,CG,1001636,2,203,205,21,0.20000000298023224,0.020000001415610313,0.0,2.6047700192470424e-39,1.0,1.0,7983601173921792,7983605468889088,7983609763856384,3.944429436119977e-308,3.944431558115768e-308,3.944433680111559e-308,0.0,2.6047798283362927e-39,0,1858834,0.009523809665725344,0.000904761972704104,normal,0.5171230642198861,0.8846356957504934,0.8846356957504934,2.6500793329366823e-05,1.0628620176164832e-14,1.0628620176164832e-14,False
1,CG,1001637,17,99,116,13,1.8899571895599365,0.4266393184661865,1.0339757656912846e-25,1.0174828149462497e-41,1.2818192548510843,7.535126655412689,31186143412224,31186160189440,31186176966656,1.54080269533964e-310,1.54080352424424e-310,1.54080435314885e-310,1.6940658945086007e-21,1.0174828149462497e-41,503316480,7261,0.14538132227384126,0.012656236933917505,normal,0.27019798864078703,0.2755357392974459,0.7372549019607844,0.29867379356094254,0.277078254929922,1.4571656108888514e-06,True
1,CG,1001638,17,200,217,23,1.7002137899398804,0.26459354162216187,7.295831396340204e+17,3.923635700109488e-44,0.7275503329814667,9.11453997212389,121821659136,121821724672,121821790208,6.01879938357e-313,6.0188026215e-313,6.0188058594e-313,7.611083370256138e+17,3.923635700109488e-44,1563033600,28,0.07392233869303828,0.006314080090529626,beta,0.3917797486738802,0.21235903343297358,0.7801941883449841,0.0017165206622008014,0.25075724994791343,1.382414497533706e-12,True
1,CG,1001645,27,75,102,11,2.904914617538452,1.4258860349655151,7.31822197562149e-22,0.0,0.5150136965936275,1.4351815443702538,475868928,475869184,475869440,2.351108687e-315,2.35110995e-315,2.351111217e-315,7.319126704416469e-22,0.0,475870720,0,0.2640831470489502,0.06587470408574632,beta,0.34137926850566674,0.21140106689723814,0.40614697094940255,0.15394109245128665,0.7093398736826799,0.05308348146700405,True
1,CG,1001646,29,137,166,18,3.2277779579162598,1.0506635904312134,2.60483728157333e-39,0.0,0.7714496505677243,3.5306101228323676,1858875,1858876,1858877,9.18408e-318,9.184083e-318,9.184087e-318,2.6048470906625803e-39,0.0,1858882,0,0.17932099766201443,0.027756189810953534,beta,0.30057327654540295,0.20141755409039552,0.5247733650896853,0.07735846246239268,0.45844478513856496,9.896068885978967e-05,True
1,CG,1001654,25,70,95,10,2.5801281929016113,0.9719448685646057,1.0174828149462497e-41,32768.0,1.193635381253179,3.4326284785700687,5188146770730818653,5260204364768746589,5332261958806674525,1.9156194260854496e+53,1.2554203470793602e+58,8.227522786619295e+62,1.0174828149462497e-41,536870912.0,7261,1325400064,0.2580128192901611,0.034026524376003585,beta,0.1812169692396876,0.17248900690935065,0.4784313725490196,0.8978222672701535,0.9273049743393244,0.020552237372936433,True
1,CG,1001655,26,135,161,18,2.7713675498962402,1.2061949968338013,3.923635700109488e-44,9.502595213751747e+17,0.2834197088423211,1.5573880033475618,6725000143570993180,6725281618547703836,6725563093524414492,4.382337442460213e+141,4.572873853001961e+141,4.763410263543708e+141,3.923635700109488e-44,9.817847187667681e+17,28,1566244864,0.15396486388312447,0.04585304524964227,beta,0.46159645598453136,0.11634179124230304,0.5247101288721814,0.0009327072361951517,0.9678935608330315,9.919740376711744e-05,True
1,CG,1001656,7,79,86,9,0.694444477558136,0.13657407462596893,0.0,7.324555077186349e-22,0.452476578474538,5.411619598933578,2043895359012339712,2043896458523967488,2043897558035595264,4.7526254071431816e-172,4.753257153176299e-172,4.7538888992094167e-172,0.0,7.3254598059813285e-22,0,475883264,0.07716049750645955,0.010373799155871222,beta,0.47573830774410586,0.17499881174998455,0.7404301629089076,0.03402217992427655,0.945674932563395,0.00010358524199666,True
1,CG,1001657,10,147,157,18,1.2000000476837158,0.4150000214576721,0.0,2.604905945198082e-39,0.14383637768158145,2.013709201808982,7984017785749504,7984022080716800,7984026375684096,3.944635269711701e-308,3.9446373917074917e-308,3.9446395137032827e-308,0.0,2.6049157542873322e-39,0,1858931,0.06666666931576198,0.01970588324116725,beta,0.7021755625866284,0.2900257687745089,0.7577243218715112,3.911845194900097e-08,0.09680038362889386,2.1109787259496833e-09,True
1,CG,1001659,17,85,102,11,1.7805556058883667,0.5011188387870789,2.596148429267414e+33,1.0174828149462497e-41,0.8696016472330236,4.502664227491353,31187770802176,31187787579392,31187804356608,1.5408830990864e-310,1.540883927991e-310,1.5408847568956e-310,4.253529586511731e+37,1.0174828149462497e-41,2130706432,7261,0.16186869144439697,0.021290263281794352,beta,0.3274753971775713,0.24162476232776325,0.5802886794159203,0.18881647988939892,0.541900913295023,0.0012125596363484162,True
1,CG,1001660,19,115,134,15,2.1500000953674316,0.6891821026802063,1.17994310237107e+18,3.923635700109488e-44,0.5033501927608053,3.0083951823582376,121828016128,121828081664,121828147200,6.0191134607e-313,6.0191166986e-313,6.01911993653e-313,1.242993497154257e+18,3.923635700109488e-44,1569390592,28,0.1433333396911621,0.02721538633391966,beta,0.3574629950857689,0.1437680864214856,0.6065133525522338,0.043271687187602874,0.9158127786887702,3.223021394255926e-05,True
1,CG,1001668,5,73,78,8,0.5381312966346741,0.08327218145132065,7.330758931780496e-22,0.0,0.560316191370657,7.769490231332816,475893760,475894016,475894272,2.351231373e-315,2.35123264e-315,2.351233903e-315,7.331663660575476e-22,0.0,475895552,0,0.06726641207933426,0.0067248599855866,beta,0.4058389910775217,0.20852066347847076,0.7602226969623793,0.1433442709126724,0.8775119228039667,0.0001927976040350761,True
1,CG,1001669,4,71,75,9,0.4749999940395355,0.08812499791383743,2.6049732075243695e-39,0.0,0.2819723176283163,5.060661136054681,1858972,1858973,1858974,9.184557e-318,9.18456e-318,9.184567e-318,2.6049830166136198e-39,0.0,1858979,0,0.052777777115503945,0.00788194426231914,beta,0.5581937717230493,0.16555882562152674,0.7477348664493686,0.007333531947067741,0.9660311353592148,8.51763650173213e-05,True
1,CG,1001676,4,68,72,7,0.35384616255760193,0.0636686459183693,1.0174828149462497e-41,-7.105427357601002e-15,0.2674032591652739,5.022530650608884,12177733392409828445,12249790986447756381,12321848580485684317,-9.363352709399493e-97,-6.136366831632052e-92,-4.021529366778381e-87,1.0174828149462497e-41,-1.1641532182693481e-10,7261,2952790016,0.050549451793943136,0.007630319396948672,beta,0.6022874804426365,0.171225524535548,0.7802295398660127,0.012458452278763703,0.9864399876152422,0.0003978375874245734,True
1,CG,1001677,4,78,82,10,0.5,0.125,3.923635700109488e-44,1.6212958658533786e+18,0.16374999999999998,3.111249999999999,6752303216311926812,6752584691288637468,6752866166265348124,2.926639265921255e+143,3.0485825686679733e+143,3.1705258714146917e+143,3.923635700109488e-44,1.6843462606365655e+18,28,1572601856,0.05,0.011111111111111112,beta,0.6985399554362381,0.2787283256533094,0.7799338123003331,0.00011552608535675093,0.41889421623474876,1.0409540143313823e-05,True
1,CG,1001678,1,70,71,7,0.1111111119389534,0.012345679104328156,0.0,7.3370920333453555e-22,0.12471655437487683,7.732426312702088,2044002011640233984,2044003111151861760,2044004210663489536,4.813904772355582e-172,4.8145365183886996e-172,4.815168264421817e-172,0.0,7.337996762140335e-22,0,475908096,0.015873015991279056,0.0017636684412853916,beta,0.5768449477354696,0.43079088991024334,0.8784313725490196,0.01896130446204863,0.14876371847700873,4.0677465692444626e-05,True
1,CG,1001679,2,73,75,9,0.25,0.03125,0.0,2.6050418711491214e-39,0.21913580246913575,7.669753086419751,7984434397577216,7984438692544512,7984442987511808,3.9448411033034244e-308,3.9448432252992154e-308,3.9448453472950063e-308,0.0,2.6050516802383717e-39,0,1859028,0.027777777777777776,0.0030381944444444445,beta,0.5840202089099116,0.2741761110333526,0.8588235294117648,0.004312292089414625,0.5079614113373228,3.4289577582733663e-06,True
1,CG,1001692,1,58,59,6,0.1111111119389534,0.012345679104328156,-562949953421312.0,1.0174828149462497e-41,0.14506172969661377,7.688271615557649,31189398192128,31189414969344,31189431746560,1.54096350283317e-310,1.5409643317378e-310,1.5409651606424e-310,-9.223372036854776e+18,1.0174828149462497e-41,3758096384,7261,0.018518518656492233,0.00205761318098861,beta,0.577661535855006,0.3944618364885112,0.8784313725490196,0.03647336230327795,0.30796998772881945,0.00019036773009217833,True
1,CG,1001693,0,43,43,5,0.0,0.0,2.0536414300809462e+18,3.923635700109488e-44,1.0,1.0,121834373120,121834438656,121834504192,6.01942753785e-313,6.01943077575e-313,6.01943401366e-313,2.116691824864133e+18,3.923635700109488e-44,1575747584,28,0.0,0.0,normal,0.7096516359580733,0.9798192261597299,0.9798192261597299,0.012998679050787106,0.00013539556146079432,0.00013539556146079432,False
1,CG,1001706,2,63,65,7,0.25,0.03125,7.343295887939503e-22,0.0,0.2948979591836734,7.962244897959183,475918592,475918848,475919104,2.35135406e-315,2.351355324e-315,2.35135659e-315,7.344200616734483e-22,0.0,475920384,0,0.03571428571428571,0.0037202380952380955,beta,0.5518976354122815,0.19725873011864503,0.8588235294117648,0.02812406679202741,0.9481895097738585,6.553391357336335e-05,True
1,CG,1001707,1,27,28,3,0.09090909361839294,0.008264463394880295,2.605109133475409e-39,0.0,0.2929292863065555,9.373736873720674,1859069,1859070,1859071,9.185036e-318,9.18504e-318,9.185046e-318,2.6051189425646593e-39,0.0,1859076,0,0.03030303120613098,0.0027548211470205253,beta,0.4749386295685268,0.22153676177999548,0.8980392156862745,0.5078196940641786,0.9985000022677842,0.015832350804667567,True
1,CG,1001709,0,56,56,6,0.0,0.0,1.0176229447926822e-41,1.5407439555097887e-33,1.0,1.0,720575940379286622,792633534417214558,864691128455142494,4.57671146819473e-246,2.9993936277960984e-241,1.965682607912451e-236,1.0176229447926822e-41,2.524354896707238e-29,7262,285212672,0.0,0.0,normal,0.7096516359580733,0.9798192261597299,0.9798192261597299,0.0047475899633474365,1.984811711759192e-05,1.984811711759192e-05,False
1,CG,1001710,0,27,27,3,0.0,0.0,3.923635700109488e-44,2.6841453779128156e+18,1.0,1.0,6779606289052860444,6779887764029571100,6780169239006281756,1.951092843947503e+145,2.0291365577054027e+145,2.1071802714633025e+145,3.923635700109488e-44,2.8102461674791895e+18,28,1578958848,0.0,0.0,normal,0.7096516359580733,0.9798192261597299,0.9798192261597299,0.09743194470582563,0.006300494564168602,0.006300494564168602,True
1,CG,1001723,2,35,37,4,0.1818181872367859,0.03305785357952118,0.0,7.349628989504362e-22,0.19318181293254605,4.056817944923604,2044108664268128256,2044109763779756032,2044110863291383808,4.8751841375679825e-172,4.8758158836011e-172,4.8764476296342176e-172,0.0,7.350533718299342e-22,0,475932928,0.04545454680919647,0.008264463425667815,beta,0.6345279863032149,0.2602291596326517,0.7999999999999834,0.0798246809738442,0.9493332815157728,0.011952043239199165,True
1,CG,1001724,1,43,44,5,0.125,0.015625,0.0,2.605177797100161e-39,0.17,6.63,7984851009404928,7984855304372224,7984859599339520,3.945046936895148e-308,3.945049058890939e-308,3.94505118088673e-308,0.0,2.6051876061894112e-39,0,1859125,0.025,0.003125,beta,0.6000023150403484,0.3398879750677306,0.8588235294117648,0.05464481212341341,0.6103391069245718,0.0012524779043499162,True
1,CG,1001725,3,41,44,5,0.3499999940395355,0.07249999791383743,0.0001220703125,1.0176229447926822e-41,0.3097499986474094,4.115250057387169,31191025582080,31191042359296,31191059136512,1.54104390657994e-310,1.54104473548454e-310,1.54104556438915e-310,2.0,1.0176229447926822e-41,1090519040,7262,0.06999999880790711,0.011999999687075612,beta,0.5166005054171622,0.1665693651023581,0.739181793534233,0.13862995941946168,0.9990756886334561,0.008474021120191157,True
1,CG,1001726,2,34,36,4,0.2083333432674408,0.0225694440305233,3.548836506367951e+18,3.923635700109488e-44,0.606192269578433,11.032698751341908,121840730112,121840795648,121840861184,6.019741615e-313,6.0197448529e-313,6.0197480908e-313,3.6749372959343247e+18,3.923635700109488e-44,1582104576,28,0.0520833358168602,0.00390624951709199,beta,0.37517596887713295,0.2727341288826143,0.8588235294117648,0.6265745968973835,0.9272951331147287,0.005475478130448876,True
1,CG,1001735,0,30,30,3,0.0,0.0,7.35583284409851e-22,0.0,1.0,1.0,475943424,475943680,475943936,2.351476746e-315,2.35147801e-315,2.351479276e-315,7.35673757289349e-22,0.0,475945216,0,0.0,0.0,normal,0.7096516359580733,0.9798192261597299,0.9798192261597299,0.09743194470582563,0.006300494564168602,0.006300494564168602,True
1,CG,1001736,0,47,47,5,0.0,0.0,2.6052450594264485e-39,0.0,1.0,1.0,1859166,1859167,1859168,9.185515e-318,9.18552e-318,9.185525e-318,2.6052548685156988e-39,0.0,1859173,0,0.0,0.0,normal,0.7096516359580733,0.9798192261597299,0.9798192261597299,0.012998679050787106,0.00013539556146079432,0.00013539556146079432,False
1,CG,1001741,2,41,43,5,0.25,0.0625,1.0176229447926822e-41,3.8685626227668134e+25,0.13999999999999999,2.6599999999999997,7710162562058296414,7782220156096224350,7854277750134152286,7.229475734304694e+221,4.737909217233924e+226,3.105036184606425e+231,1.0176229447926822e-41,6.338253001141147e+29,7262,1912602624,0.05,0.0125,beta,0.7021436574422562,0.31791381445011946,0.7799338123003331,0.01445217504473122,0.6930604192768478,0.004562792981520218,True
1,CG,1001742,2,59,61,6,0.17777778208255768,0.016790123656392097,3.923635700109488e-44,4.431542033332568e+18,0.34003529206064775,11.136155537097288,6806909361793794076,6807190836770504732,6807472311747215388,1.2986473969314577e+147,1.3485953737365136e+147,1.3985433505415695e+147,3.923635700109488e-44,4.557642822898942e+18,28,1585315840,0.029629630347092945,0.002304526737871974,beta,0.46327848640493496,0.1852233907954014,0.8784313725490196,0.15216081241787882,0.9862134250730576,0.00019036773009217833,True
1,CG,1001746,0,35,35,4,0.0,0.0,0.0,7.362165945663369e-22,1.0,1.0,2044215316896022528,2044216416407650304,2044217515919278080,4.936463502780383e-172,4.9370952488135005e-172,4.937726994846618e-172,0.0,7.363070674458349e-22,0,475957760,0.0,0.0,normal,0.7096516359580733,0.9798192261597299,0.9798192261597299,0.03558959319999756,0.000923611945298411,0.000923611945298411,False
1,CG,1001747,5,84,89,9,0.4444444477558136,0.12345679849386215,0.0,2.6053137230512004e-39,0.13331849149582545,2.5663809411803116,7985267621232640,7985271916199936,7985276211167232,3.9452527704868717e-308,3.9452548924826626e-308,3.9452570144784536e-308,0.0,2.6053235321404507e-39,0,1859222,0.04938271641731262,0.012688615545885962,beta,0.6799172120061507,0.337376386268456,0.7673202614379084,0.00048662035727866607,0.25722424828956525,4.99294412352565e-05,True
1,CG,1001755,0,35,35,4,0.0,0.0,-2.6469779601696886e-23,1.0176229447926822e-41,1.0,1.0,31192652972032,31192669749248,31192686526464,1.5411243103267e-310,1.5411251392313e-310,1.5411259681359e-310,-4.336808689942018e-19,1.0176229447926822e-41,2717908992,7262,0.0,0.0,normal,0.7096516359580733,0.9798192261597299,0.9798192261597299,0.03558959319999756,0.000923611945298411,0.000923611945298411,False
1,CG,1001756,2,92,94,10,0.2222222238779068,0.02469135820865631,5.980780305148019e+18,3.923635700109488e-44,0.1977777796238661,8.70222223713994,121847087104,121847152640,121847218176,6.0200556921e-313,6.02005893003e-313,6.02006216793e-313,6.232981884280766e+18,3.923635700109488e-44,1588461568,28,0.02222222238779068,0.0021947873922368954,beta,0.5648888535506137,0.31791498158171994,0.8784313725490196,0.0033835116416133758,0.26432423493751517,3.9685838013276375e-07,True
1,CG,1001764,4,38,42,5,0.4583333432674408,0.126736119389534,7.368369800257517e-22,0.0,0.26868850997135574,2.662458808003436,475968256,475968512,475968768,2.35159943e-315,2.351600697e-315,2.35160196e-315,7.369274529052497e-22,0.0,475970048,0,0.09166666865348816,0.021180557169848013,beta,0.5373120420186919,0.15131557146395025,0.6588235294117648,0.11146235946424402,0.9998452598118636,0.026060371264423513,True
1,CG,1001765,13,101,114,12,1.3145105838775635,0.3083574175834656,2.605380985377488e-39,0.0,0.6055604438842004,4.922523860446699,1859263,1859264,1859265,9.185995e-318,9.186e-318,9.186004e-318,2.6053907944667383e-39,0.0,1859270,0,0.10954254865646362,0.014942052544511015,beta,0.44344044674477706,0.24225339375075972,0.6791641351349915,0.01784200366932,0.4818860597333718,3.113472013845489e-05,True
1,CG,1001767,4,21,25,3,0.4861111044883728,0.09047067910432816,1.0176229447926822e-41,-8388608.0,3.598052371895162,18.607071140035778,14699749183737306206,14771806777775234142,14843864371813162078,-3.533694129562467e+72,-2.315841784750058e+77,-1.517710072053798e+82,1.0176229447926822e-41,-137438953472.0,7262,3539992576,0.1620370348294576,0.005851338567679797,beta,0.29288307910215833,0.23246625346631333,0.7378520088315647,0.9590910701055259,0.9969146102441429,0.07627105175425809,True
1,CG,1001768,7,154,161,17,0.7658730149269104,0.14167611300945282,3.923635700109488e-44,7.746191359077253e+18,0.24430454738329352,5.178496915222541,6834212434534727708,6834493909511438364,6834775384488149020,8.631010391913687e+148,8.950677443466045e+148,9.270344495018402e+148,3.923635700109488e-44,7.998392938210001e+18,28,1591672832,0.045051353819230026,0.006698281052086259,beta,0.5828493499249275,0.21134997345199172,0.7607843137254902,1.92671840114534e-05,0.43337828997117456,5.682883538481862e-09,True
1,CG,1001779,0,8,8,1,0.0,0.0,0.0,7.374702901822376e-22,1.0,1.0,2044321969523916800,2044323069035544576,2044324168547172352,4.9977428679927834e-172,4.998374614025901e-172,4.9990063600590185e-172,0.0,7.375607630617356e-22,0,475982592,0.0,0.0,normal,0.7096516359580733,0.9798192261597299,0.9798192261597299,0.6951138054838573,0.29226356695974315,0.29226356695974315,True
1,CG,1001780,15,161,176,18,1.6128787994384766,0.32979142665863037,0.0,2.60544964900224e-39,0.5811004613067374,5.90407890069049,7985684233060352,7985688528027648,7985692822994944,3.9454586040785953e-308,3.9454607260743863e-308,3.945462848070177e-308,0.0,2.6054594580914902e-39,0,1859319,0.08960437774658203,0.01089826032084067,beta,0.4302257688471602,0.19953137805082782,0.7210169150535481,0.0025536170854351717,0.47059076070356454,1.4898475807887301e-08,True
1,CG,1001781,0,8,8,1,0.0,0.0,-6.64613997892458e+35,1.0176229447926822e-41,1.0,1.0,31194280361984,31194297139200,31194313916416,1.54120471407347e-310,1.5412055429781e-310,1.5412063718827e-310,9.4039548065783e-38,1.0177630746391146e-41,50331648,7263,0.0,0.0,normal,0.7096516359580733,0.9798192261597299,0.9798192261597299,0.6951138054838573,0.29226356695974315,0.29226356695974315,True
1,CG,1001782,8,138,146,14,0.7409090995788574,0.13693730533123016,9.727775195120271e+18,3.923635700109488e-44,0.29992694868016484,5.367404285217573,121853444096,121853509632,121853575168,6.02036976925e-313,6.02037300716e-313,6.02037624507e-313,1.0232178353385767e+19,3.923635700109488e-44,1594818560,28,0.05292207854134696,0.007517450443947632,beta,0.5333295435577717,0.15513913641602783,0.7406967013658105,0.000695288231795326,0.8890291964456355,4.2612303618653795e-07,True
1,CG,1001788,1,8,9,1,0.1111111119389534,0.012345679104328156,7.380906756416524e-22,0.0,109739370.42055842,877914956.0058692,475993088,475993344,475993600,2.35172212e-315,2.351723384e-315,2.35172465e-315,7.381811485211504e-22,0.0,475994880,0,0.1111111119389534,0.0,beta,0.4852960439113265,0.4852960439113265,0.8784313725490196,0.9725787310547117,0.9725787310547117,0.423189204087232,True
1,CG,1001789,8,208,216,22,0.8361110687255859,0.14185956120491028,2.6055169113285275e-39,0.0,0.2270609023103273,5.7474322454017095,1859360,1859361,1859362,9.186474e-318,9.18648e-318,9.186484e-318,2.6055267204177778e-39,0.0,1859367,0,0.03800504857843572,0.005242053305763171,beta,0.5841933872499909,0.2438973022700886,0.7702409123888236,6.018503428074918e-07,0.1459310320284118,9.209554882691484e-12,True
1,CG,1001791,2,15,17,2,0.25,0.0625,1.0177630746391146e-41,1.8189894035458565e-12,0.3125,2.1875,3242591731706764383,3314649325744692319,3386706919782620255,1.7272337110216745e-77,1.1319598848551646e-72,7.418412301386807e-68,1.0177630746391146e-41,2.9802322387695312e-08,7263,872415232,0.125,0.03125,beta,0.45265696592540616,0.3094794702852104,0.7372549019607844,0.8070903216035774,0.9908611384802603,0.2270686307322397,True
1,CG,1001792,21,234,255,26,2.259065866470337,0.6903687119483948,3.923635700109488e-44,1.325859730297874e+19,0.2619108272472442,2.7524685272901657,6861515507275661340,6861796982252371996,6862078457229082652,5.7284335638182686e+150,5.9330204768117775e+150,6.137607389805286e+150,3.923635700109488e-44,1.3763000461244236e+19,28,1598029824,0.08688714871039757,0.01976339680247214,beta,0.5112000896475851,0.15791504398545148,0.7019477486443882,2.5086132048521863e-06,0.5356863578570097,1.491212919134489e-11,True
1,CG,1001805,3,14,17,2,0.3611111044883728,0.07484567910432816,0.0,7.387239857981383e-22,2.589165866396376,11.750829964331354,2044428622151811072,2044429721663438848,2044430821175066624,5.059022233205184e-172,5.0596539792383014e-172,5.060285725271419e-172,0.0,7.388144586776363e-22,0,476007424,0.1805555522441864,0.009645064211921905,beta,0.2507260020092198,0.24965141814510894,0.7372549019607844,0.9996128780549779,0.999642769879235,0.2270686307322397,True
1,CG,1001806,20,270,290,29,2.1010684967041016,0.4347103238105774,0.0,2.6055855749532795e-39,0.4101430993733985,5.250857434634246,7986100844888064,7986105139855360,7986109434822656,3.945664437670319e-308,3.94566655966611e-308,3.945668681661901e-308,0.0,2.6055953840425297e-39,0,1859416,0.07245063781738281,0.010088806111655555,beta,0.5021046924197642,0.16248348382067157,0.7062304865114115,8.925512480677544e-07,0.4281569289040743,5.466214804050912e-13,True
1,CG,1001807,0,25,25,3,0.0,0.0,1.4411518807585587e+17,1.0177630746391146e-41,1.0,1.0,31195907751936,31195924529152,31195941306368,1.54128511782024e-310,1.54128594672484e-310,1.54128677562945e-310,2.3611832414348226e+21,1.0177630746391146e-41,1677721600,7263,0.0,0.0,normal,0.7096516359580733,0.9798192261597299,0.9798192261597299,0.09743194470582563,0.006300494564168602,0.006300494564168602,True
1,CG,1001808,12,295,307,31,1.3958333730697632,0.3025173544883728,1.6717361816799281e+19,3.923635700109488e-44,0.19732552186558122,4.185068033018486,121859801088,121859866624,121859932160,6.0206838464e-313,6.0206870843e-313,6.0206903222e-313,1.7221764975064777e+19,3.923635700109488e-44,1601175552,28,0.045026883002250426,0.007988910950284134,beta,0.6248189742116307,0.25800450585396006,0.7620493358633775,6.15251333278444e-11,0.032258646338139796,4.617802167103555e-16,False
1,CG,1001818,1,24,25,3,0.125,0.015625,7.3934437125755305e-22,0.0,0.2777777777777777,6.3888888888888875,476017920,476018176,476018432,2.351844805e-315,2.35184607e-315,2.351847335e-315,7.39434844137051e-22,0.0,476019712,0,0.041666666666666664,0.005208333333333334,beta,0.5297087273305674,0.2216445071567722,0.8588235294117648,0.36904923397716094,0.998488470830897,0.023937197194770898,True
1,CG,1001819,35,325,360,36,3.6595211029052734,0.9405737519264221,2.605652837279567e-39,0.0,0.4697867228806397,4.151670989243613,1859457,1859458,1859459,9.186953e-318,9.18696e-318,9.186963e-318,2.6056626463688173e-39,0.0,1859464,0,0.10165336396959093,0.0162448891799541,beta,0.4118632856517695,0.14270019627585107,0.6673352290353128,9.926414959865099e-06,0.45594742084202705,2.3753013480817266e-14,True
1,CG,1001822,0,35,35,4,0.0,0.0,1.0177630746391146e-41,-3.944304526105059e-31,1.0,1.0,10232178353385774175,10304235947423702111,10376293541461630047,-8.44254251529997e-227,-5.532904662826988e-222,-3.626044399830295e-217,1.0177630746391146e-41,-6.462348535570529e-27,7263,2499805184,0.0,0.0,normal,0.7096516359580733,0.9798192261597299,0.9798192261597299,0.03558959319999756,0.000923611945298411,0.000923611945298411,False
1,CG,1001823,12,360,372,37,1.1558080911636353,0.2154110074043274,3.923635700109488e-44,2.204962377560595e+19,0.15856063920881797,4.917319773446705,6888818580016594972,6889100054993305628,6889381529970016284,3.7971331051595376e+152,3.9280687294753833e+152,4.059004353791229e+152,3.923635700109488e-44,2.305843009213694e+19,28,1604386816,0.031238056517936087,0.004980716914685276,beta,0.6530614972783368,0.3302488776071055,0.7907384292657059,3.9319239454843347e-14,0.000625091458479551,1.6081292391596232e-20,False
1,CG,1001827,2,46,48,5,0.2222222238779068,0.04938271641731262,0.0,7.39977681414039e-22,0.14666666804916328,3.1533333384700946,2044535274779705344,2044536374291333120,2044537473802960896,5.1203015984175843e-172,5.120933344450702e-172,5.1215650904838194e-172,0.0,7.4006815429353695e-22,0,476032256,0.04444444477558136,0.00987654326506603,beta,0.6895768117999846,0.31775523154633734,0.7799338123003331,0.017214293018308048,0.6936548240228799,0.004562792981520218,True
1,CG,1001828,17,388,405,39,1.6121212244033813,0.26417243480682373,0.0,2.605721500904319e-39,0.2737836961328033,6.349517323386317,7986517456715776,7986521751683072,7986526046650368,3.9458702712620426e-308,3.9458723932578335e-308,3.9458745152536245e-308,0.0,2.6057313099935692e-39,0,1859513,0.04133644165136875,0.005198238944193164,beta,0.5803217364996316,0.18687543463651338,0.7568561603518097,7.813472629430438e-12,0.13119313297835591,7.877509009642101e-20,True
1,CG,1001839,2,80,82,9,0.1538461595773697,0.023668641224503517,-0.03125,1.0177630746391146e-41,0.09211775595999995,5.2967707669482555,31197535141888,31197551919104,31197568696320,1.541365521567e-310,1.5413663504716e-310,1.5413671793762e-310,-512.0,1.0177630746391146e-41,3305111552,7263,0.017094017730818853,0.0026298490306086966,beta,0.6503259234555454,0.4681328756032038,0.8687717740156206,0.0009883424208137737,0.0387148868792038,2.5165744276386716e-06,False
1,CG,1001840,12,488,500,47,1.145707130432129,0.17587421834468842,2.896715280324703e+19,3.923635700109488e-44,0.15587912499092513,6.238703469437197,121866158080,121866223616,121866289152,6.0209979235e-313,6.02100116143e-313,6.02100439934e-313,2.997595911977802e+19,3.923635700109488e-44,1607532544,28,0.024376747456002743,0.003216208803643539,beta,0.6299623270782594,0.3532860063599448,0.8097039803219456,1.2590664276549979e-16,1.6061474612872875e-05,3.437052700291165e-27,False
1,CG,1001841,0,77,77,8,0.0,0.0,7.405980668734537e-22,0.0,1.0,1.0,476042752,476043008,476043264,2.35196749e-315,2.351968756e-315,2.35197002e-315,7.406885397529517e-22,0.0,476044544,0,0.0,0.0,normal,0.7096516359580733,0.9798192261597299,0.9798192261597299,0.0006333167093865791,4.265295128329703e-07,4.265295128329703e-07,False
1,CG,1001842,25,481,506,47,2.1736984252929688,0.3561567962169647,2.6057887632306066e-39,0.0,0.3208569880622962,6.616756005283557,1859554,1859555,1859556,9.18743e-318,9.187437e-318,9.18744e-318,2.6057985723198568e-39,0.0,1859561,0,0.04624890266580785,0.005557078898277618,beta,0.5536223148884072,0.14118572868483698,0.7426855410776859,6.14705214259241e-13,0.3059848057807807,6.073371602917489e-23,True
1,CG,1001856,0,99,99,11,0.0,0.0,1.0177630746391146e-41,-9.903520314283042e+27,1.0,1.0,17221764975064783967,17293822569102711903,17365880163140639839,-1.3336028865781216e+241,-8.739899877478378e+245,-5.72778078370423e+250,1.0177630746391146e-41,-1.6225927682921336e+32,7263,4127195136,0.0,0.0,normal,0.7096516359580733,0.9798192261597299,0.9798192261597299,3.08562079831916e-05,1.3436734805383938e-09,1.3436734805383938e-09,False
1,CG,1001857,18,506,524,48,1.6450660228729248,0.44533342123031616,3.923635700109488e-44,3.602879701896397e+19,0.10279678776986773,2.896624356638999,6916121652757528604,6916403127734239260,6916684602710949916,2.5139639868642453e+154,2.5977627864263865e+154,2.681561585988536e+154,3.923635700109488e-44,3.7181718523570815e+19,28,1610743808,0.0342722088098526,0.008275603723157905,beta,0.7048676709901354,0.4108036091003908,0.813248047943566,3.861070617854222e-21,1.8410217704623534e-07,5.332288914839873e-28,False
1,CG,1001870,3,93,96,10,0.3222222328186035,0.05938271805644035,0.0,7.412313770299396e-22,0.15233585874893987,4.575328567643949,2044641927407599616,2044643026919227392,2044644126430855168,5.18789842396116e-172,5.189161916027395e-172,5.19042540809363e-172,0.0,7.413218499094376e-22,0,476057088,0.03222222328186035,0.005444444591575524,beta,0.6485888646934421,0.33970111119218094,0.7799338123003331,0.0004437704527477913,0.19873673574698392,1.0409540143313823e-05,True
1,CG,1001871,13,549,562,52,1.1632192134857178,0.2317086160182953,0.0,2.6058574268553585e-39,0.09892812196465325,4.323507720327365,7986934068543488,7986938363510784,7986942658478080,3.946076104853766e-308,3.946078226849557e-308,3.946080348845348e-308,0.0,2.6058672359446087e-39,0,1859610,0.022369600259340726,0.004033095435267354,beta,0.6761906361603351,0.4424335463730027,0.8452809668312895,4.4598778805716856e-21,2.8825604665522606e-09,1.0702360333859685e-32,False
1,CG,1001881,2,76,78,8,0.21111111342906952,0.022345680743455887,6.776263578034403e-21,1.0179032044855471e-41,0.2565360297630758,9.464829201888492,31199162531840,31199179309056,31199196086272,1.54144592531377e-310,1.5414467542184e-310,1.541447583123e-310,1.1102230246251565e-16,1.0179032044855471e-41,637534208,7264,0.02638888917863369,0.0023963847095426006,beta,0.5368373229838719,0.24891569397475738,0.8784313725490196,0.019881556553525293,0.7044997856397587,8.691894442179898e-06,True
1,CG,1001882,13,492,505,47,1.1746753454208374,0.21152158081531525,4.8999163945791e+19,3.923635700109488e-44,0.12880317503703398,5.02474776168735,121872515072,121872580608,121872646144,6.02131200066e-313,6.02131523857e-313,6.0213184765e-313,5.101677657885298e+19,3.923635700109488e-44,1613889536,28,0.0249930924557625,0.003960061115254511,beta,0.6667707614566052,0.38573776035193275,0.8309683860516685,1.4174415356972964e-18,1.6854919522078939e-06,1.2939954429113213e-28,False
1,CG,1001883,0,87,87,9,0.0,0.0,7.418517624893544e-22,0.0,1.0,1.0,476067584,476067840,476068096,2.35209018e-315,2.352091443e-315,2.35209271e-315,7.419422353688524e-22,0.0,476069376,0,0.0,0.0,normal,0.7096516359580733,0.9798192261597299,0.9798192261597299,0.00023131021669154194,6.252647895896507e-08,6.252647895896507e-08,False
1,CG,1001884,9,499,508,47,0.857886552810669,0.18427489697933197,2.605924689181646e-39,0.0,0.0709795294432974,3.8176906833082755,1859651,1859652,1859653,9.18791e-318,9.187916e-318,9.18792e-318,2.6059344982708963e-39,0.0,1859658,0,0.018252905378950402,0.003665564671847933,beta,0.6871086936945696,0.5031964357846405,0.8734971975111144,1.065174242845846e-19,9.20878410707393e-11,1.4212457585334284e-31,False
1,CG,1001885,1,94,95,10,0.125,0.015625,1.0179032044855471e-41,2147483648.0,0.08625000000000001,6.813750000000001,5764607523034242144,5836665117072170080,5908722711110098016,6.51851512428087e+91,4.271974071848711e+96,2.799680927726771e+101,1.0179032044855471e-41,35184372088832.0,7264,1459617792,0.0125,0.0015625,beta,0.5914133651851594,0.49733471396532425,0.8798765192300314,0.0018321810510854557,0.014211702521605621,3.7719384599445726e-07,False
1,CG,1001886,10,504,514,48,0.8225957155227661,0.14984557032585144,3.923635700109488e-44,6.312245237722487e+19,0.08280419523372413,4.748975616180523,6943424725498462236,6943706200475172892,6943987675451883548,1.6625681833128874e+156,1.716199415032663e+156,1.823461878472204e+156,3.923635700109488e-44,6.5140065010286854e+19,28,1617100800,0.01713741074005763,0.002888264035658004,beta,0.6658764446595,0.4830806222694726,0.8757122397746274,6.531820864384422e-19,3.7276458676322896e-10,2.1300920075565216e-32,False
1,CG,1001890,2,104,106,11,0.20192307233810425,0.021542159840464592,0.0,7.424850726458403e-22,0.16710505479202778,8.936141946295887,2044748580035493888,2044749679547121664,2044750779058749440,5.310457154385961e-172,5.311720646452196e-172,5.312984138518431e-172,0.0,7.425755455253383e-22,0,476081920,0.01835664293982766,0.001783553010024102,beta,0.5513210990086839,0.3707104375485003,0.8588235294117648,0.002494014010528194,0.097262195120674,1.7941475896842615e-07,True
1,CG,1001891,12,530,542,52,1.0374902486801147,0.13932088017463684,0.0,2.605993352806398e-39,0.14778063039648837,7.25912540114806,7987350680371200,7987354975338496,7987359270305792,3.94628193844549e-308,3.946284060441281e-308,3.9462861824370718e-308,0.0,2.6060031618956483e-39,0,1859707,0.01995173555154067,0.0023259048842288045,beta,0.6070325898909699,0.3797014354109517,0.8260612154986552,4.5461602779451244e-17,6.154799020100034e-07,3.022436702719775e-31,False
1,CG,1001893,0,122,122,13,0.0,0.0,1.7014118346046923e+38,1.0179032044855471e-41,1.0,1.0,31200789921792,31200806699008,31200823476224,1.54152632906054e-310,1.54152715796515e-310,1.54152798686975e-310,-2.407412430484045e-35,1.0179032044855471e-41,2264924160,7264,0.0,0.0,normal,0.7096516359580733,0.9798192261597299,0.9798192261597299,4.116141451590822e-06,2.8875101434818815e-11,2.8875101434818815e-11,False
1,CG,1001894,9,491,500,48,0.7543512582778931,0.13511671125888824,8.012804457017586e+19,3.923635700109488e-44,0.0769791623363818,4.8212691690598355,121878872064,121878937600,121879003136,6.0216260778e-313,6.0216293157e-313,6.0216325536e-313,8.416326983629983e+19,3.923635700109488e-44,1620246528,28,0.015715651214122772,0.00262258702108209,beta,0.6522644541037254,0.4999355317399506,0.8757122397746274,3.656779046754051e-18,7.59713921589851e-11,2.1300920075565216e-32,False
1,CG,1001906,1,137,138,15,0.125,0.015625,7.431054581052551e-22,0.0,1.0,1.0,476092416,476092672,476092928,2.352212864e-315,2.35221413e-315,2.352215394e-315,7.431959309847531e-22,0.0,476094208,0,0.008333333333333333,0.0010416666666666667,normal,0.5539142327363273,0.9131907548732645,0.9131907548732645,0.00020114547886083075,2.7293474734548697e-11,2.7293474734548697e-11,False
1,CG,1001907,11,499,510,48,0.9776155352592468,0.11996565759181976,2.6060606151326856e-39,0.0,0.17052075413809234,8.201887317771192,1859748,1859749,1859750,9.18839e-318,9.188396e-318,9.1884e-318,2.606070424221936e-39,0.0,1859755,0,0.020366990317900974,0.0021288206691609597,beta,0.5674823847943244,0.35707049480195013,0.8404495945263564,7.492164982525113e-14,9.667031343009545e-06,7.103374552287014e-30,False
1,CG,1001911,2,158,160,17,0.2361111044883728,0.027970679104328156,1.0179032044855471e-41,-4.656612873077393e-10,0.10937499214577039,7.76562466323749,12754194144713251936,12826251738751179872,12898309332789107808,-3.186183822270044e-58,-2.088097429762896e-53,-1.3684555315694114e-48,1.0179032044855471e-41,-7.62939453125e-06,7264,3087007744,0.013888888499316047,0.001543209893789924,beta,0.580114226240114,0.4576580309262538,0.86223957094832,2.146775865123056e-05,0.0016153841106242121,2.1044256117751377e-11,False
1,CG,1001912,10,458,468,44,0.8294483423233032,0.19061771035194397,3.923635700109488e-44,1.0837462143304362e+20,0.06682981428916913,3.4783117921031024,6970727798239395868,6971009273216106524,6971290748192817180,1.0983676256209044e+158,1.1670156022222105e+158,1.2356635788235166e+158,3.923635700109488e-44,1.1240984669916758e+20,28,1623457792,0.01885109868916598,0.004069341809145168,beta,0.689602600848841,0.5122087081472526,0.8662479682850726,1.3379319619787003e-18,1.8804576324492244e-10,4.1962326400227086e-29,False
1,CG,1001917,0,152,152,16,0.0,0.0,0.0,7.43738768261741e-22,1.0,1.0,2044855232663388160,2044856332175015936,2044857431686643712,5.433015884810762e-172,5.434279376876997e-172,5.435542868943232e-172,0.0,7.43829241141239e-22,0,476106752,0.0,0.0,normal,0.7096516359580733,0.9798192261597299,0.9798192261597299,2.005450272068585e-07,9.096371265876647e-14,9.096371265876647e-14,False
1,CG,1001918,6,430,436,40,0.5964646339416504,0.05990026891231537,0.0,2.6061292787574375e-39,0.1525702551721746,10.079067732410499,7987767292198912,7987771587166208,7987775882133504,3.9464877720372135e-308,3.9464898940330044e-308,3.9464920160287954e-308,0.0,2.6061390878466878e-39,0,1859804,0.01491161584854126,0.0013078466006086332,beta,0.5396340559624693,0.4011923613234482,0.879340530360901,1.5259313762208121e-10,5.115283769544088e-06,2.728530605548175e-27,False
1,CG,1001949,7,196,203,19,0.6072261333465576,0.0998106449842453,-3.6893488147419103e+19,1.0179032044855471e-41,0.18939169792568591,5.736641558838513,31202417311744,31202434088960,31202450866176,1.5416067328073e-310,1.5416075617119e-310,1.5416083906165e-310,-6.044629098073146e+23,1.0179032044855471e-41,3892314112,7264,0.03195927017613461,0.004466896718367396,beta,0.6275113598932561,0.2912850941132855,0.7999999999999945,6.346881394597024e-07,0.07957128122225261,5.482620628305598e-11,True
1,CG,1001950,3,314,317,31,0.24475525319576263,0.03193310648202896,1.3604473754360794e+20,3.923635700109488e-44,1.0,1.0,121885229056,121885294592,121885360128,6.02194015493e-313,6.02194339284e-313,6.02194663075e-313,1.400799628097319e+20,3.923635700109488e-44,1626603520,28,0.007895330748250407,0.0010000227601892214,normal,0.5476563174606783,0.9153400603986341,0.9153400603986341,1.6792151592199956e-08,5.507241688627872e-23,5.507241688627872e-23,False
1,CG,1001954,7,188,195,18,0.7694444060325623,0.13741514086723328,7.443591537211558e-22,0.0,0.2417451284280536,5.413520252136448,476117248,476117504,476117760,2.35233555e-315,2.352336816e-315,2.35233808e-315,7.444496266006538e-22,0.0,476119040,0,0.042746911446253456,0.006148456998808485,beta,0.5929331538100073,0.2153829780079624,0.7496844266887366,6.373492819290314e-06,0.37397079053921006,3.265622461287503e-09,True
1,CG,1001955,0,273,273,27,0.0,0.0,2.606196541083725e-39,0.0,1.0,1.0,1859845,1859846,1859847,9.18887e-318,9.188875e-318,9.18888e-318,2.6062063501729754e-39,0.0,1859852,0,0.0,0.0,normal,0.7096516359580733,0.9798192261597299,0.9798192261597299,3.094029534744828e-12,6.111276419544977e-23,6.111276419544977e-23,False
1,CG,1001956,8,198,206,20,0.8588384389877319,0.17485085129737854,1.0180433343319796e-41,1.0097419586828951e-28,0.20009264724761786,4.459518244958293,1297036692682710113,1369094286720638049,1441151880758565985,1.5573742111115072e-207,1.0206407629940374e-202,6.688871304357723e-198,1.0180433343319796e-41,1.6543612251060553e-24,7265,419430400,0.0429419219493866,0.007261614635959701,beta,0.62695678238022,0.25706885854745,0.7612613801163675,2.9690752853955264e-07,0.14219036147913477,1.7129937251063818e-10,True
1,CG,1001957,4,254,258,26,0.39772728085517883,0.056947316974401474,3.923635700109488e-44,1.8100867622327498e+20,0.09795992622941391,6.305820263272258,6998030870980329500,6998312345957040156,6998593820933750812,7.468899854222147e+159,7.908246904470506e+159,8.347593954718865e+159,3.923635700109488e-44,1.890791267555229e+20,28,1629814784,0.015297203109814571,0.0020345280790738216,beta,0.6141494491886885,0.46754104755925563,0.8645007181639242,6.06828864465918e-09,2.314403126535404e-05,2.6493019567447895e-17,False
1,CG,1001966,10,170,180,17,1.0416667461395264,0.3211805820465088,0.0,7.449924638776417e-22,0.1578491007536449,2.4182480270052262,2044961885291282432,2044962984802910208,2044964084314537984,5.555574615235563e-172,5.556838107301798e-172,5.558101599368033e-172,0.0,7.450829367571397e-22,0,476131584,0.06127451447879567,0.0160845598705064,beta,0.6814736396996782,0.27821214822878715,0.7446599157369099,2.777157428720171e-07,0.14386305067094926,1.2971929503611425e-08,True
1,CG,1001967,22,245,267,27,2.166494607925415,0.394692599773407,0.0,2.606265204708477e-39,0.6169221973015317,7.071488042081255,7988183904026624,7988188198993920,7988192493961216,3.946693605628937e-308,3.946695727624728e-308,3.946697849620519e-308,0.0,2.6062750137977273e-39,0,1859901,0.08024054103427464,0.00849430385713973,beta,0.40282970993573364,0.17747254890133335,0.7407271783006253,0.0003129307366353981,0.36285086168463443,2.713417051222866e-13,True
1,CG,1001975,3,162,165,16,0.31313133239746094,0.05764717981219292,8.0,1.0180433343319796e-41,0.08976282561552872,4.496827723635126,31204044701696,31204061478912,31204078256128,1.54168713655407e-310,1.5416879654587e-310,1.5416887943633e-310,131072.0,1.0180433343319796e-41,1224736768,7265,0.01957070827484131,0.003434598523608656,beta,0.666757762805714,0.46668705664675575,0.8548908424976068,1.3265060854053723e-06,0.0018802496785810699,1.393990960498989e-10,False
1,CG,1001976,10,242,252,25,1.0921717882156372,0.23248744010925293,2.3634890844440363e+20,3.923635700109488e-44,0.19338099535684614,4.233143234700111,121891586048,121891651584,121891717120,6.02225423207e-313,6.02225747e-313,6.0222607079e-313,2.4441935897665156e+20,3.923635700109488e-44,1632960512,28,0.043686871528625486,0.0076989113129286345,beta,0.6000032935999923,0.27286067261148045,0.779504313190513,3.0453940692290195e-08,0.048339112079793564,1.2781384396864764e-13,False
1,CG,1001984,3,150,153,15,0.375,0.140625,7.456128493370565e-22,0.0,0.04000000000000001,1.56,476142080,476142336,476142592,2.352458237e-315,2.3524595e-315,2.352460767e-315,7.4570332221655445e-22,0.0,476143872,0,0.025,0.009375,beta,0.8004323776095951,0.5513576301624192,0.9131907548732645,8.985869462098113e-09,0.00021894064120984378,2.7293474734548697e-11,False
1,CG,1001985,14,241,255,25,1.3376985788345337,0.23796314001083374,2.6063324670347646e-39,0.0,0.3373769502389224,5.9677981388469385,1859942,1859943,1859944,9.18935e-318,9.189354e-318,9.18936e-318,2.606342276124015e-39,0.0,1859949,0,0.053507943153381345,0.006932735020758187,beta,0.5291650172796685,0.14110791026954217,0.7592156862745099,1.6617594702655822e-06,0.7019947191002572,6.088066083525123e-13,True
1,CG,1001988,0,142,142,14,0.0,0.0,1.0180433343319796e-41,2.535301200456459e+30,1.0,1.0,8286623314361719905,8358680908399647841,8430738502437575777,2.4600631144666926e+260,1.6122269626968917e+265,1.056589062273035e+270,1.0180433343319796e-41,4.153837486827862e+34,7265,2046820352,0.0,0.0,normal,0.7096516359580733,0.9798192261597299,0.9798192261597299,1.503364046708867e-06,4.23290386240913e-12,4.23290386240913e-12,False
1,CG,1001989,12,250,262,26,1.1325619220733643,0.1908252239227295,3.923635700109488e-44,2.9284206217013913e+20,0.2771014818698751,6.0842624208007425,7025333943721263132,7025615418697973788,7025896893674684444,5.061278018861124e+161,5.342460131020074e+161,5.623642243179023e+161,3.923635700109488e-44,3.066771202254213e+20,28,1636171776,0.043560073925898626,0.0056596297148622365,beta,0.5998265301894475,0.1737554597222298,0.7615384615384566,1.498779148811082e-08,0.41237313944998544,1.5997227173321418e-13,True
1,CG,1001998,1,168,169,17,0.0833333358168602,0.006944444961845875,0.0,7.462461594935424e-22,1.0,1.0,2045068537919176704,2045069637430804480,2045070736942432256,5.678133345660364e-172,5.679396837726599e-172,5.680660329792834e-172,0.0,7.463366323730404e-22,0,476156416,0.004901960930403541,0.00040849676284196424,normal,0.3783893088197633,0.9210293985540251,0.9210293985540251,0.015376402946990199,5.957900699822279e-13,5.957900699822279e-13,False
1,CG,1001999,5,256,261,25,0.4391997158527374,0.05122322961688042,0.0,2.6064011306595165e-39,0.1496931154312988,8.371095379425704,7988600515854336,7988604810821632,7988609105788928,3.9468994392206607e-308,3.9469015612164517e-308,3.9469036832122426e-308,0.0,2.6064109397487668e-39,0,1859998,0.017567988634109497,0.001812807250028142,beta,0.5698130608702519,0.3913947621874457,0.841473642862681,1.7805042569425384e-07,0.0009430928546121615,8.420035857327504e-16,False
1,CG,1002000,2,180,182,18,0.1666666716337204,0.01388888992369175,-1.734723475976807e-18,1.0180433343319796e-41,1.0,1.0,31205672091648,31205688868864,31205705646080,1.54176754030084e-310,1.54176836920545e-310,1.54176919811005e-310,-2.842170943040401e-14,1.0180433343319796e-41,2852126720,7265,0.009259259535206689,0.0007262164679509448,normal,0.47087679608652894,0.8989662898946015,0.8989662898946015,0.0006830440027197118,4.635292650427459e-13,4.635292650427459e-13,False
1,CG,1002001,7,237,244,23,0.7666666507720947,0.10876543074846268,4.0121668360318275e+20,3.923635700109488e-44,0.2506429179054973,7.268644775149672,121897943040,121898008576,121898074112,6.0225683092e-313,6.0225715471e-313,6.022574785e-313,4.173575846676786e+20,3.923635700109488e-44,1639317504,28,0.03333333264226499,0.00378226710238842,beta,0.5718865345539113,0.2296912059328789,0.8349531116794544,5.851799641323351e-07,0.1765039326561058,2.3645561788877373e-14,True
1,CG,1002004,2,194,196,19,0.18333333730697632,0.01694444566965103,7.468665449529571e-22,0.0,1.0,1.0,476166912,476167168,476167424,2.352580923e-315,2.35258219e-315,2.352583453e-315,7.469570178324551e-22,0.0,476168704,0,0.009649123016156648,0.0008430799858340821,normal,0.4995350473771562,0.8809817157465382,0.8809817157465382,0.00015237090657902532,3.10762763650461e-13,3.10762763650461e-13,False
1,CG,1002005,4,239,243,23,0.3936507999897003,0.03979340195655823,2.606468392985804e-39,0.0,0.1745052551149601,10.021386300926832,1860039,1860040,1860041,9.18983e-318,9.189833e-318,9.18984e-318,2.6064782020750544e-39,0.0,1860046,0,0.017115252173465233,0.0015025440566567357,beta,0.5401261152969762,0.36686362235314307,0.8784313725490196,2.9706821273053756e-06,0.004095186461769612,7.682857587502343e-16,False
1,CG,1002017,3,212,215,21,0.30202019214630127,0.03061014413833618,1.0180433343319796e-41,-549755813888.0,0.14084590746179393,9.652420018496247,15276209936040729697,15348267530078657633,15420325124116585569,-1.2024538023821424e+111,-7.880401239291608e+115,-5.164499756182148e+120,1.0180433343319796e-41,-9007199254740992.0,7265,3674210304,0.014381913911728631,0.0013133257867642169,beta,0.5439083978560404,0.41767997409760377,0.8794839784949758,8.032784561708185e-06,0.0013148556756467176,1.5568609903825024e-14,False
1,CG,1002018,3,252,255,24,0.22116118669509888,0.01682671159505844,3.923635700109488e-44,5.1420299105465375e+20,1.0,1.0,7052637016462196764,7052918491438907420,7053199966415618076,3.419174483852847e+163,3.599131035634575e+163,3.779087587416303e+163,3.923635700109488e-44,5.303438921191496e+20,28,1642528768,0.00921504944562912,0.0006429869706177866,normal,0.44041285007121,0.9011990729089813,0.9011990729089813,0.00018098438741085773,2.347673526059144e-17,2.347673526059144e-17,False
1,CG,1002023,3,238,241,24,0.3333333432674408,0.0381944440305233,0.0,7.474998551094431e-22,0.1164591415251367,8.268598798390505,2045175190547070976,2045176290058698752,2045177389570326528,5.800692076085165e-172,5.8019555681514e-172,5.803219060217635e-172,0.0,7.47590327988941e-22,0,476181248,0.013888889302810034,0.00145933974456288,beta,0.5680253311034071,0.44927052345035295,0.8588235294117648,3.7580851020780066e-07,0.00012398313929581746,8.42136260086958e-16,False
1,CG,1002024,5,260,265,25,0.4492424428462982,0.056111689656972885,0.0,2.606537056610556e-39,0.14045550403428336,7.675786386668938,7989017127682048,7989021422649344,7989025717616640,3.9471052728123843e-308,3.9471073948081753e-308,3.9471095168039663e-308,0.0,2.6065468656998063e-39,0,1860095,0.01796969771385193,0.002001622448283021,beta,0.5794178767904404,0.4018371009247605,0.821229541365171,1.025303877289248e-07,0.0006232856709329842,4.531375767981693e-15,False
1,CG,1002026,6,229,235,24,0.5972222089767456,0.12750771641731262,3.76158192263132e-37,1.0181834641784121e-41,0.09840253197048782,3.856006282360235,31207299481600,31207316258816,31207333036032,1.5418479440476e-310,1.5418487729522e-310,1.5418496018568e-310,6.162975822039155e-33,1.0181834641784121e-41,184549376,7266,0.0248842587073644,0.004897664541884853,beta,0.7041013072918405,0.4324346989155377,0.8548908424976068,9.255037138771818e-11,0.00025281774025400736,1.1637908503443472e-15,False
1,CG,1002027,6,267,273,26,0.5492424368858337,0.08561785519123077,6.594711006351165e+20,3.923635700109488e-44,0.1264213216266953,5.858102345063883,121904300032,121904365568,121904431104,6.02288238634e-313,6.02288562425e-313,6.02288886216e-313,6.917529027641082e+20,3.923635700109488e-44,1645674496,28,0.021124709110993605,0.002960610739224171,beta,0.6307025097224199,0.4059875311687635,0.8260612154986552,2.0783180098260807e-09,0.0003790667133882564,7.774878394830187e-16,False
1,CG,1002029,15,212,227,23,1.5322803258895874,0.3114815950393677,7.481202405688578e-22,0.0,0.3686157382328983,5.164420114351414,476191744,476192000,476192256,2.35270361e-315,2.352704875e-315,2.35270614e-315,7.482107134483558e-22,0.0,476193536,0,0.06662088373432988,0.009518169345448925,beta,0.5185341672754349,0.14602562557166116,0.7394419688021463,8.501854680928548e-06,0.7107119086165228,2.3868145271423207e-11,True
1,CG,1002030,2,273,275,26,0.25,0.0625,2.6066043189368436e-39,0.0,1.0,1.0,1860136,1860137,1860138,9.19031e-318,9.190313e-318,9.19032e-318,2.606614128026094e-39,0.0,1860143,0,0.009615384615384616,0.002403846153846154,normal,0.6866633195897729,0.9413797234944613,0.9413797234944613,4.496253304854358e-11,1.939961800664835e-20,1.939961800664835e-20,False
1,CG,1002063,10,337,347,36,1.039321780204773,0.17103374004364014,1.0181834641784121e-41,1.1920928955078125e-07,0.17200854338090904,5.786018777563604,3819052484010187874,3891110078048115810,3963167672086043746,5.87747175412092e-39,3.851859888780686e-34,2.5243548967113105e-29,1.0181834641784121e-41,0.001953125,7266,1006632960,0.028870049450132582,0.004029384824415101,beta,0.631307623523246,0.32060773495816275,0.786550424060479,6.897801048207483e-13,0.001221490018087358,9.03599486190882e-20,False
1,CG,1002064,18,349,367,33,1.6100825071334839,0.3388989567756653,3.923635700109488e-44,8.854437155380585e+20,0.22953297982383816,4.4749391827065805,7079940089203130396,7080221564179841052,7080503039156551708,2.303443862806128e+165,2.418616055946434e+165,2.5337882490867397e+165,3.923635700109488e-44,9.177255176670502e+20,28,1648885760,0.04879037900404497,0.00813570065702624,beta,0.5848206282498696,0.2219625303390951,0.7406337538435501,3.1455761645451384e-10,0.07741637864774895,3.7847395920168543e-16,True
1,CG,1002092,8,407,415,38,0.8504902124404907,0.14061298966407776,0.0,7.487535507253437e-22,0.12665359983040192,5.532243731562497,2045281843174965248,2045282942686593024,2045284042198220800,5.923250806509966e-172,5.924514298576201e-172,5.925777790642436e-172,0.0,7.488440236048417e-22,0,476206080,0.022381321380012913,0.003285889051051126,beta,0.6382141311408094,0.40165350570287384,0.8220149520602058,7.19384224399275e-14,9.46799157323226e-06,9.961743756454708e-23,False
1,CG,1002093,16,391,407,37,1.453149676322937,0.2046000361442566,0.0,2.6066729825615955e-39,0.32233782195865274,7.885006271217677,7989433739509760,7989438034477056,7989442329444352,3.947311106404108e-308,3.947313228399899e-308,3.94731535039569e-308,0.0,2.6066827916508458e-39,0,1860192,0.03927431557629559,0.004098016032687716,beta,0.5252385434261375,0.16104817382571598,0.7925808161102279,2.7226998569426734e-09,0.2924921722235859,1.295902204458611e-20,True
1,CG,1002155,8,616,624,54,0.8242424726486206,0.2064589262008667,9.44473296573929e+21,1.0181834641784121e-41,0.04745392659565995,3.061475934700206,31208926871552,31208943648768,31208960425984,1.54192834779437e-310,1.541929176699e-310,1.5419300056036e-310,1.5474250491067253e+26,1.0181834641784121e-41,1811939328,7266,0.015263749493492974,0.003658073501442659,beta,0.693000916935228,0.5615289174306726,0.8872796827063053,5.96300807981567e-23,3.247655214512403e-15,2.3729886732201345e-37,False
1,CG,1002156,30,613,643,53,2.6076598167419434,0.41004809737205505,1.1068046444225731e+21,3.923635700109488e-44,0.37559528393686764,7.25828008617394,121910657024,121910722560,121910788096,6.02319646348e-313,6.0231997014e-313,6.0232029393e-313,1.1390864465515648e+21,3.923635700109488e-44,1652031488,28,0.04920112861777252,0.00541823637186803,beta,0.4994417979846093,0.13339237793149916,0.7484177637578207,6.575197933952941e-12,0.3022621044284527,3.2761527534135633e-26,True
1,CG,1002181,5,741,746,62,0.43803417682647705,0.052985064685344696,7.493739361847585e-22,0.0,1.0,1.0,476216576,476216832,476217088,2.352826296e-315,2.35282756e-315,2.352828826e-315,7.494644090642565e-22,0.0,476218368,0,0.007065067368168984,0.0008178741592869703,normal,0.5133805536713869,0.9153400603986341,0.9153400603986341,1.2813945337505242e-14,1.5164855508479962e-45,1.5164855508479962e-45,False
1,CG,1002182,11,693,704,56,0.8152411580085754,0.08874949812889099,2.606740244887883e-39,0.0,0.1348485003139349,9.128074431627782,1860233,1860234,1860235,9.190787e-318,9.19079e-318,9.190797e-318,2.6067500539771334e-39,0.0,1860240,0,0.014557877821581704,0.001397842126463225,beta,0.5506112448495855,0.42447889909127884,0.8604298119359808,3.5843471968145675e-15,3.4417890568086043e-09,1.9507050402054137e-36,False
1,CG,1002242,510,249,759,66,44.16740798950195,31.756057739257812,1.0181834641784121e-41,-2.5849394142282115e-26,3.709523596635903,1.8336714542523518,10808639105689197666,10880696699727125602,10952754293765053538,-2.872848349936929e-188,-1.882749894614666e-183,-1.2338789709346674e-178,1.0181834641784121e-41,-4.235164736271502e-22,7266,2634022912,0.6692031513560902,0.033832140391583845,beta,0.07839152200494703,0.05653308110386657,0.3643140636173069,0.81205917945904,0.9842619705641934,4.924204049249366e-08,True
1,CG,1002243,592,297,889,69,45.264259338378906,32.16941452026367,3.923635700109488e-44,1.484962897933619e+21,3.4097762192883287,1.7880236026875238,7107243161944064028,7107524636920774684,7107806111897485340,1.5479142758057177e+167,1.6216244794155134e+167,1.695334683025309e+167,3.923635700109488e-44,1.5495265021916023e+21,28,1655242752,0.6560037585272305,0.036410150990232606,beta,0.0784330472813467,0.05814731464607986,0.3400262640878944,0.7896646996886321,0.9737859466475077,2.3536754186781357e-07,True
1,CG,1002255,496,294,790,67,41.96428680419922,28.231000900268555,0.0,7.500072463412444e-22,4.341699281926119,2.5902391362419035,2045388495802859520,2045389595314487296,2045390694826115072,6.045809536934766e-172,6.047073029001002e-172,6.048336521067237e-172,0.0,7.500977192207424e-22,0,476230912,0.6263326388686451,0.02950603648414846,beta,0.08585515358988705,0.06335366699993122,0.30662548767620945,0.7066445837622566,0.950809146405829,6.753671748330625e-06,True
1,CG,1002256,589,413,1002,76,44.44478225708008,28.87468910217285,0.0,2.606808908512635e-39,3.108628962578184,2.207086159826456,7989850351337472,7989854646304768,7989858941272064,3.9475169399958316e-308,3.9475190619916226e-308,3.9475211839874135e-308,0.0,2.6068187176018853e-39,0,1860289,0.5847997665405273,0.038445210857171334,beta,0.06835343057095378,0.04398646721029187,0.2421405829967266,0.8696758343982074,0.9985152047149755,0.00026950429430260393,True
1,CG,1002260,318,454,772,67,27.685537338256836,14.010068893432617,-2048.0,1.0181834641784121e-41,2.159877094331113,3.067103460610721,31210554261504,31210571038720,31210587815936,1.54200875154114e-310,1.54200958044575e-310,1.54201040935035e-310,-33554432.0,1.0181834641784121e-41,3439329280,7266,0.4132169751978632,0.038938407542282207,beta,0.07492392286453997,0.049897464451607976,0.24617543938123998,0.8462269571424256,0.9962323386427544,0.0005946323090780523,True
1,CG,1002261,350,688,1038,78,26.10848045349121,11.763341903686523,1.9276847557026481e+21,3.923635700109488e-44,1.5630975785493386,3.106711196573961,121917014016,121917079552,121917145088,6.0235105406e-313,6.0235137785e-313,6.02351701643e-313,1.9922483599606316e+21,3.923635700109488e-44,1658388480,28,0.33472410837809247,0.03927537743876394,beta,0.12868473463649138,0.08083262770521452,0.3349679289730596,0.150980230844309,0.6879980061500593,5.003210607159252e-08,True
1,CG,1002274,161,681,842,69,13.0405855178833,4.086727619171143,7.506276318006592e-22,0.0,1.02535051321198,4.3999569098791245,476241408,476241664,476241920,2.352948983e-315,2.352950247e-315,2.35295151e-315,7.507181046801572e-22,0.0,476243200,0,0.18899399301280145,0.02385493074884509,beta,0.16941659778712365,0.11393268174714233,0.5045608090318143,0.03809266761179587,0.33193068505312634,1.1047967638929695e-15,True
1,CG,1002275,152,906,1058,79,11.570083618164062,2.9502604007720947,2.6068761708389226e-39,0.0,0.9907462681022006,5.774023785693966,1860330,1860331,1860332,9.191266e-318,9.19127e-318,9.191276e-318,2.606885979928173e-39,0.0,1860337,0,0.14645675466030458,0.0160992756783004,beta,0.18829696762555542,0.12358940820805253,0.6132035888949554,0.007380889963468464,0.17890213313457773,3.1563435458388e-26,True
1,CG,1002285,31,779,810,68,2.6550841331481934,0.44072678685188293,1.0181834641784121e-41,-6.490371073168535e+32,0.25216827248127494,6.206174163694028,17798225727368207458,17870283321406135394,17942340915444063330,-4.538015467773993e+279,-2.9740338169603644e+284,-1.9490628022831444e+289,1.0181834641784121e-41,-1.0633823966279327e+37,7266,4261412864,0.03904535489923814,0.005030717680384712,beta,0.562977096162018,0.21918156248941742,0.7682739604225141,3.811364563765567e-19,0.002907770565514784,2.7464852176707026e-35,False
1,CG,1002286,38,1023,1061,78,2.984273672103882,0.5447548627853394,3.923635700109488e-44,2.3980767295822417e+21,0.21349960626953718,5.366742395223485,7134546234684997660,7134827709661708316,7135109184638418972,1.0378396668259286e+169,1.0850141971361978e+169,1.1321887274464671e+169,3.923635700109488e-44,2.5272039380982086e+21,28,1661599744,0.03825991887312669,0.005591906418122557,beta,0.5390726238880793,0.2747442094225309,0.7902384127965189,4.101526426828566e-20,1.538040602348223e-05,9.834861074069667e-43,False
1,CG,1002302,70,774,844,71,5.9655961990356445,1.1081860065460205,0.0,7.512609419571451e-22,0.6617851256626166,7.21450122600854,2045495148430753792,2045496247942381568,2045497347454009344,6.168368267359567e-172,6.169631759425802e-172,6.170895251492037e-172,0.0,7.513514148366431e-22,0,476255744,0.08402248167655837,0.008670597274611455,beta,0.36153876309887545,0.15994410217189653,0.7124771098028154,1.738405926001921e-08,0.05289048830290241,9.90772160635217e-32,True
1,CG,1002303,77,961,1038,77,5.991528034210205,1.1842013597488403,0.0,2.6069448344636745e-39,0.5132178151447844,6.082390440464017,7990266963165184,7990271258132480,7990275553099776,3.947722773587555e-308,3.947724895583346e-308,3.947727017579137e-308,0.0,2.6069546435529248e-39,0,1860386,0.07781205239234032,0.009447214032114473,beta,0.39990920598361984,0.12374238910886842,0.7346144830839432,4.0259775735823527e-11,0.18904402330598158,1.614153966751225e-36,True
1,CG,1002324,72,739,811,70,5.9004693031311035,1.5005857944488525,4.440892098500626e-16,1.0183235940248446e-41,0.363200669253575,3.945617077541396,31212181651456,31212198428672,31212215205888,1.5420891552879e-310,1.5420899841925e-310,1.5420908130971e-310,7.275957614183426e-12,1.0183235940248446e-41,771751936,7267,0.08429241861615862,0.014539434288659881,beta,0.4575748934318843,0.12134042545098511,0.6660657344813146,3.7220841083779937e-13,0.2540543265681471,2.123033411313882e-27,True
1,CG,1002325,108,947,1055,77,7.574532508850098,1.5804871320724487,3.2835204451203e+21,3.923635700109488e-44,0.6953905374715456,6.373702020088522,121923371008,121923436544,121923502080,6.02382461775e-313,6.02382785566e-313,6.02383109356e-313,3.412647653636267e+21,3.923635700109488e-44,1664745472,28,0.09837055206298828,0.01099179194155017,beta,0.31320881975940285,0.14113399814186647,0.6907437756504609,5.49522237781167e-07,0.09306569389194784,2.455468951613545e-32,True
1,CG,1002443,215,191,406,39,20.771080017089844,12.587367057800293,7.518813274165599e-22,0.0,2.7713989727531767,2.4322091135112367,476266240,476266496,476266752,2.35307167e-315,2.353072934e-315,2.3530742e-315,7.519718002960579e-22,0.0,476268032,0,0.532591795309996,0.04012790160449555,normal,0.09027838584812814,0.11902297495832614,0.20844645550527902,0.9083050869076342,0.6384579530217979,0.0674758608485245,True
1,CG,1002444,790,479,1269,85,52.291053771972656,34.468807220458984,2.607012096789962e-39,0.0,4.703794784850298,2.942303885407809,1860427,1860428,1860429,9.191745e-318,9.19175e-318,9.191755e-318,2.6070219058792124e-39,0.0,1860434,0,0.6151888679055607,0.027380155343932514,beta,0.0613142742931968,0.05388947895780566,0.3333333333333333,0.9066461947499163,0.965932553747725,1.2522463714453797e-08,True
1,CG,1002448,339,213,552,50,30.521072387695312,20.59034538269043,1.0183235940248446e-41,140737488355328.0,3.0193310306778627,1.9269745779925544,6341068275337665635,6413125869375593571,6485183463413521507,2.218135755300231e+130,1.4536774485935594e+135,9.526820527102751e+139,1.0183235940248446e-41,2.305843009213694e+18,7267,1593835520,0.6104214477539063,0.039992412016156796,normal,0.11778592116276637,0.11930316690312692,0.31902396337887573,0.4916993471447,0.475092052951264,7.602245958831716e-05,True
1,CG,1002449,742,557,1299,86,48.60036849975586,29.071205139160156,3.923635700109488e-44,4.187410904732068e+21,6.784878801971593,5.221194299562362,7161849307425931292,7162130782402641948,7162412257379352604,6.944090861671666e+170,7.246007855657389e+170,7.547924849643113e+170,3.923635700109488e-44,4.316538113248035e+21,28,1667956736,0.5651205639506496,0.018895735110220482,beta,0.05966276755304811,0.055887683775346586,0.31401147421088127,0.919474638552979,0.9510345470770605,8.619926030623932e-08,True
1,CG,1002497,461,209,670,59,40.80274963378906,29.99138641357422,0.0,7.525146375730458e-22,4.133047634484374,1.8432606443244686,2045601801058648064,2045602900570275840,2045604000081903616,6.290926997784368e-172,6.292190489850603e-172,6.293453981916838e-172,0.0,7.526051104525438e-22,0,476280576,0.6915720276913401,0.030574932999183346,beta,0.10774155349052505,0.060676113110917806,0.38216676127493626,0.4999921056972714,0.9816345436018927,6.551924220028497e-08,True
1,CG,1002498,1111,627,1738,93,60.302520751953125,41.405540466308594,0.0,2.607080760414714e-39,5.252807003407511,2.848198480697002,7990683574992896,7990687869960192,7990692164927488,3.947928607179279e-308,3.94793072917507e-308,3.947932851170861e-308,0.0,2.6070905695039643e-39,0,1860483,0.6484142016339046,0.025049234961075507,beta,0.07349700132773324,0.06662145959636878,0.350323771203931,0.6965747093399808,0.8035690206756438,2.4395744095572833e-10,True
1,CG,1002507,612,44,656,56,52.487125396728516,49.637611389160156,-9.62964972193618e-35,1.0183235940248446e-41,5.9044414853837575,0.39517429052801556,31213809041408,31213825818624,31213842595840,1.5421695590347e-310,1.5421703879393e-310,1.5421712168439e-310,-1.5777218104420236e-30,1.0183235940248446e-41,2399141888,7267,0.937270096370152,0.008054514734112027,beta,0.510249106709014,0.14842352913376705,0.7210789953472032,4.3365907111503176e-13,0.1695220949220137,1.0230861964728883e-25,True
1,CG,1002508,1613,201,1814,93,82.77493286132812,74.74308013916016,5.423342757670608e+21,3.923635700109488e-44,6.6058743168093095,0.8160140523721305,121929728000,121929793536,121929859072,6.0241386949e-313,6.0241419328e-313,6.0241451707e-313,5.681597174702542e+21,3.923635700109488e-44,1671102464,28,0.8900530415196573,0.011619558525539544,beta,0.23446421512858195,0.08101611217734317,0.6425346405255008,7.250044195795552e-05,0.5748597896205144,8.942347934195252e-34,True
1,CG,1002561,888,67,955,74,68.9482192993164,64.92416381835938,7.531350230324606e-22,0.0,5.40390882017363,0.3959400628969926,476291072,476291328,476291584,2.353194355e-315,2.35319562e-315,2.353196885e-315,7.532254959119585e-22,0.0,476292864,0,0.9317326932340055,0.009354161053677559,beta,0.4651662902763347,0.11152562589384296,0.7209660375415579,2.4722933367230825e-14,0.31610675355688694,7.78205392256479e-34,True
1,CG,1002562,1821,131,1952,93,86.57511901855469,81.081787109375,2.6071480227410016e-39,0.0,10.363099370443575,0.7690625298444131,1860524,1860525,1860526,9.192225e-318,9.19223e-318,9.192235e-318,2.607157831830252e-39,0.0,1860531,0,0.9309152582640289,0.005300954662805702,beta,0.2555588559920018,0.04986822246034178,0.7367937358382405,1.0600875240833268e-05,0.9748603631962314,2.812291317598097e-44,True
1,CG,1002565,865,117,982,75,66.23348999023438,59.48037338256836,1.0183235940248446e-41,-3.0517578125e-05,5.939701982791621,0.786165078947899,13330654897016675427,13402712491054603363,13474770085092531299,-1.084202172487254e-19,-7.105427357612467e-15,-4.656612873084906e-10,1.0183235940248446e-41,-0.5,7267,3221225472,0.8831131998697916,0.013360866199306255,beta,0.2676228174485866,0.14026435975915252,0.6538780145711577,4.317932858081622e-05,0.10454796413711118,2.8068450468893525e-28,True
1,CG,1002566,1766,182,1948,92,83.49822998046875,76.37799072265625,3.923635700109488e-44,7.231123676894144e+21,10.717191068276376,1.0912218587049458,7189152380166864924,7189433855143575580,7189715330120286236,4.637445027620729e+172,4.830671903771592e+172,5.023898779922455e+172,3.923635700109488e-44,7.489378093926078e+21,28,1674313728,0.907589456309443,0.006548105185514134,beta,0.1715658655040121,0.08362932872230566,0.7120317067980717,0.008889676590096493,0.5406574998820154,6.129616090030851e-41,True
1,CG,1002663,242,353,595,54,22.399877548217773,11.688840866088867,0.0,7.537683331889465e-22,1.8115208160714016,2.5555621671853004,2045708453686542336,2045709553198170112,2045710652709797888,6.413485728209169e-172,6.414749220275404e-172,6.416012712341639e-172,0.0,7.538588060684445e-22,0,476305408,0.414812547189218,0.045228124595963724,beta,0.15399346587802076,0.12612670090583095,0.24291526750442893,0.15436674974657313,0.3567565172419387,0.0034145889453929836,True
1,CG,1002664,1062,1356,2418,95,41.51613998413086,19.67770767211914,0.0,2.6072166863657535e-39,6.148697752182516,7.921162467978019,7991100186820608,7991104481787904,7991108776755200,3.9481344407710025e-308,3.9481365627667935e-308,3.9481386847625844e-308,0.0,2.6072264954550038e-39,0,1860580,0.4370119998329564,0.016326130982012226,beta,0.03742157228149262,0.02965800232985305,0.3178042774053743,0.9993548051149305,0.9999966411762848,9.267344320325753e-09,True
1,CG,1002680,672,118,790,63,53.83584213256836,47.059654235839844,-2.4178516392292583e+24,1.0183235940248446e-41,5.38832510866909,0.9172228014060704,31215436431360,31215453208576,31215469985792,1.54224996278144e-310,1.54225079168605e-310,1.54225162059065e-310,-3.961408125713217e+28,1.0183235940248446e-41,4026531840,7267,0.8545371767074342,0.01701493055173773,beta,0.1818447596124546,0.10665147725974455,0.5989486730767939,0.031012540026840344,0.47062144906593667,4.6817426648524064e-20,True
1,CG,1002681,1988,443,2431,96,77.9165267944336,64.68390655517578,9.002011107970261e+21,3.923635700109488e-44,7.349306261816278,1.7056841254704207,121936084992,121936150528,121936216064,6.024452772e-313,6.02445600993e-313,6.02445924784e-313,9.260265525002195e+21,3.923635700109488e-44,1677459456,28,0.8116304874420166,0.015205030876007329,beta,0.11100304561599433,0.09993843380929202,0.606886375616843,0.18760017272309593,0.29297506770079973,3.8866945439857674e-31,True
1,CG,1002704,404,265,669,54,32.72654724121094,22.666955947875977,7.543887186483612e-22,0.0,2.1008220822511623,1.3656111960724304,476315904,476316160,476316416,2.35331704e-315,2.353318307e-315,2.35331957e-315,7.544791915278592e-22,0.0,476317696,0,0.6060471711335359,0.053455180591925736,beta,0.1412101238848843,0.05559665349872578,0.23090508189301204,0.2317792010754752,0.996216799411807,0.006313242989200259,True
1,CG,1002705,1542,1015,2557,96,58.06986999511719,36.773067474365234,2.607283948692041e-39,0.0,7.734268517943528,5.051876479195453,1860621,1860622,1860623,9.192704e-318,9.19271e-318,9.192714e-318,2.6072937577812914e-39,0.0,1860628,0,0.6048944791158041,0.017336039066803872,beta,0.06147398577273905,0.044846577601535376,0.359369265304896,0.861196522450477,0.9904232729902602,3.40586717834483e-11,True
1,CG,1002744,584,291,875,66,43.50325012207031,33.5657844543457,1.018463723871277e-41,6.617444900424222e-24,1.308941150121949,0.676890153645875,1873497444986133604,1945555039024061540,2017612633061989476,5.299469827386533e-169,3.4730605460760385e-164,2.2761049594763926e-159,1.018463723871277e-41,1.0842021724855044e-19,7268,553648128,0.6591401533647017,0.07524685380032768,beta,0.2032040091815721,0.051953264454080106,0.24493270983610094,0.008588083703206139,0.9941645436414378,0.000727569457405748,True
1,CG,1002745,1476,837,2313,96,62.00542068481445,46.38167190551758,3.923635700109488e-44,1.2174851088648304e+22,1.570107290228912,0.8608140420876096,7216455452907798556,7216736927884509212,7217018402861219868,3.091630018413819e+174,3.2152952191503712e+174,3.3389604198869235e+174,3.923635700109488e-44,1.2691359922712172e+22,28,1680670720,0.6458897988001505,0.0666631917356219,beta,0.17969794152718588,0.08618025981382516,0.26574358733295317,0.004059107877544269,0.4738802922759868,2.5848930414145045e-06,True
1,CG,1002786,869,186,1055,78,63.72939682006836,53.66084671020508,0.0,7.5502202880484715e-22,5.093352793448497,1.1405288641898976,2045815106314436608,2045816205826064384,2045817305337692160,6.53604445863397e-172,6.537307950700205e-172,6.53857144276644e-172,0.0,7.551125016843451e-22,0,476330240,0.8170435489752353,0.02066433971799154,beta,0.18849251843017256,0.15237073908288246,0.5579315401938968,0.007832732260422748,0.053466536958123825,1.626723681533903e-21,True
1,CG,1002787,1669,417,2086,96,76.2195816040039,61.88233184814453,0.0,2.607352612316793e-39,8.229102757294205,2.135607309006452,7991516798648320,7991521093615616,7991525388582912,3.948340274362726e-308,3.948342396358517e-308,3.948344518354308e-308,0.0,2.6073624214060433e-39,0,1860677,0.7939539750417074,0.014394653238208831,beta,0.10634569790775666,0.05676521645642896,0.5583866628687334,0.22769634977468875,0.9164722597193983,2.0048953534962194e-26,True
1,CG,1002793,968,81,1049,78,71.4678726196289,66.25419616699219,524288.0,1.018463723871277e-41,6.101438258248754,0.5576683682536813,31217063821312,31217080598528,31217097375744,1.5423303665282e-310,1.5423311954328e-310,1.5423320243374e-310,8589934592.0,1.018463723871277e-41,1358954496,7268,0.9162547771747296,0.01001839564600189,beta,0.4124641043894193,0.16624791572280362,0.7088108072477006,5.956081870209559e-12,0.026824466699771073,1.8306108497998737e-34,False
1,CG,1002794,1879,182,2061,95,86.88005065917969,80.0450439453125,1.5716625950800538e+22,3.923635700109488e-44,10.457368248493239,0.9773624643610409,121942441984,121942507520,121942573056,6.02476684915e-313,6.02477008706e-313,6.02477332497e-313,1.6233134784864405e+22,3.923635700109488e-44,1683816448,28,0.9145268490439967,0.00628622309776686,beta,0.21019027189425288,0.09745728712840618,0.7080863009481705,0.00045235495155637056,0.3276130230756218,8.485350992981378e-42,True
1,CG,1002886,1076,141,1217,85,75.02327728271484,67.61480712890625,7.556424142642619e-22,0.0,4.614396098778832,0.6136302232140084,476340736,476340992,476341248,2.35343973e-315,2.353440993e-315,2.35344226e-315,7.557328871437599e-22,0.0,476342528,0,0.8826267915613512,0.01663395962435777,beta,0.33570283449271976,0.1502958662429933,0.6240755878918192,9.56419265164276e-09,0.04298230302547674,3.5189307489413677e-29,False
1,CG,1002887,1412,203,1615,93,81.97660064697266,73.5667495727539,2.6074198746430806e-39,0.0,5.60161162740981,0.7532491162376603,1860718,1860719,1860720,9.193183e-318,9.19319e-318,9.193193e-318,2.607429683732331e-39,0.0,1860725,0,0.8814688241609963,0.014205780345123402,beta,0.27010447025957385,0.12990297961117525,0.6537079252165596,2.5568159520586076e-06,0.08667029535632848,6.04657416557637e-35,True
1,CG,1002931,1035,196,1231,88,74.16781616210938,64.13739776611328,1.018463723871277e-41,1.661534994731145e+35,5.125524949918305,0.9559025334924837,8863084066665143396,8935141660703071332,9007199254740999268,8.371160993656223e+298,5.486124068802542e+303,-3.591e-320,1.018463723871277e-41,-2.350988701644575e-38,7268,2181038080,0.8428160927512429,0.018707686672089344,beta,0.2473370131172813,0.17740586429383076,0.5463259888152362,4.2171830748944794e-05,0.007859181279910626,3.0695076487957643e-23,False
1,CG,1002932,1145,253,1398,88,71.45051574707031,60.01008605957031,3.923635700109488e-44,1.977490964701664e+22,4.589995859742254,1.063142279766281,7243758525648732188,7244040000625442844,7244321475602153500,2.0577889402562376e+176,2.136934668727631e+176,2.2160803971990245e+176,3.923635700109488e-44,2.0807927315144374e+22,28,1687027712,0.8119376789439808,0.02295080625912292,beta,0.16124483911775672,0.08015405351530558,0.5220777938674925,0.020592342739470124,0.6239496891790488,2.9327921219559135e-21,True
1,CG,1002969,912,104,1016,76,68.35613250732422,62.34251403808594,0.0,7.562757244207478e-22,6.184248885220378,0.6915484724839783,2045921758942330880,2045922858453958656,2045923957965586432,6.658603189058771e-172,6.659866681125006e-172,6.661130173191241e-172,0.0,7.563661973002458e-22,0,476355072,0.8994227961490029,0.011486002725555125,beta,0.3196539870388557,0.1479832600619334,0.6478812311363108,3.596944640688011e-07,0.07167926663782158,3.909917039568606e-28,True
1,CG,1002970,1115,152,1267,86,75.64249420166016,67.51220703125,0.0,2.6074885382678326e-39,7.2034367577981,0.9863455558189496,7991933410476032,7991937705443328,7991942000410624,3.94854610795445e-308,3.9485482299502407e-308,3.9485503519460317e-308,0.0,2.6074983473570828e-39,0,1860774,0.8795638860658158,0.011527069170904269,beta,0.24122266556835792,0.1604023585259996,0.6365546757395141,9.004029969450908e-05,0.02393943468009619,1.078941939170766e-30,False
1,CG,1002972,925,95,1020,77,69.9056625366211,64.02006530761719,-1.1368683772161603e-13,1.018463723871277e-41,9.488939205957715,0.9629797423246698,31218691211264,31218707988480,31218724765696,1.542410770275e-310,1.5424115991796e-310,1.5424124280842e-310,-1.862645149230957e-09,1.018463723871277e-41,2986344448,7268,0.9078657472288454,0.007304062543160172,beta,0.3094609417095422,0.20053543711776778,0.7209976727954063,7.871647400784231e-07,0.0040872622681912465,3.416539621204343e-35,False
1,CG,1002973,1141,108,1249,87,79.79875183105469,73.99248504638672,2.6858459371321107e+22,3.923635700109488e-44,6.578976001143943,0.5937040090812007,121948798976,121948864512,121948930048,6.0250809263e-313,6.0250841642e-313,6.0250874021e-313,2.789147703944884e+22,3.923635700109488e-44,1690173440,28,0.9172270325408585,0.009289682603767809,beta,0.34895625073162784,0.11808762760099167,0.7025747260125171,1.2565276968465363e-09,0.17659107728565704,1.0004389777701143e-37,True
1,CG,1002996,766,56,822,67,62.485591888427734,58.87385940551758,7.568961098801626e-22,0.0,5.530126829083228,0.399536095614072,476365568,476365824,476366080,2.353562415e-315,2.35356368e-315,2.353564944e-315,7.569865827596606e-22,0.0,476367360,0,0.9326207744541453,0.009068156156158275,beta,0.4620396386850304,0.1095552273763617,0.7104477611940299,7.54095834583379e-13,0.39723619669745497,8.466126674411863e-30,True
1,CG,1002997,992,103,1095,79,71.8538818359375,66.15631103515625,2.60755580059412e-39,0.0,6.367240800311933,0.633244216950736,1860815,1860816,1860817,9.19366e-318,9.193667e-318,9.19367e-318,2.6075656096833704e-39,0.0,1860822,0,0.9095428080498418,0.010283712574565932,beta,0.34843607980421976,0.14444409657394708,0.6702415540886634,9.337104070128544e-09,0.07401919315884212,2.9919759221792234e-31,True
1,CG,1003149,267,39,306,30,26.064889907836914,23.15122413635254,1.018463723871277e-41,-3.602879701896397e+16,4.814141317960423,0.7268082141298216,15852670688344153188,15924728282382081124,15996785876420009060,-4.091738259876781e+149,-2.681561585992847e+154,-1.7573882009962722e+159,1.018463723871277e-41,-5.902958103587057e+20,7268,3808428032,0.8688296635945638,0.0174232622792156,beta,0.2869099841725796,0.1518330112799191,0.6066870370568519,0.014322930023467665,0.4936495959187114,5.128680709808374e-10,True
1,CG,1003150,690,126,816,68,57.77268600463867,50.382354736328125,3.923635700109488e-44,3.408958304821525e+22,4.75081393974742,0.8410214109040257,7271061598389665820,7271343073366376476,7271624548343087132,1.3676381879856839e+178,1.4182914542073757e+178,1.4689447204290675e+178,3.923635700109488e-44,3.5122600716342986e+22,28,1693384704,0.8495983235976275,0.019384739657537165,beta,0.269410213921342,0.1741473641502238,0.612842472298927,0.00010328832205167835,0.032342586412773565,1.3121898599212955e-22,False
1,CG,1003256,212,41,253,25,21.294986724853516,18.64742088317871,0.0,7.575294200366485e-22,4.224675227085722,0.7350311132745146,2046028411570225152,2046029511081852928,2046030610593480704,6.781161919483572e-172,6.782425411549807e-172,6.783688903616042e-172,0.0,7.576198929161465e-22,0,476379904,0.8517994689941406,0.02118177077963379,beta,0.3593373930028776,0.23318017840768712,0.6015595038278071,0.003141606694377722,0.1318896536675349,2.7735721999187254e-08,True
1,CG,1003257,728,192,920,74,58.22749328613281,47.71916580200195,0.0,2.607624464218872e-39,4.277025574447208,1.1585491797981293,7992350022303744,7992354317271040,7992358612238336,3.9487519415461734e-308,3.9487540635419644e-308,3.9487561855377553e-308,0.0,2.6076342733081223e-39,0,1860871,0.7868580173801731,0.026060217504906127,beta,0.12781177321232307,0.09875254539906397,0.5054476880143692,0.17812553270748996,0.4660768287895955,7.587056431407389e-17,True
1,CG,1003268,280,51,331,33,27.972511291503906,24.628948211669922,2.465190328815662e-32,1.0186038537177095e-41,2.9681067025668417,0.5334566774238346,31220318601216,31220335378432,31220352155648,1.54249117402174e-310,1.54249200292635e-310,1.54249283183096e-310,4.0389678347315804e-28,1.0186038537177095e-41,318767104,7269,0.8476518573183002,0.028687408174047246,beta,0.32370550315712354,0.13192017117610955,0.5284508099925844,0.0019839221624726234,0.614012560297118,1.9791171434292913e-08,True
1,CG,1003269,773,123,896,71,61.61470031738281,54.945037841796875,4.456733368208228e+22,3.923635700109488e-44,3.8565369266113443,0.5874370013468296,121955155968,121955221504,121955287040,6.02539500343e-313,6.02539824133e-313,6.02540147924e-313,4.663336901833775e+22,3.923635700109488e-44,1696530432,28,0.8678126805265185,0.021071708564725254,beta,0.3615804259342289,0.17418381372476865,0.5760685732211788,1.7309848033610117e-08,0.02691328109929336,6.848461194482804e-21,False
1,CG,1003363,767,77,844,67,60.554161071777344,55.658447265625,7.581498054960633e-22,0.0,4.673290627994772,0.4974600939004083,476390400,476390656,476390912,2.3536851e-315,2.353686366e-315,2.35368763e-315,7.582402783755613e-22,0.0,476392192,0,0.9037934488324977,0.014090805900072471,beta,0.39854714343990916,0.13891336505022245,0.6824935613185533,1.1409672808284846e-09,0.15060900472734973,1.5621840670055613e-27,True
1,CG,1003364,839,91,930,74,66.47464752197266,60.823081970214844,2.6076917265451597e-39,0.0,4.505868082865752,0.5100928971733174,1860912,1860913,1860914,9.19414e-318,9.194147e-318,9.19415e-318,2.60770153563441e-39,0.0,1860919,0,0.898306047594225,0.015184987527840258,beta,0.35826960938258723,0.11301376589382883,0.6454321497127972,1.1240915512604691e-08,0.3010207699669671,3.349164891807862e-27,True
1,CG,1003388,922,112,1034,79,70.71894836425781,64.1658935546875,1.0186038537177095e-41,0.0078125,6.723823125809588,0.7873466416331513,4395513236313611365,4467570830351539301,4539628424389467237,2.000000000003228,131072.00000021156,8589934592.013865,1.0186038537177095e-41,128.0,7269,1140850688,0.8951765615728837,0.011024981024626722,beta,0.2954183461138232,0.15735696761067997,0.6641717811285215,2.053779720638932e-06,0.039989721360088375,1.0758203689919188e-30,False
1,CG,1003389,772,107,879,72,62.75580596923828,56.06502151489258,3.923635700109488e-44,5.9029581035870565e+22,4.1961704306858065,0.6181135442100578,7298364671130599452,7298646146107310108,7298927621084020764,9.077065306927204e+179,9.401246210746032e+179,9.72542711456486e+179,3.923635700109488e-44,6.1095616372126035e+22,28,1699741696,0.8716084162394205,0.0192469417495271,beta,0.2578259045837801,0.13299932638197276,0.6158966047977736,0.00013926427121001205,0.15652755644866784,3.788109223584871e-24,True
1,CG,1003401,804,204,1008,76,60.05317306518555,49.3945426940918,0.0,7.587831156525492e-22,4.269110771005949,1.133641523935582,2046135064198119424,2046136163709747200,2046137263221374976,6.903720649908373e-172,6.904984141974608e-172,6.906247634040843e-172,0.0,7.588735885320472e-22,0,476404736,0.7901733298050729,0.025895026237517507,beta,0.14610793788175147,0.116577956532247,0.5011867905056759,0.07794619376454369,0.2529322239855595,5.240870009492031e-17,True
1,CG,1003402,731,164,895,69,56.0290641784668,46.8501091003418,0.0,2.6077603901699116e-39,5.414641686854962,1.2535095998227657,7992766634131456,7992770929098752,7992775224066048,3.948957775137897e-308,3.948959897133688e-308,3.948962019129479e-308,0.0,2.607770199259162e-39,0,1860968,0.8120154228763304,0.019906542030868,beta,0.14065612146929163,0.08236558453402731,0.5579677950495042,0.13037478209414352,0.7373844244380587,4.388518174066032e-19,True
1,CG,1003405,881,197,1078,80,65.01302337646484,54.882911682128906,6.189700196426902e+26,1.0186038537177095e-41,3.9568900890205647,0.9121529223868833,31221945991168,31221962768384,31221979545600,1.5425715777685e-310,1.5425724066731e-310,1.5425732355777e-310,1.0141204801825835e+31,1.0186038537177095e-41,1946157056,7269,0.8126627922058105,0.02593983006670064,beta,0.20721551896882429,0.1426703901247196,0.5199707361720928,0.0020766978294606705,0.07702044461563905,3.264587162486251e-19,True
1,CG,1003406,743,145,888,71,59.16106033325195,50.74178695678711,7.31966804844795e+22,3.923635700109488e-44,4.772926645669049,0.9551280905648358,121961512960,121961578496,121961644032,6.02570908056e-313,6.02571231847e-313,6.0257155564e-313,7.526271582073497e+22,3.923635700109488e-44,1702887424,28,0.8332543708908726,0.020651069250947122,beta,0.19103146173960006,0.12790101019417421,0.5640212186450051,0.011233423003758325,0.1957875853234555,4.815395874639641e-20,True
1,CG,1003525,1233,146,1379,90,80.24154663085938,72.48028564453125,7.59403501111964e-22,0.0,7.276612431163756,0.8849341279709584,476415232,476415488,476415744,2.353807787e-315,2.35380905e-315,2.353810317e-315,7.59493973991462e-22,0.0,476417024,0,0.8915727403428819,0.01055179803937997,beta,0.2547255313764575,0.14569993779617596,0.6762575548539222,1.6934287253891556e-05,0.0438058344097357,3.553169559763531e-36,False
1,CG,1003526,1122,105,1227,88,80.05665588378906,73.88744354248047,2.6078276524961992e-39,0.0,5.238404839304567,0.519762558144109,1861009,1861010,1861011,9.19462e-318,9.194626e-318,9.19463e-318,2.6078374615854494e-39,0.0,1861016,0,0.9097347259521484,0.012150846452829588,beta,0.3517459101442756,0.09959401008551838,0.6877101051486026,6.982210080718326e-10,0.34717741906022664,1.4160301862382953e-36,True
1,CG,1003532,1427,45,1472,92,89.51841735839844,87.29338836669922,1.0186038537177095e-41,-1.6940658945086007e-21,11.283183330875232,0.3127864937983195,11385099857992621157,11457157452030549093,11529215046068477029,-9.775796363214514e-150,-6.406665904596264e-145,-4.198672567236207e-140,1.0186038537177095e-41,-2.7755575615628914e-17,7269,2768240640,0.9730262756347656,0.00208369366745311,beta,0.4753772681013581,0.21243911240238944,0.8397826604797551,1.7484089472567608e-18,0.0004950548014788592,8.82221332317925e-57,False
1,CG,1003533,1177,61,1238,88,83.52474975585938,79.84284210205078,3.923635700109488e-44,9.975999195062126e+22,6.096031884848252,0.32662496159160753,7325667743871533084,7325949218848243740,7326230693824954396,6.0167975748774604e+181,6.22427335332151e+181,6.43174913176556e+181,3.923635700109488e-44,1.038920626231322e+23,28,1706098688,0.949144883589311,0.006502910554014835,beta,0.4859139388980213,0.14947157152509316,0.7566105939355601,1.79302510418594e-18,0.03920274641890668,3.5043437895810586e-44,False
1,CG,1003539,1417,89,1506,93,87.18614196777344,82.41499328613281,0.0,7.600368112684499e-22,6.504063743181885,0.4337123123235409,2046241716826013696,2046242816337641472,2046243915849269248,7.026279380333174e-172,7.027542872399409e-172,7.028806364465644e-172,0.0,7.601272841479479e-22,0,476429568,0.9374853975029402,0.007383242681814697,beta,0.4279219539879427,0.08872975000268024,0.7144739412457306,3.228845414003942e-15,0.4567331914535987,1.163177666479027e-41,True
1,CG,1003540,1183,99,1282,90,82.74069213867188,77.02679443359375,0.0,2.607896316120951e-39,5.40154890678186,0.47390836877013465,7993183245959168,7993187540926464,7993191835893760,3.9491636087296207e-308,3.9491657307254116e-308,3.9491678527212026e-308,0.0,2.6079061252102014e-39,0,1861065,0.9193410237630208,0.010785188943440596,beta,0.401178670823611,0.1117940038959846,0.6888888888888889,5.242375436559188e-13,0.21063098231695915,1.5945210342237523e-37,True
1,CG,1003556,1387,81,1468,92,87.16626739501953,82.94296264648438,-134217728.0,1.0186038537177095e-41,11.093072563108155,0.6151570801432981,31223573381120,31223590158336,31223606935552,1.5426519815153e-310,1.5426528104199e-310,1.5426536393245e-310,-2199023255552.0,1.0186038537177095e-41,3573547008,7269,0.947459428206734,0.003917151444877905,beta,0.375745659023469,0.11622256161171318,0.796425981335992,1.0445435052537798e-11,0.16648590425655188,4.1157771486577886e-51,True
1,CG,1003557,1223,62,1285,89,84.51013946533203,80.74026489257812,1.2809419084783913e+23,3.923635700109488e-44,7.161772343213411,0.3804911363950743,121967869952,121967935488,121968001024,6.0260231577e-313,6.0260263956e-313,6.0260296335e-313,1.3222626152035007e+23,3.923635700109488e-44,1709244416,28,0.9495521288239555,0.005607750637076495,beta,0.4410553653929735,0.12072215860080504,0.7666335984420577,1.8323748991811515e-15,0.1493573760762451,7.36428702924953e-46,True
1,CG,1003576,1339,100,1439,91,84.72301483154297,79.55709075927734,7.6065719672786465e-22,0.0,7.004693844225402,0.518965943990645,476440064,476440320,476440576,2.353930474e-315,2.35393174e-315,2.353933003e-315,7.607476696073626e-22,0.0,476441856,0,0.9310221410059667,0.0075343122037104925,beta,0.31565106470983406,0.14085545995346616,0.7576791076325703,2.664855134932594e-08,0.0540524725573035,8.414301118149204e-46,True
1,CG,1003577,1237,68,1305,89,84.25794982910156,80.33383178710938,2.6079635784472387e-39,0.0,6.487675697937821,0.36512737034949705,1861106,1861107,1861108,9.1951e-318,9.195105e-318,9.19511e-318,2.607973387536489e-39,0.0,1861113,0,0.9467185374056355,0.006423508637556,beta,0.4825693101456687,0.11435002208610423,0.7349473068256971,1.990249674895008e-18,0.19489461850140463,3.5094463432437506e-42,True
1,CG,1003593,1238,139,1377,92,82.82693481445312,75.65778350830078,1.0186038537177095e-41,-4.253529586511731e+37,5.8510611292375065,0.6480037594455265,18374686479671630949,7269,72057594037935206,4.778309726744194e-299,3.131513062519075e-294,2.052268400652501e-289,1.018743983564142e-41,6.018531076210112e-36,7270,100663296,0.9002927697223165,0.011970252270186835,beta,0.31717542485286765,0.1248415454837466,0.6437741127674679,1.828291456611974e-08,0.11363632339972704,1.5228069778538144e-33,True
1,CG,1003594,1133,154,1287,87,76.5765151977539,68.48342895507812,3.923635700109488e-44,1.6292164365900276e+23,6.50045971281003,0.8848332004807103,7352970816612466716,7353252291589177372,7353533766565888028,3.9835349461257664e+183,4.116319444329958e+183,4.249103942534163e+183,3.923635700109488e-44,1.7118578500402464e+23,28,1712455680,0.8801898298592403,0.012576268278530138,beta,0.23648643199729769,0.13346734404564298,0.6283327927831031,0.00011881443190719204,0.09013029572473132,2.9303879889831804e-30,True
1,CG,1003617,1100,310,1410,92,72.71345520019531,59.20131301879883,0.0,7.612905068843506e-22,6.093055513539419,1.616124385865511,2046348369453907968,2046349468965535744,2046350568477163520,7.148838110757975e-172,7.15010160282421e-172,7.151365094890445e-172,0.0,7.6138097976384855e-22,0,476454400,0.7903636434803838,0.019024633370602156,normal,0.11204746895815154,0.12841560063513213,0.5232198823068439,0.19831789027683802,0.09620938070690496,2.660076553924779e-22,True
1,CG,1003618,954,317,1271,87,65.51749420166016,52.027671813964844,0.0,2.6080322420719906e-39,3.727084749553959,1.2220723750019136,7993599857786880,7993604152754176,7993608447721472,3.9493694423213443e-308,3.9493715643171353e-308,3.949373686312926e-308,0.0,2.608042051161241e-39,0,1861162,0.7530746459960938,0.03125707048254066,beta,0.17537300610035583,0.11831584220142488,0.4435161456244884,0.009482159372362004,0.17494445154467192,2.7318530360437934e-15,True
1,CG,1003660,1404,66,1470,90,85.9478988647461,82.49592590332031,2.9103830456733704e-11,1.018743983564142e-41,7.794059702152834,0.36745887432373986,31225200771072,31225217548288,31225234325504,1.54273238526205e-310,1.54273321416665e-310,1.54273404307126e-310,4.76837158203125e-07,1.018743983564142e-41,905969664,7270,0.9549766540527344,0.004693135085418819,beta,0.48739996541232267,0.12593899607376158,0.7786720292219745,5.374648713977102e-19,0.11509964099454527,7.986945590015585e-48,True
1,CG,1003661,1105,70,1175,82,77.46994018554688,73.70393371582031,2.195900414534385e+23,3.923635700109488e-44,6.8289239636877,0.39932177499769156,121974226944,121974292480,121974358016,6.02633723483e-313,6.02634047274e-313,6.02634371065e-313,2.2785418279846038e+23,3.923635700109488e-44,1715601408,28,0.9447553681164254,0.0063431093563768165,beta,0.4748227235671985,0.10522481913716952,0.7398432022915311,1.75001294084739e-16,0.3239974876122253,2.0660110415688427e-39,True
1,CG,1003663,1418,49,1467,91,87.78296661376953,85.00487518310547,7.619108923437653e-22,0.0,8.139222131737604,0.2982828029833138,476464896,476465152,476465408,2.35405316e-315,2.354054425e-315,2.35405569e-315,7.620013652232633e-22,0.0,476466688,0,0.9646479847666981,0.003613481581003776,beta,0.5163913879912885,0.19458714671962107,0.7785625192997636,1.6741443447000076e-21,0.0020332302059250895,2.4502378190513515e-48,False
1,CG,1003664,1139,42,1181,84,81.33300018310547,79.00202178955078,2.6080995043982782e-39,0.0,8.861171607601499,0.2905677031677137,1861203,1861204,1861205,9.19558e-318,9.195584e-318,9.19559e-318,2.6081093134875285e-39,0.0,1861210,0,0.968250002179827,0.0030282431923739587,beta,0.531846075226465,0.20396728939222109,0.8008926872042911,4.60394025565059e-21,0.0018434824061056407,3.172621929657185e-47,False
1,CG,1003675,1368,75,1443,91,86.17839813232422,82.07555389404297,1.018743983564142e-41,9.223372036854776e+18,8.284151000190601,0.46349060553778426,6917529027641089126,6989586621679017062,7061644215716944998,7.547924849655267e+168,4.946608029470076e+173,3.241809038193509e+178,1.018743983564142e-41,1.5111572745182865e+23,7270,1728053248,0.9470153640914749,0.005147631221553992,beta,0.4413967031066606,0.10132186993376363,0.7564641032812971,7.966598844739499e-16,0.3075948858138764,1.1760617617753105e-45,True
1,CG,1003676,1087,33,1120,81,78.40857696533203,76.20436096191406,3.923635700109488e-44,2.7743903086859166e+23,6.913304576832833,0.2284864414004253,7380273889353400348,7380555364330111004,7380836839306821660,2.6344444443711733e+185,2.7194265232218645e+185,2.88939068092323e+185,3.923635700109488e-44,2.8570317221361354e+23,28,1718812672,0.9680071230287906,0.003803749411518886,beta,0.5582847596943696,0.26161314401218183,0.7784534653566728,2.3573917460135344e-22,3.060443475508237e-05,4.636496181677474e-43,False
1,CG,1003677,1374,65,1439,90,85.85420989990234,82.2929916381836,0.0,7.625442025002512e-22,8.52455616730604,0.4116399254893612,2046455022081802240,2046456121593430016,2046457221105057792,7.271396841182776e-172,7.272660333249011e-172,7.273923825315246e-172,0.0,7.626346753797492e-22,0,476479232,0.9539356655544705,0.004422458164798291,beta,0.4206236870605268,0.1135619208032903,0.78660125966191,2.953429334698136e-14,0.19609925734159603,8.553488667059199e-49,True
1,CG,1003678,1080,24,1104,80,78.30917358398438,76.88819122314453,0.0,2.60816816802303e-39,5.854984715212903,0.1264189413419423,7994016469614592,7994020764581888,7994025059549184,3.949575275913068e-308,3.949577397908859e-308,3.94957951990465e-308,0.0,2.6081779771122804e-39,0,1861259,0.9788646697998047,0.0029633908931908635,beta,0.6096665417312173,0.41208838381813434,0.8247631748076847,2.972587725066461e-26,3.169185212309033e-12,1.0802142793523506e-47,False
1,CG,1003682,1339,87,1426,91,85.25086212158203,80.3740234375,-6.310887241768095e-30,1.018743983564142e-41,8.865504704302426,0.5978708911366484,31226828161024,31226844938240,31226861715456,1.5428127890088e-310,1.5428136179134e-310,1.542814446818e-310,-1.0339757656912846e-25,1.018743983564142e-41,2533359616,7270,0.9368226606767256,0.0056564884419426815,beta,0.3708664966268348,0.11448923617973517,0.7670329670329671,2.6884015272618606e-11,0.18392089534434275,6.276699929805074e-47,True
1,CG,1003683,1040,55,1095,81,76.56526184082031,73.09148406982422,3.659834024223975e+23,3.923635700109488e-44,4.504113321899975,0.2608828434940466,121980583936,121980649472,121980715008,6.02665131197e-313,6.0266545499e-313,6.0266577878e-313,3.8251168511244126e+23,3.923635700109488e-44,1721958400,28,0.9452501461829668,0.008976989028146143,beta,0.5262470445243183,0.19519324612307087,0.7410234318273357,6.561536757971966e-20,0.00417300796649443,4.6516319338586615e-39,False
1,CG,1003697,1227,77,1304,84,78.6484146118164,74.2774658203125,7.63164587959666e-22,0.0,6.310282648277404,0.42937949331220365,476489728,476489984,476490240,2.354175846e-315,2.35417711e-315,2.354178376e-315,7.63255060839164e-22,0.0,476491520,0,0.9362906501406715,0.00770711531182922,beta,0.4149566221365048,0.09262830025240848,0.7285714399246749,5.468485381952389e-13,0.46691212295732065,3.731536842478662e-39,True
1,CG,1003698,1002,27,1029,76,73.7224349975586,71.79094696044922,2.6082354303493177e-39,0.0,6.642382553620341,0.20520833362943114,1861300,1861301,1861302,9.19606e-318,9.196064e-318,9.19607e-318,2.608245239438568e-39,0.0,1861307,0,0.9700320394415605,0.0037043064955944753,beta,0.5736141008696967,0.2899198078614675,0.7891705915625312,3.8075367034339806e-22,5.654923038296431e-06,1.5449972958173578e-41,False
1,CG,1003722,951,115,1066,74,66.02599334716797,59.886390686035156,1.018743983564142e-41,-2.0,5.529644108525439,0.6678190917526962,13907115649320098918,13979173243358026854,14051230837395954790,-3.689348814747866e+19,-2.4178516392331614e+24,-1.5845632502878447e+29,1.018743983564142e-41,-32768.0,7270,3355443200,0.8922431533401077,0.013358221637603281,beta,0.2938438615010309,0.12237507403957493,0.6882411464217644,5.639040501176259e-06,0.21771983555532898,7.165339694679732e-31,True
1,CG,1003723,730,120,850,67,57.9423942565918,50.902408599853516,3.923635700109488e-44,4.816813812527038e+23,7.548682715046356,1.1800166836770243,7407576962094333980,7407858437071044636,7408139912047755292,1.7404329748619932e+187,1.849210035790867e+187,1.957987096719741e+187,3.923635700109488e-44,4.982096639427476e+23,28,1725169664,0.864811854575997,0.012017260064193486,beta,0.27161057557880075,0.22219111042972806,0.675742662152779,0.00010181616668893238,0.0026790741191517315,5.337584451120958e-27,False
1,CG,1003749,786,80,866,68,61.7883186340332,57.2136116027832,0.0,7.637978981161519e-22,3.8159986462300117,0.38362862442878276,2046561674709696512,2046562774221324288,2046563873732952064,7.393955571607576e-172,7.395219063673811e-172,7.396482555740047e-172,0.0,7.638883709956499e-22,0,476504064,0.9086517446181354,0.015963404163398365,beta,0.40465587873048936,0.08037083473105588,0.6676470588235295,4.260942604661052e-10,0.7719982363388368,9.398891438272073e-27,True
1,CG,1003750,573,64,637,52,46.54359436035156,42.35898971557617,0.0,2.6083040939740696e-39,5.236204565708557,0.6138515195341966,7994433081442304,7994437376409600,7994441671376896,3.9497811095047916e-308,3.9497832315005825e-308,3.9497853534963735e-308,0.0,2.60831390306332e-39,0,1861356,0.8950691223144531,0.013710893374438598,beta,0.30557031714598226,0.10685334457719431,0.6832258252431938,0.00012124860099574367,0.5927433621850455,1.6495313089735476e-21,True
1,CG,1003835,85,111,196,19,8.536796569824219,4.33534574508667,-1.5845632502852868e+29,1.018743983564142e-41,3.555116588358767,4.357361426823389,31228455550976,31228472328192,31228489105408,1.5428931927556e-310,1.5428940216602e-310,1.5428948505648e-310,-2.596148429267414e+33,1.018743983564142e-41,4160749568,7270,0.4493050826223273,0.027762203163988832,beta,0.14220612555913076,0.1416134608474891,0.2813209494324045,0.8369420810400026,0.8406106042119469,0.09883043787289379,True
1,CG,1003836,184,168,352,34,17.232088088989258,9.678709983825684,5.950181768415753e+23,3.923635700109488e-44,3.9168455034724694,3.8113384769214687,121986940928,121987006464,121987072000,6.0269653891e-313,6.026968627e-313,6.0269718649e-313,6.186300092559235e+23,3.923635700109488e-44,1728315392,28,0.5068261202643899,0.028637504049365225,beta,0.0844789358686675,0.07328965719563807,0.2196078431372549,0.9684859404385643,0.9931685525503647,0.07529185585574846,True
1,CG,1003875,80,76,156,16,7.771636962890625,4.426632881164551,7.644182835755667e-22,0.0,2.3068016115925976,2.442368474673693,476514560,476514816,476515072,2.354298533e-315,2.3542998e-315,2.35430106e-315,7.645087564550647e-22,0.0,476516352,0,0.48572731018066406,0.04344910423193748,normal,0.18489971379446968,0.18915265434141182,0.22843137254901957,0.6446960010417832,0.6160497682502235,0.37406066572418384,True
1,CG,1003876,135,131,266,24,12.101941108703613,7.436045169830322,2.6083713563003572e-39,0.0,1.6696124352350592,1.6414843620235982,1861397,1861398,1861399,9.19654e-318,9.196543e-318,9.19655e-318,2.6083811653896075e-39,0.0,1861404,0,0.5042475461959839,0.05798569832861829,normal,0.1000965125865767,0.10343185640082231,0.15375943832720493,0.969771767842969,0.959490032526084,0.6216742770277368,True
1,CG,1003904,89,67,156,15,8.450990676879883,5.169304370880127,1.0188841134105745e-41,4.336808689942018e-19,4.191727282975916,3.248336450220937,2449958197289557095,2522015791327485031,2594073385365412967,1.803316136289188e-130,1.1818212630784822e-125,7.745183829711141e-121,1.0188841134105745e-41,7.105427357601002e-15,7271,687865856,0.5633993784586588,0.029144391154720038,beta,0.18777949632792135,0.16528272116209142,0.2935186017719871,0.6654946439342185,0.8071151263559662,0.1507884959348278,True
1,CG,1003905,179,123,302,29,17.371034622192383,11.140386581420898,3.923635700109488e-44,8.169694015364486e+23,4.881251069507013,3.2677328047671197,7434880034835267612,7435161509811978268,7435442984788688924,1.183494422906155e+189,1.2531117419006343e+189,1.3227290608951136e+189,3.923635700109488e-44,8.500259669165361e+23,28,1731526656,0.5990011938687029,0.026254146571181764,beta,0.1271941149350087,0.10597258822555622,0.29808174543517485,0.7361029026077422,0.9005661662251379,0.011558765914283623,True
1,CG,1003936,229,99,328,30,20.356348037719727,14.897895812988281,0.0,7.650515937320526e-22,3.27663391025269,1.5522782858561333,2046668327337590784,2046669426849218560,2046670526360846336,7.516514302032377e-172,7.517777794098612e-172,7.519041286164847e-172,0.0,7.651420666115506e-22,0,476528896,0.6785449345906576,0.03742065397341689,beta,0.18210424370446932,0.0985898726846341,0.3330325390041067,0.27276907715630555,0.932504005770188,0.0025760626671961382,True
1,CG,1003937,294,188,482,45,27.385833740234375,18.25269317626953,0.0,2.608440019925109e-39,3.4123020853263597,2.1947426114392625,7994849693270016,7994853988237312,7994858283204608,3.949986943096515e-308,3.949989065092306e-308,3.949991187088097e-308,0.0,2.6084498290143594e-39,0,1861453,0.6085740831163194,0.036054193577964355,beta,0.15908740340855854,0.112224769766339,0.2808331683284834,0.20479971535731245,0.622410443356415,0.001653424017683304,True
1,CG,1003973,281,36,317,29,26.165653228759766,24.13397789001465,34359738368.0,1.0188841134105745e-41,3.3359284956276793,0.3613583837562297,31230082940928,31230099718144,31230116495360,1.54297359650235e-310,1.54297442540695e-310,1.54297525431156e-310,562949953421312.0,1.0188841134105745e-41,1493172224,7271,0.9022639044399919,0.018773337343249326,beta,0.4904739228509739,0.15131997845260936,0.6311366029623011,1.7435215316168079e-06,0.5201285772216626,1.850878215941868e-10,True
1,CG,1003974,651,50,701,58,53.65326690673828,50.25367736816406,1.0436429927141916e+24,3.923635700109488e-44,4.957776928953151,0.4016555615066122,121993297920,121993363456,121993428992,6.02727946624e-313,6.02728270415e-313,6.02728594206e-313,1.0766995580942791e+24,3.923635700109488e-44,1734672384,28,0.9250563259782463,0.010901463275202212,beta,0.4879444103729076,0.14672743120999687,0.7060957291064853,2.0253804779305877e-12,0.16451271907358878,1.527324910429799e-25,True
1,CG,1003983,277,38,315,29,25.897029876708984,23.491985321044922,7.656719791914674e-22,0.0,5.636291519688741,0.6753378389342628,476539392,476539648,476539904,2.35442122e-315,2.354422484e-315,2.35442375e-315,7.657624520709654e-22,0.0,476541184,0,0.8930010302313443,0.01306824861471055,beta,0.35581740004444873,0.1822383755326149,0.6377398471775192,0.001294019380483843,0.29049233975191613,1.1384817484593636e-10,True
1,CG,1003984,696,67,763,64,58.1967658996582,53.5939826965332,2.6085072822513967e-39,0.0,6.096418398393705,0.6079194022655691,1861494,1861495,1861496,9.197017e-318,9.19702e-318,9.197027e-318,2.608517091340647e-39,0.0,1861501,0,0.9093244671821594,0.010702215128597503,beta,0.3841004199929742,0.16836698589862076,0.6761032703206853,1.2580802484551117e-08,0.05311243924791024,7.764473769019243e-26,True
1,CG,1004041,144,36,180,17,13.707304000854492,11.655172348022461,1.0188841134105745e-41,-9.4039548065783e-38,2.5360191206128557,0.6091890871959876,9439544818968566887,9511602413006494823,9583660007044422759,-8.814425663416719e-280,-5.776622002776781e-275,-3.785766995739791e-270,1.0188841134105745e-41,-1.5407439555097887e-33,7271,2315255808,0.8063120000502643,0.03767554023728037,beta,0.26117755883774885,0.12608735786315894,0.5639922994353356,0.19650432510390622,0.949795255189729,4.019284796844025e-05,True
1,CG,1004042,849,162,1011,78,65.2883071899414,55.991111755371094,3.923635700109488e-44,1.3411520811349792e+24,5.710055361594921,1.1117529739874359,7462183107576201244,7462464582552911900,7462746057529622556,8.01991514816406e+190,8.465465989728727e+190,8.911016831293394e+190,3.923635700109488e-44,1.4072652118951543e+24,28,1737883648,0.8370295793582232,0.017439837028103672,beta,0.2095249522207332,0.16464488994764304,0.5702349311945695,0.0021220707573006542,0.02913851272152087,1.8660622327080514e-22,False
1,CG,1004068,74,31,105,11,7.465598106384277,5.779131889343262,0.0,7.663052893479533e-22,1.3991123340641152,0.6623749647959934,2046774979965485056,2046776079477112832,2046777178988740608,7.639073032457178e-172,7.640336524523413e-172,7.641600016589648e-172,0.0,7.663957622274513e-22,0,476553728,0.6786907369440253,0.07122996087933978,beta,0.25571907449655074,0.17792699809682178,0.2694667828481017,0.4681733268620477,0.8770919729168866,0.4014595109630092,True
1,CG,1004069,822,200,1022,78,63.065269470214844,52.44817352294922,0.0,2.6085759458761486e-39,5.801554840803832,1.3738886542314284,7995266305097728,7995270600065024,7995274895032320,3.950192776688239e-308,3.95019489868403e-308,3.9501970206798207e-308,0.0,2.608585754965399e-39,0,1861550,0.8085290957719852,0.018935950955582197,beta,0.13971624824952683,0.11351710061583109,0.5615384859916178,0.0951615920321696,0.26726996970297207,8.664599584863397e-22,True
1,CG,1004143,391,66,457,42,36.29533004760742,32.097877502441406,-7.450580596923828e-09,1.0188841134105745e-41,4.814314324297147,0.7566834143997968,31231710330880,31231727108096,31231743885312,1.5430540002491e-310,1.5430548291537e-310,1.54305565805833e-310,-0.0001220703125,1.0188841134105745e-41,3120562176,7271,0.8641745249430338,0.01786287563169851,beta,0.33634499917186766,0.20916945776346108,0.600128383728018,0.00014929276251051814,0.05069005637257575,1.453262349159064e-13,True
1,CG,1004144,854,104,958,74,65.6910629272461,59.30891418457031,1.7944992634904652e+24,3.923635700109488e-44,5.611646108598828,0.7097893124754574,121999654912,121999720448,121999785984,6.0275935434e-313,6.0275967813e-313,6.0276000192e-313,1.8606123942506402e+24,3.923635700109488e-44,1741029376,28,0.8877170665844066,0.013614198657311553,beta,0.3503999268682365,0.192626372148758,0.6390445135156613,2.5660604644675224e-08,0.008243082311823444,1.1279838558050025e-26,False
1,CG,1004230,919,77,996,78,72.09219360351562,67.57246398925781,7.669256748073681e-22,0.0,4.372359497155867,0.35830583193361154,476564224,476564480,476564736,2.354543906e-315,2.35454517e-315,2.354546435e-315,7.6701614768686605e-22,0.0,476566016,0,0.9242588923527644,0.012215753012875417,beta,0.5108474497746688,0.14362110771515235,0.6534922924985355,4.175026107650216e-18,0.08007972739944327,2.3349147154203686e-29,True
1,CG,1004231,1002,89,1091,80,73.63373565673828,68.54966735839844,2.6086432082024362e-39,0.0,5.946611256888748,0.5141352515978893,1861591,1861592,1861593,9.197496e-318,9.1975e-318,9.197506e-318,2.6086530172916865e-39,0.0,1861598,0,0.9204216957092285,0.00981746232681403,beta,0.4212339457577128,0.14643765259859554,0.6875,9.362079738616706e-13,0.06470450432326756,2.8675420933222786e-33,True
1,CG,1004242,795,192,987,76,61.212581634521484,51.14630889892578,1.0188841134105745e-41,-2.3611832414348226e+21,4.3284760464469105,1.0456508200540497,16429131440647576679,16501189034685504615,16573246628723432551,-1.392346379891834e+188,-9.124881235259122e+192,-5.980082166339418e+197,1.0188841134105745e-41,-3.8685626227668134e+25,7271,3942645760,0.805428705717388,0.02458584665884255,beta,0.18248736702313817,0.13927502176010287,0.4968332988527248,0.012667669750385493,0.10482932715555486,1.0144260528998591e-16,True
1,CG,1004243,821,241,1062,78,60.259490966796875,48.2615966796875,3.923635700109488e-44,2.2572911788116904e+24,5.348407007311407,1.5745812203879372,7489486180317134876,7489767655293845532,7490049130270556188,5.417898233426385e+192,5.703050772027772e+192,5.98820331062916e+192,3.923635700109488e-44,2.3234043095718654e+24,28,1744240640,0.7725575764973959,0.022177537368989513,beta,0.12468129840042691,0.06652285242414946,0.49067586808120667,0.17681841116827532,0.8803711831710019,9.758081258860992e-17,True
1,CG,1004247,377,598,975,75,28.79369354248047,13.14931869506836,0.0,7.67558984963854e-22,2.8235931232727873,4.531124462125807,2046881632593379328,2046882732105007104,2046883831616634880,7.761631762881979e-172,7.762895254948214e-172,7.764158747014449e-172,0.0,7.67649457843352e-22,0,476578560,0.38391591389973956,0.028310290866999186,normal,0.07649821355850106,0.11653294338586367,0.3223263544193554,0.7724126031161135,0.26026299542976616,3.4113258175352843e-07,True
1,CG,1004248,426,629,1055,76,31.280445098876953,15.228870391845703,0.0,2.608711871827188e-39,2.7638216592453473,3.9512505028891907,7995682916925440,7995687211892736,7995691506860032,3.9503986102799624e-308,3.9504007322757534e-308,3.9504028542715444e-308,0.0,2.6087216809164384e-39,0,1861647,0.4115848039325915,0.031390860385336526,normal,0.08259150499524331,0.09815252100411206,0.2678455584999021,0.6777079615679554,0.45674053564913836,3.674450794763579e-05,True
1,CG,1004351,545,66,611,56,49.983055114746094,45.23813247680664,1.6155871338926322e-27,1.019024243257007e-41,6.633594885358917,0.7985501231302551,31233337720832,31233354498048,31233371275264,1.5431344039959e-310,1.5431352329005e-310,1.5431360618051e-310,2.6469779601696886e-23,1.019024243257007e-41,452984832,7272,0.8925545556204659,0.011373253278385159,beta,0.33543635152242957,0.1998693966624726,0.675,6.730790495201889e-06,0.022799761996321135,1.3771542418395953e-22,False
1,CG,1004352,815,62,877,68,63.048465728759766,58.915775299072266,3.0034250831050944e+24,3.923635700109488e-44,8.22441483232426,0.645907421099606,122006011904,122006077440,122006142976,6.0279076205e-313,6.0279108584e-313,6.02791409633e-313,3.1356513446254444e+24,3.923635700109488e-44,1747386368,28,0.9271833195405847,0.006840142578208825,beta,0.3978243859910635,0.1743607224479634,0.7411764705882353,8.980550527330036e-10,0.03201717214686957,7.155397836650804e-33,False
1,CG,1004387,464,213,677,59,40.94443130493164,30.397319793701172,7.6817937042326875e-22,0.0,3.6168079287777477,1.5949305420453823,476589056,476589312,476589568,2.35466659e-315,2.354667857e-315,2.35466912e-315,7.682698433027667e-22,0.0,476590848,0,0.6939734119479939,0.034189191392198406,beta,0.0895222828611878,0.0760119949289133,0.3883711663440163,0.7317110912365544,0.8849060947470909,3.727108412629617e-08,True
1,CG,1004388,522,182,704,61,45.13644790649414,35.61167526245117,2.6087791341534757e-39,0.0,3.1199075253189017,1.0965155179545356,1861688,1861689,1861690,9.197976e-318,9.19798e-318,9.197986e-318,2.608788943242726e-39,0.0,1861695,0,0.7399417689589204,0.03688886923329567,beta,0.15825871534471914,0.11938813473870646,0.40290600098615476,0.09417999963487952,0.3495105111800745,5.011609147066147e-09,True
1,CG,1004425,738,301,1039,81,57.448028564453125,42.99232482910156,1.019024243257007e-41,512.0,4.495300676244714,1.8429386658991596,4971973988617034856,5044031582654962792,5116089176692890728,6.805647338429758e+38,4.460149039713326e+43,2.9230032746665256e+48,1.019024243257007e-41,8388608.0,7272,1275068416,0.709234920548804,0.028102210681327833,normal,0.08079448505036058,0.10301549487498196,0.42714541486203933,0.6656910219904146,0.3563651263453747,2.913438819997682e-13,True
1,CG,1004426,431,163,594,55,39.9368782043457,30.922048568725586,3.923635700109488e-44,3.929008913747545e+24,3.3291152850813033,1.2556532023952076,7516789253058068508,7517070728034779164,7517352203011489820,3.6499524940977743e+194,3.832450118802662e+194,4.01494774350755e+194,3.923635700109488e-44,4.061235175267895e+24,28,1750597632,0.726125058260831,0.03560889918221023,beta,0.14818026074884927,0.09762557403110639,0.39999999999999997,0.178551358116185,0.6709820474713103,4.5440919855477436e-08,True
1,CG,1004433,675,380,1055,78,49.54776382446289,34.219913482666016,0.0,7.688126805797547e-22,3.492420096444636,2.0054822607185954,2046988285221273600,2046989384732901376,2046990484244529152,7.88419049330678e-172,7.885453985373015e-172,7.88671747743925e-172,0.0,7.689031534592526e-22,0,476603392,0.6352277413392678,0.0356597322083243,beta,0.09989290974084508,0.049556928069863004,0.29905666357242333,0.41772745141125395,0.9908599293145057,1.745105838588523e-06,True
1,CG,1004434,413,173,586,54,38.14177703857422,29.13396453857422,0.0,2.6088477977782276e-39,2.834053762514443,1.178315745623731,7996099528753152,7996103823720448,7996108118687744,3.950604443871686e-308,3.950606565867477e-308,3.950608687863268e-308,0.0,2.608857606867478e-39,0,1861744,0.706329204418041,0.041383273732599715,beta,0.1535802319338594,0.0839655520728847,0.3801604740655288,0.15649728875589516,0.8409787353351013,3.3296538146102714e-07,True
1,CG,1004442,974,119,1093,80,71.74606323242188,65.38330841064453,4.056481920730334e+31,1.019024243257007e-41,5.409159229819571,0.6222900078023588,31234965110784,31234981888000,31234998665216,1.54321480774265e-310,1.54321563664725e-310,1.54321646555186e-310,6.64613997892458e+35,1.019024243257007e-41,2080374784,7272,0.8968257904052734,0.01315934865520324,beta,0.352269170873613,0.1566671518505578,0.673072756754562,4.76568850038117e-09,0.03939974637410251,6.629705704424698e-32,False
1,CG,1004443,542,27,569,51,48.5026969909668,46.3951530456543,4.835703278458517e+24,3.923635700109488e-44,7.3280149672658315,0.3773042524089246,122012368896,122012434432,122012499968,6.02822169765e-313,6.02822493556e-313,6.02822817347e-313,5.100155801499217e+24,3.923635700109488e-44,1753743360,28,0.9510332743326823,0.005349486247384192,beta,0.503536457831166,0.11215351941918883,0.7428747535469247,1.1730284673862901e-11,0.5426197328929603,7.154623283050552e-25,True
1,CG,1004594,389,529,918,73,30.814727783203125,15.90968132019043,7.694330660391694e-22,0.0,2.132444483044182,2.9193102609026065,476613888,476614144,476614400,2.35478928e-315,2.354790543e-315,2.35479181e-315,7.695235389186674e-22,0.0,476615680,0,0.4221195586740154,0.04030808371784452,beta,0.06468069658915865,0.06009788286565554,0.2113614949772067,0.9201488401660759,0.9546650761541093,0.0029403980070931424,True
1,CG,1004595,352,609,961,78,28.32008171081543,13.204069137573242,2.6089150601045152e-39,0.0,1.8497386944880108,3.2448658918739173,1861785,1861786,1861787,9.198455e-318,9.19846e-318,9.198465e-318,2.6089248691937655e-39,0.0,1861792,0,0.36307797065147984,0.03794378365358813,beta,0.06696705498273814,0.0628365135884483,0.32463124103239605,0.8754138964402729,0.9177517288001403,1.449347967133062e-07,True
1,CG,1004681,112,452,564,53,10.560678482055664,3.339548349380493,1.019024243257007e-41,-1.1102230246251565e-16,1.1391043103961787,4.577623885957906,11961560610296044648,12033618204333972584,12105675798371900520,-3.326531125011739e-111,-2.1800754380876934e-106,-1.4287342391051507e-101,1.019024243257007e-41,-1.8189894035458565e-12,7272,2902458368,0.199258084567088,0.02375476506379268,beta,0.19984179777773087,0.16737490293813492,0.5252682204957455,0.029008953662656937,0.10264180056350748,3.977457604846634e-13,True
1,CG,1004682,215,862,1077,83,16.129493713378906,4.671263694763184,3.923635700109488e-44,6.686870939743418e+24,1.429117492379319,5.924910722969724,7544092325799002140,7544373800775712796,7544655275752423452,2.4527680760337038e+196,2.569566555844832e+196,2.68636503565596e+196,3.923635700109488e-44,6.951323462784118e+24,28,1756954624,0.194331249558782,0.018741451545021243,beta,0.15562006741702916,0.14447280777648136,0.5328569433112785,0.03590132423891866,0.06255553700447959,6.779961853563464e-21,True
1,CG,1004688,232,254,486,46,22.082752227783203,12.633533477783203,0.0,7.700663761956553e-22,2.172883371450017,2.3533927944776316,2047094937849167872,2047096037360795648,2047097136872423424,8.006749223731581e-172,8.008012715797816e-172,8.009276207864051e-172,0.0,7.701568490751533e-22,0,476628224,0.48005983103876526,0.04516647054317069,normal,0.07971353982956847,0.08052017014995899,0.17399829497016206,0.9319013538466577,0.9266655924091285,0.1233875284844392,True
1,CG,1004689,494,588,1082,82,37.52241897583008,20.073333740234375,0.0,2.608983723729267e-39,2.7109159218002525,3.213411764290861,7996516140580864,7996520435548160,7996524730515456,3.9508102774634097e-308,3.9508123994592007e-308,3.9508145214549916e-308,0.0,2.6089935328185174e-39,0,1861841,0.45759047531500097,0.035844842050810836,normal,0.04831864477126169,0.07299279385944557,0.2345350517231184,0.9908923888479829,0.7748164712377381,0.00024166694035584284,True
1,CG,1004716,19,373,392,39,1.8384615182876587,0.4786108434200287,-8796093022208.0,1.019024243257007e-41,0.15814941952574538,3.196735793001726,31236592500736,31236609277952,31236626055168,1.5432952114894e-310,1.543296040394e-310,1.54329686929863e-310,-1.4411518807585587e+17,1.019024243257007e-41,3707764736,7272,0.047140038930452786,0.010314360417784451,beta,0.6628674294533364,0.3023174400922779,0.7491822101681184,2.609742901016227e-15,0.001603241250178272,1.940398167354641e-19,False
1,CG,1004717,60,1122,1182,84,4.437342166900635,0.7848779559135437,8.500259669165361e+24,3.923635700109488e-44,0.3457028568287815,6.198538917048359,122018725888,122018791424,122018856960,6.0285357748e-313,6.0285390127e-313,6.0285422506e-313,8.764712192206062e+24,3.923635700109488e-44,1760100352,28,0.05282550198691232,0.006632206366979812,beta,0.44676456740128145,0.14060345643533978,0.7692197601682138,5.470458076509189e-15,0.07221209933738607,1.3483310312941338e-43,True
1,CG,1004786,37,300,337,32,3.606649160385132,0.9159532785415649,7.706867616550701e-22,0.0,0.5731430338127355,4.5120693798197165,476638720,476638976,476639232,2.354911965e-315,2.35491323e-315,2.354914494e-315,7.707772345345681e-22,0.0,476640512,0,0.11270778626203537,0.016434059220991233,beta,0.3514758410982346,0.14515392931658544,0.6582117420749106,0.0007368620216358983,0.5102020933473873,1.8159988783859282e-12,True
1,CG,1004787,137,1055,1192,82,8.995628356933594,1.7920345067977905,2.6090509860555547e-39,0.0,0.9681451455103706,7.857019565819693,1861882,1861883,1861884,9.198934e-318,9.19894e-318,9.198944e-318,2.609060795144805e-39,0.0,1861889,0,0.10970278484065359,0.009940605242600277,beta,0.2741359242360988,0.18154940211165227,0.671416730943949,8.881539646700202e-06,0.008983880915223584,1.5598664293280783e-32,False
1,CG,1004821,13,213,226,22,1.2028138637542725,0.3261663019657135,1.0191643731034395e-41,2.407412430484045e-35,0.17320564719988174,2.99480259848481,504403158265502825,576460752303430761,648518346341358697,1.625974543697858e-260,1.0655986769578283e-255,6.983507489310824e-251,1.0191643731034395e-41,3.944304526105059e-31,7273,234881024,0.05467335744337602,0.012400210935944189,beta,0.6328543285249962,0.2763298294622835,0.7432507495259528,4.4443137703225755e-08,0.06948430046013952,5.556839047590665e-11,True
1,CG,1004822,42,1158,1200,84,2.8699586391448975,0.41156142950057983,3.923635700109488e-44,1.1031448103983491e+25,0.2643222255540284,7.472049526881323,7571395398539935772,7571676873516646428,7571958348493357084,1.6445225957406925e+198,1.7192736228198145e+198,1.7940246498989366e+198,3.923635700109488e-44,1.1560353150064891e+25,28,1763311616,0.03416617427553449,0.0037771797888190295,beta,0.5489478090006674,0.219978540016322,0.7803499171279875,2.063241168945578e-22,0.0005893639963154017,7.437609653818647e-45,False
1,CG,1004869,24,195,219,22,2.5266594886779785,0.5313747525215149,0.0,7.71320071811556e-22,0.9016842571102318,6.949414692041964,2047201590477062144,2047202689988689920,2047203789500317696,8.129307954156382e-172,8.130571446222617e-172,8.131834938288852e-172,0.0,7.71410544691054e-22,0,476653056,0.11484815857627174,0.011485360137980224,beta,0.31081343649997856,0.20614848283961795,0.6943619180514154,0.028510712704468352,0.30715636959411596,1.2242399408005593e-09,True
1,CG,1004870,98,1015,1113,82,7.238673210144043,1.5485000610351562,0.0,2.6091196496803066e-39,0.5444819295473321,5.6234326767252165,7996932752408576,7996937047375872,7996941342343168,3.9510161110551333e-308,3.9510182330509243e-308,3.9510203550467153e-308,0.0,2.609129458769557e-39,0,1861938,0.08827650256273223,0.011228337121593759,beta,0.34408498972715834,0.11699486920248092,0.6736204107325727,7.386974688128968e-09,0.21164564092637764,9.593484570231304e-33,True
1,CG,1004987,2,70,72,8,0.2222222238779068,0.04938271641731262,1.9073486328125e-06,1.0191643731034395e-41,0.09375000080197221,3.281250002923318,31238219890688,31238236667904,31238253445120,1.5433756152362e-310,1.5433764441408e-310,1.5433772730454e-310,0.03125,1.0191643731034395e-41,1040187392,7273,0.02777777798473835,0.006172839545593901,beta,0.7228865131569161,0.43314808338194305,0.8548908424976068,0.0004676027749556025,0.09937529491981746,1.6697251034221066e-05,True
1,CG,1004988,42,667,709,59,3.570920467376709,0.656819760799408,1.4658225562827379e+25,3.923635700109488e-44,0.3924086799969073,6.091105117448622,122025082880,122025148416,122025213952,6.0288498519e-313,6.02885308983e-313,6.02885632774e-313,1.518713060890878e+25,3.923635700109488e-44,1766457344,28,0.060524075718249304,0.007598156897380239,beta,0.4589589204331665,0.12008950884972014,0.7421772960350685,3.208087314476609e-11,0.3625216899416717,1.1828507466455735e-28,True
1,CG,1005028,3,103,106,12,0.3499999940395355,0.07249999791383743,7.719404572709708e-22,0.0,0.11667479528922506,3.88360396846569,476663552,476663808,476664064,2.35503465e-315,2.355035916e-315,2.35503718e-315,7.720309301504688e-22,0.0,476665344,0,0.029166666169961292,0.005662878629836169,beta,0.6787478225561735,0.39800161565074577,0.813248047943566,3.1560021572928146e-05,0.04466385030358609,2.5556472845465906e-07,False
1,CG,1005029,49,660,709,60,4.231759071350098,0.8635431528091431,2.6091869120065942e-39,0.0,0.4122149017031631,5.432374472402914,1861979,1861980,1861981,9.199413e-318,9.19942e-318,9.199423e-318,2.6091967210958445e-39,0.0,1861986,0,0.07052931785583497,0.009577628341975916,beta,0.4635237186586524,0.12273539654649429,0.6833333333333305,1.27007337246605e-11,0.3266215511284925,9.248313143952105e-25,True
1,CG,1005041,10,94,104,12,1.1805555820465088,0.3011188507080078,1.0191643731034395e-41,6.044629098073146e+23,0.4205528648523895,3.854243218429235,7493989779944512617,7566047373982440553,7638104968020368489,2.5684257331820646e+207,1.683243488498198e+212,1.103130452622179e+217,1.0191643731034395e-41,9.903520314283042e+27,7273,1862270976,0.09837963183720906,0.01681602065299184,beta,0.5214671723829852,0.2201445419927126,0.6588235294117647,0.0029289095058459866,0.6059964916207565,5.9829276143014934e-05,True
1,CG,1005042,68,708,776,67,5.729621410369873,1.1763761043548584,3.923635700109488e-44,1.836056088539718e+25,0.5575354267758403,5.962070480583731,7598698471280869404,7598979946257580060,7599261421234290716,1.1003351186046813e+200,1.1481757759353194e+200,1.1960164332659575e+200,3.923635700109488e-44,1.888946593147858e+25,28,1769668608,0.08551673746820707,0.010399963248667267,beta,0.38960855094957203,0.14686529154969208,0.666604757063288,2.932650844569589e-09,0.11109986521838451,2.761750483180837e-26,True
1,CG,1005058,2,96,98,11,0.21111111342906952,0.022345680743455887,0.0,7.725737674274567e-22,0.17828253296110957,9.111175661437127,2047308243104956416,2047309342616584192,2047310442128211968,8.251866684581183e-172,8.253130176647418e-172,8.254393668713653e-172,0.0,7.726642403069547e-22,0,476677888,0.019191919402642685,0.0018294053269523026,beta,0.5564563988711464,0.35215527612921305,0.8784313725490196,0.0022006230693938466,0.1306249364323857,8.480005059039783e-08,True
1,CG,1005059,41,846,887,72,3.194700241088867,0.5445548295974731,0.0,2.609255575631346e-39,0.2872562169035214,6.186730716532282,7997349364236288,7997353659203584,7997357954170880,3.951221944646857e-308,3.951224066642648e-308,3.951226188638439e-308,0.0,2.6092653847205964e-39,0,1862035,0.04437083668178982,0.005673286013420344,beta,0.5510067208838543,0.17636877484603272,0.7446552545602612,2.059891717964889e-19,0.02268366264022384,4.195350560032713e-35,False
1,CG,1005083,2,135,137,15,0.25,0.0625,-4.1359030627651384e-25,1.0191643731034395e-41,0.04888888888888888,2.8844444444444437,31239847280640,31239864057856,31239880835072,1.54345601898295e-310,1.54345684788755e-310,1.54345767679216e-310,-6.776263578034403e-21,1.0191643731034395e-41,2667577344,7273,0.016666666666666666,0.004166666666666667,beta,0.7333469597074338,0.546405872137688,0.9131907548732645,1.9685750027601422e-07,0.0002577206961168901,2.7293474734548697e-11,False
1,CG,1005084,32,810,842,70,2.6698007583618164,0.4029942452907562,2.463186357464807e+25,3.923635700109488e-44,0.2824232353474185,7.122483820881711,122031439872,122031505408,122031570944,6.02916392906e-313,6.02916716696e-313,6.02917040487e-313,2.568967366681087e+25,3.923635700109488e-44,1772814336,28,0.03814001083374023,0.004364753846998676,beta,0.5496612767669461,0.19323952525362598,0.779293997669066,8.537013698728321e-19,0.010730501871231788,2.379562741902702e-37,False
1,CG,1005136,2,146,148,15,0.1428571492433548,0.020408164709806442,7.731941528868715e-22,0.0,1.0,1.0,476688384,476688640,476688896,2.355157337e-315,2.3551586e-315,2.355159867e-315,7.732846257663695e-22,0.0,476690176,0,0.009523809949556986,0.0013605443121769453,normal,0.5934000269341015,0.9131907548732645,0.9131907548732645,5.16737533037098e-05,2.7293474734548697e-11,2.7293474734548697e-11,False
1,CG,1005137,25,1168,1193,82,1.7349271774291992,0.17779001593589783,2.6093228379576337e-39,0.0,0.2304117247853275,10.659821409030396,1862076,1862077,1862078,9.199893e-318,9.1999e-318,9.199903e-318,2.609332647046884e-39,0.0,1862083,0,0.021157648505234137,0.0017417658831317636,beta,0.5028428421471713,0.3007630569450787,0.835837765166854,1.9583990633740876e-18,7.214281031701301e-07,3.483158868486311e-50,False
1,CG,1005196,7,157,164,17,0.7991452813148499,0.14904987812042236,1.0191643731034395e-41,-131072.0,0.2552322742318475,5.174254407842341,14483576401623522409,14555633995661450345,14627691589699378281,-1.2554203470793636e+58,-8.227522786619317e+62,-5.391989333438836e+67,1.0191643731034395e-41,-2147483648.0,7273,3489660928,0.04700854595969705,0.006967701277203638,beta,0.5867472859084032,0.19464577797162494,0.7411764705882353,1.6500602622483965e-05,0.5400070906141545,1.5467885304242737e-08,True
1,CG,1005197,16,1184,1200,79,1.156208872795105,0.1292986273765564,3.923635700109488e-44,3.2036534219787673e+25,0.1318628770704108,8.877899574742662,7626001544021803036,7626283018998513692,7626564493975224348,7.348324965986044e+201,7.654505172902128e+201,7.960685379818212e+201,3.923635700109488e-44,3.3094344311950474e+25,28,1776025600,0.014635555351836771,0.0014407290823138313,beta,0.5453053097810036,0.43066750133714427,0.8419428411246663,7.884422324378947e-21,3.750101512522135e-13,4.566342687646507e-49,False
1,CG,1005249,13,338,351,36,1.3277777433395386,0.2513734698295593,0.0,7.738274630433574e-22,0.18967529971696095,4.952985679549403,2047414895732850688,2047415995244478464,2047417094756106240,8.374425415005984e-172,8.375688907072219e-172,8.376952399138454e-172,0.0,7.739179359228554e-22,0,476702720,0.03688271509276496,0.005782897760441506,beta,0.6369683816542873,0.27900588684919037,0.7577243218715112,4.1135467193062035e-13,0.007360397188766852,2.2281155907060582e-18,False
1,CG,1005250,19,1079,1098,78,1.3240289688110352,0.14615608751773834,0.0,2.6093915015823857e-39,0.15936817952643714,9.22918622213802,7997765976064000,7997770271031296,7997774565998592,3.9514277782385806e-308,3.9514299002343716e-308,3.9514320222301625e-308,0.0,2.609401310671636e-39,0,1862132,0.016974730369372245,0.001606247438583546,beta,0.5396390809322027,0.3879460149235079,0.8557769676975441,3.728613184139072e-20,1.272099739341131e-10,4.831436103423574e-50,False
1,CG,1005302,12,468,480,46,1.2151155471801758,0.1664760857820511,-1.0384593717069655e+34,1.0191643731034395e-41,0.20108215321304193,7.411180786937113,31241474670592,31241491447808,31241508225024,1.5435364227297e-310,1.5435372516343e-310,1.54353808053893e-310,-1.7014118346046923e+38,1.0191643731034395e-41,0,7274,0.026415555373482082,0.002986180750229648,beta,0.5837613290870227,0.2995522723571572,0.8164482280004948,4.8444216291640045e-14,0.0005197530848967082,4.6500383316253185e-27,False
1,CG,1005303,25,659,684,59,2.0711827278137207,0.29193755984306335,3.989455204728276e+25,3.923635700109488e-44,0.2794836110200762,7.681925505012076,122037796864,122037862400,122037927936,6.0294780062e-313,6.0294812441e-313,6.029484482e-313,4.201017223160836e+25,3.923635700109488e-44,1779171328,28,0.03510479199684272,0.0037798124309605064,beta,0.5318158740267982,0.20752413853856622,0.7926249959934697,6.412216244695513e-15,0.012417199738954391,1.2736067194943713e-32,False
1,CG,1005384,29,582,611,53,2.604767322540283,0.4210050404071808,7.744478485027722e-22,0.0,0.35846895566548337,6.93540888358125,476713216,476713472,476713728,2.355280024e-315,2.35528129e-315,2.355282553e-315,7.7453832138227015e-22,0.0,476715008,0,0.049146553255477045,0.0056344173936890085,beta,0.48153431713727773,0.12625612018187587,0.7701308443462773,4.23253690289528e-11,0.366827435150662,9.94200726649798e-28,True
1,CG,1005385,29,538,567,50,2.6244025230407715,0.6369126439094543,2.6094587639086733e-39,0.0,0.20375930122303862,3.67825383194055,1862173,1862174,1862175,9.20037e-318,9.200377e-318,9.20038e-318,2.6094685729979235e-39,0.0,1862180,0,0.05248805046081543,0.010186997384706103,beta,0.6182513836641403,0.23955025941336716,0.72064319448439,5.020936254510374e-17,0.006439621387715215,5.584209841149164e-23,False
1,CG,1005402,29,680,709,58,2.3888704776763916,0.3228985667228699,1.019304502949872e-41,2.842170943040401e-14,0.37177222948180727,8.65458123398371,3026418949592980586,3098476543630908522,3170534137668836458,6.13636683163207e-92,4.021529366778393e-87,2.6355494858118876e-82,1.019304502949872e-41,4.656612873077393e-10,7274,822083584,0.041187422028903305,0.003938721933095166,beta,0.5074428594282627,0.12264337334206415,0.789711806865947,2.1317766534659707e-13,0.3474973476817093,7.637578170733051e-32,True
1,CG,1005403,20,531,551,50,1.7462579011917114,0.3137361407279968,3.923635700109488e-44,5.470389333756197e+25,0.1932910247780054,5.341144199426173,7653304616762736668,7653586091739447324,7653867566716157980,4.898883310657362e+203,5.0948386430836556e+203,5.290793975509949e+203,3.923635700109488e-44,5.681951352188757e+25,28,1782382592,0.03492515802383423,0.005158118522010351,beta,0.5907670061927384,0.2910321820829067,0.8014714400894631,1.3928583670719805e-15,0.00041934108651306277,2.534212293694396e-28,False
1,CG,1005458,68,832,900,68,5.007274627685547,1.0967464447021484,0.0,7.750811586592581e-22,0.38863042600258374,4.889064714196002,2047521548360744960,2047522647872372736,2047523747384000512,8.496984145430785e-172,8.49824763749702e-172,8.499511129563255e-172,0.0,7.751716315387561e-22,0,476727552,0.07363639158361099,0.010866101633600233,beta,0.47672386535679223,0.12596340664798406,0.691710469718691,7.54745881325146e-14,0.23078248806400295,1.0991211780926006e-28,True
1,CG,1005459,67,541,608,53,6.031208038330078,1.3514213562011719,0.0,2.6095274275334252e-39,0.7834510007586868,6.101223309316558,7998182587891712,7998186882859008,7998191177826304,3.951633611830304e-308,3.951635733826095e-308,3.951637855821886e-308,0.0,2.6095372366226754e-39,0,1862229,0.11379637808169958,0.012790225499653397,beta,0.3422384804618327,0.2071358372669755,0.6842188363485461,8.110641157025835e-06,0.02117760454208216,5.615581411341784e-22,False
1,CG,1005471,113,813,926,70,8.457931518554688,2.2319798469543457,2251799813685248.0,1.019304502949872e-41,0.6110860577207985,4.446418125969444,31243102060544,31243118837760,31243135614976,1.5436168264765e-310,1.5436176553811e-310,1.5436184842857e-310,3.6893488147419103e+19,1.019304502949872e-41,1627389952,7274,0.12082759312220982,0.01753664259094066,beta,0.33476903542297143,0.15123250219203663,0.6220875858342283,3.0691475148979316e-07,0.08135785348897065,5.907214435220973e-24,True
1,CG,1005472,125,567,692,61,11.023862838745117,3.314922571182251,6.921100317293752e+25,3.923635700109488e-44,1.0330345743724172,4.683211169836304,122044153856,122044219392,122044284928,6.02979208333e-313,6.02979532124e-313,6.02979855914e-313,7.132662335726312e+25,3.923635700109488e-44,1785528320,28,0.1807190629302478,0.022045006818210863,beta,0.1758720223323113,0.11215143954495987,0.5439002138018849,0.045938898280022906,0.4268065617099821,4.235751128458168e-16,True
1,CG,1005512,55,859,914,69,3.9292490482330322,0.8848975300788879,7.757015441186728e-22,0.0,0.2575905028173392,4.265855192840254,476738048,476738304,476738560,2.35540271e-315,2.355403975e-315,2.35540524e-315,7.757920169981708e-22,0.0,476739840,0,0.05694563838018887,0.009722704921654534,beta,0.5244275784868915,0.19468526780375256,0.7330265318688063,6.578076785308225e-17,0.010701431562164448,1.2518474871860625e-32,False
1,CG,1005513,77,712,789,65,5.958667278289795,1.3252716064453125,2.6095946898597128e-39,0.0,0.5354331653937139,5.3053285561737145,1862270,1862271,1862272,9.20085e-318,9.200856e-318,9.20086e-318,2.609604498948963e-39,0.0,1862277,0,0.09167180428138146,0.012172341030188414,beta,0.4091379978175306,0.16213475616168077,0.6735397820771932,7.083661584306909e-10,0.06559299381929769,4.879782519169686e-26,True
1,CG,1005543,43,801,844,67,3.5660808086395264,0.5524263978004456,1.019304502949872e-41,-6.162975822039155e-33,0.4349436435797024,7.7368353158986585,10016005571271990378,10088063165309918314,10160120759347846250,-2.9993936277961064e-241,-1.9656826079124563e-236,-1.2882297539215073e-231,1.019304502949872e-41,-1.0097419586828951e-28,7274,2449473536,0.05322508669611233,0.005494264205988854,beta,0.4506544546980085,0.11671707906763262,0.7664797021123553,3.0349157548187884e-12,0.32093682547669244,1.2933405176357941e-34,True
1,CG,1005544,33,805,838,68,2.586674213409424,0.46165481209754944,3.923635700109488e-44,9.066943647109719e+25,0.2186931563475196,5.5304400566944505,7680607689503670300,7680889164480380956,7681170639457091612,3.2606967315735396e+205,3.3861081443263676e+205,3.5115195570791955e+205,3.923635700109488e-44,9.490067683974839e+25,28,1788739584,0.038039326667785645,0.005421783085231805,beta,0.5936728319929103,0.2513166538231724,0.7427559581214436,3.048298166556327e-21,0.0003719983846892833,5.2023114538440465e-33,False
1,CG,1005582,65,511,576,52,6.065793991088867,1.3690342903137207,0.0,7.763348542751588e-22,0.8101116614976198,6.134701574784783,2047628200988639232,2047629300500267008,2047630400011894784,8.619542875855586e-172,8.620806367921821e-172,8.622069859988056e-172,0.0,7.764253271546567e-22,0,476752384,0.11664988444401668,0.01296980631749007,beta,0.332189587069985,0.20659235999022119,0.6634652931576599,2.0744183118141093e-05,0.023621064527069434,2.6260602967592957e-20,False
1,CG,1005583,97,811,908,73,8.05451774597168,1.6498982906341553,0.0,2.6096633534844647e-39,0.9141249831946797,7.370806017992321,7998599199719424,7998603494686720,7998607789654016,3.951839445422028e-308,3.951841567417819e-308,3.95184368941361e-308,0.0,2.609673162573715e-39,0,1862326,0.11033585953385863,0.010572168777800728,beta,0.2736296498672607,0.17092300201291163,0.6859544263234334,3.577225835398112e-05,0.028094040884330315,2.9235909012490353e-30,False
1,CG,1005614,228,225,453,43,21.588045120239258,13.004087448120117,-0.00048828125,1.019304502949872e-41,1.9318151988543106,1.9160576904263062,31244729450496,31244746227712,31244763004928,1.54369723022325e-310,1.54369805912786e-310,1.54369888803246e-310,-8.0,1.019304502949872e-41,3254779904,7274,0.5020475609357967,0.05156814405076356,beta,0.0871981245244014,0.0633548208525696,0.14694227315963138,0.8992827718135288,0.995254767549725,0.3111182857365269,True
1,CG,1005615,298,422,720,61,25.135343551635742,13.106937408447266,1.1968365614184829e+26,3.923635700109488e-44,1.7661427008690025,2.5200411951930852,122050510848,122050576384,122050641920,6.03010616046e-313,6.03010939837e-313,6.0301126363e-313,1.2391489651049949e+26,3.923635700109488e-44,1791885312,28,0.4120548123218974,0.04582996897719311,normal,0.09465602699741171,0.11471836771783145,0.2240032408126008,0.6452216257059857,0.3983063492324512,0.004389666771027011,True
1,CG,1005635,268,232,500,48,26.24427604675293,17.00042724609375,7.769552397345735e-22,0.0,1.8552352538908885,1.5379348235813193,476762880,476763136,476763392,2.355525397e-315,2.35552666e-315,2.355527926e-315,7.770457126140715e-22,0.0,476764672,0,0.5467557509740194,0.056408901859189,beta,0.08483058951019418,0.048503875245897,0.16001084830019136,0.8801086010264249,0.999865695971925,0.17111597022093616,True
1,CG,1005636,342,295,637,60,32.7311897277832,21.408449172973633,2.6097306158107523e-39,0.0,1.7004329976264214,1.4166544259016824,1862367,1862368,1862369,9.20133e-318,9.201335e-318,9.20134e-318,2.6097404249000025e-39,0.0,1862374,0,0.5455198287963867,0.06021925688764895,beta,0.07681777268572054,0.0758862584568083,0.15514078115517466,0.8707971092235821,0.8799972128031655,0.1113290732436223,True
1,CG,1005763,248,51,299,28,23.276639938354492,20.069320678710938,1.019304502949872e-41,-1.5474250491067253e+26,3.5449317914146206,0.7193473494958814,17005592192951000170,17077649786988928106,17149707381026856042,-4.737909217233937e+226,-3.105036184606433e+231,-2.034916513943672e+236,1.019304502949872e-41,-2.535301200456459e+30,7274,4076863488,0.8313085692269462,0.026638905005432336,beta,0.32180604231031307,0.203597280515462,0.5660982964849118,0.0060592814179722095,0.19610552002803047,3.214462545050747e-08,True
1,CG,1005777,643,142,785,62,50.35933303833008,42.083038330078125,3.923635700109488e-44,1.493023387224067e+26,5.597639331139312,1.293906239301104,7707910762244603932,7708192237221314588,7708473712198025244,2.1671092123688752e+207,2.247372516530685e+207,2.327635820692495e+207,3.923635700109488e-44,1.535335790910579e+26,28,1795096576,0.8122473070698399,0.019324683341988506,beta,0.1688987128507362,0.08402804643453676,0.5315776125081297,0.058180934451944354,0.7737713907001353,1.2124626856206114e-15,True
1,CG,1005778,107,20,127,13,10.915728569030762,9.348970413208008,0.0,7.775885498910594e-22,6.558796871114656,1.2523500244206354,2047734853616533504,2047735953128161280,2047737052639789056,8.742101606280386e-172,8.743365098346621e-172,8.744628590412857e-172,0.0,7.776790227705574e-22,0,476777216,0.8396714283869817,0.015278751147113745,beta,0.19722110134573578,0.19480889669059498,0.62363146241043,0.6927018259134948,0.7072471219174653,8.119360719248114e-05,True
1,CG,1005792,745,85,830,67,59.92865753173828,54.53207015991211,0.0,2.6097992794355042e-39,5.108178988972547,0.6027447386264861,7999015811547136,7999020106514432,7999024401481728,3.9520452790137515e-308,3.9520474010095425e-308,3.9520495230053334e-308,0.0,2.6098090885247545e-39,0,1862423,0.8944575751005713,0.014067097955165074,beta,0.3293096114244908,0.1298934521994488,0.6805970149253732,9.773131413566952e-07,0.20827913764191994,2.2089050277812676e-27,True
1,CG,1005793,81,15,96,10,8.274999618530273,7.143125057220459,1.0587911840678754e-22,1.0194446327963044e-41,2.7693086272279634,0.5772880554191612,31246356840448,31246373617664,31246390394880,1.54377763397e-310,1.5437784628746e-310,1.54377929177923e-310,1.734723475976807e-18,1.0194446327963044e-41,587202560,7275,0.8274999618530273,0.03284035428364914,beta,0.3649936285845614,0.20240413454826822,0.5196078431372549,0.13923423801721338,0.8072348752734748,0.009034550342170313,True
1,CG,1005837,1013,81,1094,80,74.26910400390625,69.82076263427734,2.0189061187564307e+26,3.923635700109488e-44,4.664987069617753,0.3599687390559521,122056867840,122056933376,122056998912,6.0304202376e-313,6.0304234755e-313,6.0304267134e-313,2.1035309261294548e+26,3.923635700109488e-44,1798242304,28,0.9283638000488281,0.01103816474670002,beta,0.44108739759887033,0.10766232496633643,0.7106435270659417,6.049911907479508e-14,0.31183460713720523,1.61825729378081e-35,True
1,CG,1005838,310,44,354,33,28.676300048828125,25.365018844604492,7.782089353504742e-22,0.0,6.230896220724711,0.9394700724790821,476787712,476787968,476788224,2.355648083e-315,2.35564935e-315,2.355650613e-315,7.782994082299722e-22,0.0,476789504,0,0.868978789358428,0.013935073277962395,beta,0.28799988547942423,0.20143030415964724,0.6414213401895501,0.008386327820849913,0.1373706855786469,3.2231532273774123e-12,True
1,CG,1005853,1003,93,1096,81,73.96273040771484,68.46534729003906,2.6098665417617918e-39,0.0,5.328366452260212,0.5069735933806457,1862464,1862465,1862466,9.20181e-318,9.201815e-318,9.20182e-318,2.609876350851042e-39,0.0,1862471,0,0.9131201284903067,0.011606117458157072,beta,0.40964077409078636,0.14080266253150386,0.6528559927782166,3.125727203576819e-12,0.08056980274873053,2.0604131207312564e-30,True
1,CG,1005854,394,62,456,41,35.612483978271484,31.71538543701172,1.0194446327963044e-41,33554432.0,4.199288679831249,0.6352754010716475,5548434740920458347,5620492334958386283,5692549928996314219,2.315841784750065e+77,1.5177100720538025e+82,9.9464647282118e+86,1.0194446327963044e-41,549755813888.0,7275,1409286144,0.8685971702017435,0.01956206574075443,beta,0.31926809826451397,0.15336191992450476,0.6268180553189215,0.00046882239865262597,0.2898018239901737,2.0369768565130824e-14,True
1,CG,1005857,881,176,1057,77,63.454402923583984,53.78628921508789,3.923635700109488e-44,2.611279770367599e+26,5.250864944448608,1.1209009550658473,7735213834985537564,7735495309962248220,7735776784938958876,1.4383184105796385e+209,1.4896869252431968e+209,1.5410554399067552e+209,3.923635700109488e-44,2.695904577740623e+26,28,1801453568,0.8240831548517401,0.019665587691938446,beta,0.1966824442796326,0.08944607177162556,0.557355146634737,0.005173600788246162,0.5689172366393223,3.3472568962935884e-21,True
1,CG,1005858,424,94,518,45,36.88792419433594,31.23798179626465,0.0,7.788422455069601e-22,4.511282983731103,0.9920826488373742,2047841506244427776,2047842605756055552,2047843705267683328,8.864660336705187e-172,8.865923828771422e-172,8.867187320837657e-172,0.0,7.789327183864581e-22,0,476802048,0.8197316487630208,0.02272233811355282,beta,0.21862032366452466,0.1373468501114753,0.5333333333333333,0.027095396436070972,0.36393419646664626,1.5243730389025836e-11,True
1,CG,1005864,840,259,1099,82,61.97889709472656,48.347198486328125,0.0,2.6099352053865437e-39,6.771165692956843,2.1872961843795156,7999432423374848,7999436718342144,7999441013309440,3.952251112605475e-308,3.952253234601266e-308,3.952255356597057e-308,0.0,2.609945014475794e-39,0,1862520,0.7558402084722752,0.018531555374917415,normal,0.068334777888443,0.07976042807179212,0.5279475881509509,0.8384574463124703,0.6739282404075203,2.810463688963154e-20,True
1,CG,1005865,410,116,526,45,35.22764587402344,28.7965087890625,2.658455991569832e+36,1.0194446327963044e-41,4.020810008786697,1.1153961130314611,31247984230400,31248001007616,31248017784832,1.5438580377168e-310,1.5438588666214e-310,1.543859695526e-310,-3.76158192263132e-37,1.0194446327963044e-41,2214592512,7275,0.7828365749782986,0.027704980647581836,beta,0.20381435050470686,0.08346746594260412,0.4496566211662162,0.047572884626117,0.9125123741383199,2.5008508106492358e-08,True
1,CG,1005870,974,147,1121,83,72.59674835205078,64.64981079101562,3.2882782293517914e+26,3.923635700109488e-44,5.948607448774492,0.8524467231557218,122063224832,122063290368,122063355904,6.03073431473e-313,6.03073755264e-313,6.03074079055e-313,3.4575278440978394e+26,3.923635700109488e-44,1804599296,28,0.874659618699407,0.014053250714561974,beta,0.2891503173353286,0.18187461112099557,0.6380197289478151,1.8771324878586487e-06,0.00824735280827117,8.999931794858933e-30,False
1,CG,1005871,482,73,555,49,41.8027229309082,36.6843147277832,7.794626309663749e-22,0.0,4.169185263338873,0.7178188258745658,476812544,476812800,476813056,2.35577077e-315,2.355772034e-315,2.3557733e-315,7.795531038458729e-22,0.0,476814336,0,0.8531167945083307,0.021285619567643927,beta,0.2854412820627332,0.15734667647004352,0.5426018189581697,0.0006812563308562324,0.1766076378626124,5.893873748153231e-13,True
1,CG,1005876,945,190,1135,83,68.31843566894531,58.28498458862305,2.6100024677128313e-39,0.0,3.9679427485953256,0.8527069766019947,1862561,1862562,1862563,9.20229e-318,9.202294e-318,9.2023e-318,2.6100122768020816e-39,0.0,1862568,0,0.8231136827583773,0.02501396835202671,beta,0.22026362205851613,0.14120546681904012,0.5036144793751506,0.0006358681604134624,0.07303818795739532,1.038218826074831e-18,True
1,CG,1005877,509,88,597,52,43.53578186035156,38.15800476074219,1.0194446327963044e-41,-7.275957614183426e-12,2.5682358459941446,0.4993159076432274,12538021362599468139,12610078956637396075,12682136550675324011,-1.1319598848551676e-72,-7.418412301386826e-68,-4.86173068583687e-63,1.0194446327963044e-41,-1.1920928955078125e-07,7275,3036676096,0.83722657423753,0.03350375013818916,beta,0.28967262002231,0.10247846648644465,0.5493352500744927,0.0003244054597165572,0.6457351559082335,4.6895654197858944e-14,True
1,CG,1005892,918,108,1026,76,68.32328796386719,62.06990432739258,3.923635700109488e-44,4.473025532574128e+26,8.550742277614141,0.9607498133746837,7762516907726471196,7762798382703181852,7763079857679892508,9.53399632155646e+210,9.862754815403233e+210,1.0191513309250006e+211,3.923635700109488e-44,4.642275147320176e+26,28,1807810560,0.8989906311035156,0.008638780822511762,beta,0.2946969824221778,0.19334242855346007,0.7006404497508729,3.6988368239373113e-06,0.006813770437206618,7.862504510063804e-33,False
1,CG,1005893,627,71,698,58,51.969200134277344,47.2343864440918,0.0,7.800959411228608e-22,6.2176148403781,0.7215271862484453,2047948158872322048,2047949258383949824,2047950357895577600,8.987219067129988e-172,8.988482559196223e-172,8.989746051262458e-172,0.0,7.801864140023588e-22,0,476826880,0.896020691970299,0.011735224186555308,beta,0.336825417158126,0.17657950795377597,0.6887529814827053,3.850872661153679e-06,0.053729685122217936,2.526997275537531e-24,True
1,CG,1005904,498,521,1019,78,39.61872863769531,27.455184936523438,0.0,2.6100711313375832e-39,0.8253791409776563,0.7995991258666544,7999849035202560,7999853330169856,7999857625137152,3.952456946197199e-308,3.9524590681929897e-308,3.9524611901887807e-308,0.0,2.6100809404268335e-39,0,1862617,0.5079324184319912,0.09521491278413077,beta,0.12024063455674294,0.08330082652264602,0.09571066485855106,0.20941782489380112,0.6512842007928933,0.4724967624530227,True
1,CG,1005905,398,351,749,61,33.36513900756836,24.429306030273438,-5.764607523034235e+17,1.0194446327963044e-41,0.7689976371579547,0.6369265478422846,31249611620352,31249628397568,31249645174784,1.54393844146355e-310,1.54393927036816e-310,1.54394009927276e-310,-9.44473296573929e+21,1.0194446327963044e-41,3841982464,7275,0.5469694919273501,0.10299321498697266,beta,0.15501177627787,0.06508377382319636,0.11794271280806534,0.10661833402143418,0.9583723484707599,0.3641825855914786,True
1,CG,1005914,854,103,957,70,63.07199478149414,57.8461799621582,5.633594319404172e+26,3.923635700109488e-44,4.5530625882058935,0.5001211945262494,122069581824,122069647360,122069712896,6.03104839187e-313,6.0310516298e-313,6.0310548677e-313,5.80284393415022e+26,3.923635700109488e-44,1810956288,28,0.9010284968784877,0.014732105928416157,beta,0.4085816968232855,0.1501973112175855,0.6370928669009329,1.4155776676024773e-10,0.08498996399886513,4.193558080887895e-25,True
1,CG,1005915,737,65,802,64,58.45808410644531,54.27588653564453,7.807163265822756e-22,0.0,4.259691392951581,0.40382526716495126,476837376,476837632,476837888,2.355893456e-315,2.35589472e-315,2.355895985e-315,7.808067994617736e-22,0.0,476839168,0,0.913407564163208,0.01396556073537102,beta,0.44560301102630084,0.12055196753330133,0.6700491906331026,1.832427597422918e-11,0.31011087199238385,2.20369835256693e-25,True
1,CG,1005916,856,77,933,68,62.217891693115234,57.85419845581055,2.6101383936638708e-39,0.0,4.2313794078150195,0.3932356651393204,1862658,1862659,1862660,9.20277e-318,9.202773e-318,9.20278e-318,2.610148202753121e-39,0.0,1862665,0,0.9149689954869887,0.013832187940934871,beta,0.4436154338572247,0.11022841021150998,0.6623418716008109,4.759275578293074e-12,0.3804697202978687,2.4537094366729614e-26,True
1,CG,1005917,732,85,817,64,57.78325653076172,53.013771057128906,1.0195847626427369e-41,1.5777218104420236e-30,5.01196232954378,0.5392234005307773,1080863910568926316,1152921504606854252,1224979098644782188,5.532904662827004e-222,3.6260443998303055e-217,2.376364457872789e-212,1.0195847626427369e-41,2.5849394142282115e-26,7276,369098752,0.9028633832931519,0.013387056636020134,beta,0.42052264067658784,0.1802925364808805,0.6674617303209833,2.955207361032346e-10,0.031193434204351177,3.431899303408933e-25,False
1,CG,1005929,908,62,970,74,69.29439544677734,65.53925323486328,3.923635700109488e-44,7.446983048826116e+26,5.3138859362485364,0.3608523560339372,7789819980467404828,7790101455444115484,7790382930420826140,6.312163081858069e+212,6.522568517920004e+212,6.73297395398196e+212,3.923635700109488e-44,7.785482278318212e+26,28,1814167552,0.936410749280775,0.008921047583399788,beta,0.4869148490792838,0.10543175588858317,0.7184174952676884,1.1539434667023994e-15,0.38319522378432724,1.3393012441581132e-33,True
1,CG,1005930,733,51,784,63,58.82966613769531,55.498626708984375,0.0,7.813496367387615e-22,5.420138076953645,0.3842242671882737,2048054811500216320,2048055911011844096,2048057010523471872,9.109777797554789e-172,9.111041289621024e-172,9.112304781687259e-172,0.0,7.814401096182595e-22,0,476851712,0.9338042244078621,0.009084450791940943,beta,0.5118431248225516,0.1483615557064103,0.7248474540471495,9.225922062703552e-15,0.12486758227319651,3.551010074053483e-29,True
1,CG,1005935,788,110,898,70,62.04016876220703,55.855709075927734,0.0,2.6102070572886227e-39,6.195837484676404,0.794933697615258,8000265647030272,8000269941997568,8000274236964864,3.9526627797889224e-308,3.9526649017847134e-308,3.9526670237805043e-308,0.0,2.610216866377873e-39,0,1862714,0.8862881251743862,0.012612235045923915,beta,0.31745748572804444,0.18687411893217443,0.6408606947392705,1.4911714278483467e-06,0.015056818530795739,2.1370669328199253e-25,False
1,CG,1005936,710,90,800,61,54.152462005615234,49.28512191772461,0.125,1.0195847626427369e-41,3.4935107963736285,0.44175180639951805,31251239010304,31251255787520,31251272564736,1.5440188452103e-310,1.5440196741149e-310,1.54402050301953e-310,2048.0,1.0195847626427369e-41,1174405120,7276,0.8877452787805776,0.020192157298251228,beta,0.3555618591570674,0.09743574191868865,0.646747835611186,4.004769707730497e-07,0.608687480913213,1.3764698700696333e-22,True
1,CG,1005953,468,355,823,63,36.190006256103516,27.542388916015625,9.768120622486204e+26,3.923635700109488e-44,0.7147903774830959,0.5295253450056323,122075938816,122076004352,122076069888,6.031362469e-313,6.0313657069e-313,6.0313689448e-313,1.01066198519783e+27,3.923635700109488e-44,1817313280,28,0.5744445437476748,0.10892318200004425,beta,0.20963600470605392,0.12192026034732129,0.20248707290671664,0.007873859394384768,0.3062292155039564,0.011413243848719721,True
1,CG,1005954,444,288,732,57,35.4938850402832,29.263036727905273,7.819700221981763e-22,0.0,0.5213860582622163,0.3159132480046866,476862208,476862464,476862720,2.35601614e-315,2.356017407e-315,2.35601867e-315,7.820604950776742e-22,0.0,476864000,0,0.6226997375488281,0.12787506837022583,beta,0.2827297884211222,0.08432929158029956,0.2784669126059701,0.00022050900803270745,0.8123344670356254,0.0002896467557992043,True
1,CG,1005958,657,117,774,62,52.717987060546875,46.363380432128906,2.6102743196149103e-39,0.0,3.443249808828242,0.6062501825535694,1862755,1862756,1862757,9.203247e-318,9.20325e-318,9.203257e-318,2.6102841287041606e-39,0.0,1862762,0,0.8502901138797883,0.025209790342677042,beta,0.2981215673066009,0.13522896087750746,0.5314217614159189,3.271964283091998e-05,0.20689656676760282,1.2376279458192616e-15,True
1,CG,1005959,635,117,752,60,50.878448486328125,44.168174743652344,1.0195847626427369e-41,3.961408125713217e+28,5.447011217159626,0.976546944552,8070450532247936108,8142508126285864044,8214565720323791980,8.739899877478403e+245,5.727780783704246e+250,3.753758414408415e+255,1.0195847626427369e-41,6.490371073168535e+32,7276,1996488704,0.8479741414388021,0.01736552662237178,beta,0.26195879592660076,0.1924417660634733,0.6089178662677142,0.0005305787791856986,0.023496250118676294,9.498490556926517e-20,False
1,CG,1006000,564,46,610,52,48.42095947265625,45.607093811035156,3.923635700109488e-44,1.2137615228930877e+27,4.935096962588066,0.36477823297673656,7817123053208338460,7817404528185049116,7817686003161759772,4.1744438514688026e+214,4.309103330548454e+214,4.578422288707731e+214,3.923635700109488e-44,1.2572828523992143e+27,28,1820524544,0.9311722975510818,0.010173288808902428,beta,0.5282780474848746,0.15628650099332575,0.7018832393331159,4.96628989938524e-13,0.15761624418735085,1.1223792181943297e-22,True
1,CG,1006001,425,29,454,42,39.285865783691406,37.10371017456055,0.0,7.826033323546622e-22,5.565570221155507,0.38450736083248377,2048161464128110592,2048162563639738368,2048163663151366144,9.23233652797959e-172,9.233600020045825e-172,9.23486351211206e-172,0.0,7.826938052341602e-22,0,476876544,0.9353777567545573,0.008697199162211311,beta,0.5492327819284495,0.18375180599712154,0.7408566239705648,1.9786696183031653e-11,0.11726821349973067,1.8962758975493595e-20,True
1,CG,1006002,539,47,586,51,46.91517639160156,43.858375549316406,0.0,2.6103429832396622e-39,3.9155132493229377,0.3409169950961624,8000682258857984,8000686553825280,8000690848792576,3.952868613380646e-308,3.952870735376437e-308,3.952872857372228e-308,0.0,2.6103527923289125e-39,0,1862811,0.9199054194431678,0.014017010650999282,beta,0.5141559685415535,0.1405520645063184,0.7210400263752471,3.89549040553403e-12,0.26600949492234766,1.8643918546674717e-23,True
1,CG,1006003,387,15,402,37,35.49469757080078,34.29793930053711,-2.710505431213761e-20,1.0195847626427369e-41,4.490969457787798,0.19045851062071648,31252866400256,31252883177472,31252899954688,1.5440992489571e-310,1.5441000778617e-310,1.5441009067663e-310,-4.440892098500626e-16,1.0195847626427369e-41,2801795072,7276,0.9593161505621832,0.006869518376323016,beta,0.6286428522556797,0.27366272211062304,0.7639120334122664,3.9850806413587863e-13,0.007837714502752237,3.520862305752498e-19,False
1,CG,1006049,307,20,327,31,28.94529914855957,27.369617462158203,1.6538105212328127e+27,3.923635700109488e-44,4.122888118156494,0.2926658896593698,122082295808,122082361344,122082426880,6.03167654614e-313,6.03167978405e-313,6.03168302196e-313,1.721510367131232e+27,3.923635700109488e-44,1823670272,28,0.9337193273728893,0.01142774035193644,beta,0.5579802231755195,0.1361963551429315,0.6991907886237203,8.274788742220379e-09,0.6131974594357158,1.372937133318867e-13,True
1,CG,1006050,205,21,226,23,20.992013931274414,19.457252502441406,7.832237178140769e-22,0.0,4.457726879670521,0.42640279783858615,476887040,476887296,476887552,2.35613883e-315,2.356140093e-315,2.35614136e-315,7.833141906935749e-22,0.0,476888832,0,0.9126962578814962,0.013541815544136814,beta,0.4953149058119054,0.18431267154366127,0.6971141419820545,2.5107393543016004e-05,0.4152934155257568,3.913625846385764e-10,True
1,CG,1006063,293,79,372,35,27.709331512451172,23.115699768066406,2.6104102455659498e-39,0.0,2.9754983784742794,0.7828904949564429,1862852,1862853,1862854,9.203727e-318,9.20373e-318,9.203736e-318,2.6104200546552e-39,0.0,1862859,0,0.7916951860700335,0.03465751177765095,beta,0.19943193500370265,0.1208787285432209,0.5178827264742457,0.12353812605482316,0.6859261291464434,1.404458245288296e-08,True
1,CG,1006064,77,22,99,11,8.563888549804688,6.862029075622559,1.0195847626427369e-41,-8589934592.0,6.114451014152745,1.73933652225957,15060037153926945900,15132094747964873836,15204152342002801772,-4.271974071848722e+96,-2.7996809277267784e+101,-1.8347988927950215e+106,1.0195847626427369e-41,-140737488355328.0,7276,3623878656,0.7785353227095171,0.019473933985202852,normal,0.1628918366137252,0.19611538712945448,0.5802886644040209,0.932268625330057,0.7913294833463266,0.0012125601011157595,True
1,CG,1006109,258,87,345,36,26.983013153076172,21.150875091552734,3.923635700109488e-44,2.1277094425217473e+27,4.567010886864242,1.526170441491929,7844426125949272092,7844707600925982748,7844989075902693404,2.757826131551011e+216,2.930190264772948e+216,3.102554397994885e+216,3.923635700109488e-44,2.1954092884201666e+27,28,1826881536,0.7495281431410048,0.026467067045092663,beta,0.12163779386255835,0.11948481557701618,0.49935159285116654,0.6611785723477854,0.6829339048514295,3.1914742843451337e-08,True
1,CG,1006110,129,39,168,18,13.627730369567871,11.048622131347656,0.0,7.8385702797056285e-22,2.4803058814765966,0.7957719873867881,2048268116756004864,2048269216267632640,2048270315779260416,9.354895258404391e-172,9.356158750470626e-172,9.357422242536861e-172,0.0,7.839475008500608e-22,0,476901376,0.7570961316426595,0.04300706973403708,beta,0.25029014606132893,0.11058296387391442,0.4529411764705883,0.20945805042576665,0.9803379895264928,0.0012402300951052225,True
1,CG,1006159,187,127,314,33,19.26785659790039,14.644133567810059,0.0,2.6104789091907017e-39,0.7536001037595043,0.5370885256531509,8001098870685696,8001103165652992,8001107460620288,3.9530744469723697e-308,3.9530765689681606e-308,3.9530786909639516e-308,0.0,2.610488718279952e-39,0,1862908,0.5838744423606179,0.10606639191333173,beta,0.17599736680468914,0.13330377926214365,0.19729711956374846,0.25836554772799686,0.6006917927969158,0.1531360493481139,True
1,CG,1006160,247,219,466,45,23.14267349243164,17.525327682495117,0.0,1.0197248924891694e-41,0.4908765291629401,0.4636131852408961,31254493790208,31254510567424,31254527344640,1.54417965270385e-310,1.54418048160846e-310,1.54418131051306e-310,9.62964972193618e-35,1.0197248924891694e-41,134217728,7277,0.5142816331651475,0.1278062673409001,beta,0.17025189812115782,0.0891699309165937,0.15806808029332026,0.14719959055606938,0.8666964942629625,0.21082527207330412,True
1,CG,1006272,311,38,349,33,29.32550621032715,26.68039894104004,2.7079938359367694e+27,3.923635700109488e-44,3.6480310857211355,0.4570992729972138,122088652800,122088718336,122088783872,6.0319906233e-313,6.0319938612e-313,6.0319970991e-313,2.843393527733608e+27,3.923635700109488e-44,1830027264,28,0.888651703343247,0.01938243424468289,beta,0.429947898573224,0.16298505209705882,0.6695742199404408,1.0056456201383072e-05,0.3446262338145973,2.8207347845263897e-13,True
1,CG,1006273,812,68,880,72,66.6861801147461,62.276824951171875,7.844774134299776e-22,0.0,7.848349791940638,0.6253877058047369,476911872,476912128,476912384,2.356261515e-315,2.35626278e-315,2.356264045e-315,7.845678863094756e-22,0.0,476913664,0,0.9261969460381402,0.0072153321964040585,beta,0.4139375553684901,0.1830289173860209,0.7328193230667235,3.849733943374727e-11,0.01607012179021304,5.204695843546228e-34,False
1,CG,1006343,449,31,480,45,42.0010871887207,39.618080139160156,2.6105461715169893e-39,0.0,5.206436339461384,0.3717439162792393,1862949,1862950,1862951,9.204206e-318,9.20421e-318,9.204216e-318,2.6105559806062396e-39,0.0,1862956,0,0.9333574930826823,0.00945569758974168,beta,0.5097535181073534,0.13923001107840433,0.71195025084176,1.39461679755817e-10,0.347549464564275,3.0841147704560915e-20,True
1,CG,1006344,736,46,782,67,63.025413513183594,59.8065299987793,1.0197248924891694e-41,1.862645149230957e-09,5.722859731322992,0.36090205023889516,3602879701896404077,3674937295934332013,3746994889972259949,2.088097429762902e-53,1.3684555315694153e-48,8.96831017169332e-44,1.0197248924891694e-41,3.0517578125e-05,7277,956301312,0.9406778136296059,0.007877603213574808,beta,0.5108939654860638,0.12368499247525788,0.725804527312344,1.2920489394580543e-15,0.2569386529453853,4.406711295097214e-31,True
1,CG,1006362,516,20,536,49,47.15769958496094,45.76988220214844,3.923635700109488e-44,3.6557916785146386e+27,3.376841614613803,0.13192239576733228,7871729198690205724,7872010673666916380,7872292148643627036,1.8753217694546867e+218,1.9856348147167264e+218,2.095947859978766e+218,3.923635700109488e-44,3.791191370311477e+27,28,1833238528,0.9624020323461416,0.008025339183609,beta,0.6497109073727492,0.3655483679178955,0.7813060467987826,2.1630106374178593e-18,4.109691760931297e-06,2.0903342877941663e-26,False
1,CG,1006363,753,35,788,68,64.92041015625,62.49782180786133,0.0,7.851107235864635e-22,4.389277661377952,0.20821148348947965,2048374769383899136,2048375868895526912,2048376968407154688,9.477453988829192e-172,9.478717480895427e-172,9.479980972961662e-172,0.0,7.852011964659615e-22,0,476926208,0.9547119140625,0.007724369639780984,beta,0.6320441407595478,0.24086272983145773,0.7299624985111492,5.08318063188239e-24,0.0007489240001156419,6.745774175297539e-32,False
1,CG,1006367,486,41,527,47,43.147315979003906,40.30872344970703,0.0,2.6106148351417412e-39,3.6329639507246885,0.3243924180271796,8001515482513408,8001519777480704,8001524072448000,3.9532802805640933e-308,3.9532824025598843e-308,3.953284524555675e-308,0.0,2.6106246442309915e-39,0,1863005,0.9180279995532746,0.01517998424802251,beta,0.4813368601088591,0.11613904392935503,0.6968052479942539,6.962870781783656e-10,0.5503223447389054,3.017169073871042e-20,True
1,CG,1006368,728,67,795,68,61.79212951660156,57.152305603027344,1.4757395258967641e+20,1.0197248924891694e-41,4.135415995543621,0.4154594945366261,31256121180160,31256137957376,31256154734592,1.5442600564506e-310,1.54426088535522e-310,1.54426171425983e-310,2.4178516392292583e+24,1.0197248924891694e-41,1761607680,7277,0.9087077870088465,0.014945019931825582,beta,0.44811165741066317,0.13562011504028404,0.6524311322655661,2.7588570330312833e-12,0.16384627806398794,1.443609400921097e-25,True
1,CG,1006390,722,27,749,64,61.588653564453125,59.6252555847168,4.584246707978674e+27,3.923635700109488e-44,5.1933755824410275,0.20333335727285995,122095009792,122095075328,122095140864,6.0323047004e-313,6.0323079383e-313,6.03231117623e-313,4.7196463997755123e+27,3.923635700109488e-44,1836384256,28,0.9623227119445801,0.005668181929476781,beta,0.5940185642884184,0.27154865506544656,0.7875725048288104,4.850190761159846e-20,0.00015919147354451826,6.612804127700583e-35,False
1,CG,1006391,796,34,830,71,68.17916107177734,65.8507080078125,7.857311090458783e-22,0.0,5.78287912802636,0.23926035910546878,476936704,476936960,476937216,2.3563842e-315,2.356385466e-315,2.35638673e-315,7.858215819253763e-22,0.0,476938496,0,0.9602698742503851,0.005433051127430336,beta,0.5655516402259579,0.2316926767539187,0.7859144165660109,3.767228699584927e-20,0.0009783673772791191,1.621662651019833e-38,False
1,CG,1006423,842,118,960,75,65.29594421386719,58.5543327331543,2.6106820974680288e-39,0.0,3.38121166050664,0.5025038993357703,1863046,1863047,1863048,9.204685e-318,9.20469e-318,9.204695e-318,2.610691906557279e-39,0.0,1863053,0,0.8706125895182292,0.02306569805515608,beta,0.28610240785105834,0.12666305329693373,0.6468764695461179,9.304234059781628e-06,0.18012314057225454,1.100285469135846e-27,True
1,CG,1006424,623,122,745,63,52.48334503173828,45.18709182739258,1.0197248924891694e-41,-4.0389678347315804e-28,4.070347699546412,0.8156195518997705,10592466323575413869,10664523917613341805,10736581511651269741,-1.02064076299404e-202,-6.688871304357741e-198,-4.383618698023889e-193,1.0197248924891694e-41,-6.617444900424222e-24,7277,2583691264,0.8330689687577505,0.023626543626534845,beta,0.2505073089224764,0.158279099868336,0.564247039582483,0.0007363200308194894,0.08513505273156542,7.572050654794193e-18,True
1,CG,1006514,1256,126,1382,88,79.80706024169922,73.06159973144531,3.923635700109488e-44,6.112328943971565e+27,8.822613373286394,0.9057236246918706,7899032271431139356,7899313746407850012,7899595221384560668,1.270806281418705e+220,1.3414066303864103e+220,1.4120069793541158e+220,3.923635700109488e-44,6.383128327565242e+27,28,1839595520,0.9068984118374911,0.007870155687693151,beta,0.24013905644201983,0.12443512508670573,0.699073741512239,7.820290905445242e-05,0.13102908501721852,8.841528824775773e-38,True
1,CG,1006515,853,87,940,72,65.53268432617188,60.51332092285156,0.0,7.863644192023642e-22,5.183299754608607,0.5115315523820528,2048481422011793408,2048482521523421184,2048483621035048960,9.600012719253993e-172,9.601276211320228e-172,9.602539703386463e-172,0.0,7.864548920818622e-22,0,476951040,0.9101761711968316,0.012211735416983461,beta,0.3893354240867495,0.13032461850019594,0.675,6.62718201150245e-10,0.17320615958496557,6.411638646790002e-29,True
1,CG,1006518,1177,147,1324,86,75.93648529052734,68.2237319946289,0.0,2.6107507610927807e-39,5.727293819435004,0.7590120266541476,8001932094341120,8001936389308416,8001940684275712,3.953486114155817e-308,3.953488236151608e-308,3.953490358147399e-308,0.0,2.610760570182031e-39,0,1863102,0.8829823870991551,0.013801799351519903,beta,0.26153915025480434,0.12740957844092426,0.6133872221667864,1.5539554468865554e-05,0.12255521504042367,1.570794719079524e-28,True
1,CG,1006519,871,119,990,77,67.78147888183594,60.64146041870117,-32.0,1.0197248924891694e-41,6.352184467437086,0.8639195784091221,31257748570112,31257765347328,31257782124544,1.5443404601974e-310,1.544341289102e-310,1.5443421180066e-310,-524288.0,1.0197248924891694e-41,3388997632,7277,0.8802789465173498,0.012826994673824177,beta,0.24807931947436257,0.142501968465219,0.6502428028737833,0.00015308327140559037,0.08766908349840298,1.0532825968925253e-28,True
1,CG,1006547,1180,47,1227,84,80.62965393066406,77.71578979492188,7.969239002899636e+27,3.923635700109488e-44,8.591306164110627,0.3591194250389786,122101366784,122101432320,122101497856,6.03261877755e-313,6.03262201546e-313,6.03262525337e-313,8.240038386493312e+27,3.923635700109488e-44,1842741248,28,0.9598768325079055,0.0038705177559935247,beta,0.49173854907155673,0.14023631779310985,0.782650003151285,4.55459378370471e-18,0.07347366920736591,4.0656911640261375e-45,True
1,CG,1006548,1189,57,1246,87,82.86749267578125,79.438720703125,7.86984804661779e-22,0.0,6.351104607598348,0.3167223414188109,476961536,476961792,476962048,2.35650689e-315,2.356508152e-315,2.356509417e-315,7.87075277541277e-22,0.0,476963328,0,0.9524999158135776,0.005900475648384891,beta,0.49679656992723714,0.16049463335393999,0.7670472703454494,4.472176479686202e-19,0.02262187268312706,6.921086493009785e-45,False
1,CG,1006573,1087,189,1276,87,74.66044616699219,65.28069305419922,2.6108180234190683e-39,0.0,6.568051612119721,1.0855390050100764,1863143,1863144,1863145,9.205164e-318,9.20517e-318,9.205174e-318,2.6108278325083186e-39,0.0,1863150,0,0.8581660478964619,0.014065500382383491,beta,0.18959816221129377,0.13645896702166982,0.5993313598727317,0.0038421952027136524,0.07831817958093404,1.4368869858629937e-27,True
1,CG,1006574,1156,232,1388,90,75.21703338623047,64.4168701171875,1.0197248924891694e-41,-1.0141204801825835e+31,5.732222547860332,1.126596606284514,17582052945254423661,17654110539292351597,17726168133330279533,-1.612226962696896e+265,-1.0565890622730377e+270,-6.92446207851258e+274,1.0197248924891694e-41,-1.661534994731145e+35,7277,4211081216,0.8357448154025607,0.017467690277349048,beta,0.163795679329169,0.10543570280213255,0.5471701607413464,0.015985427514700414,0.2697308140893307,7.877858849880921e-24,True
1,CG,1006579,1261,38,1299,86,83.90055084228516,82.05853271484375,3.923635700109488e-44,9.864834688055374e+27,8.603285460641386,0.21528059390071017,7926335344172072988,7926616819148783644,7926898294125494300,8.585002434473026e+221,9.036844667866341e+221,9.488686901259656e+221,3.923635700109488e-44,1.036774782901506e+28,28,1845952512,0.9755878004916879,0.0024256336303263948,beta,0.559643655938297,0.2931630586294753,0.828313492470794,8.04148438955311e-24,7.604766737457202e-07,1.1221307486446439e-51,False
1,CG,1006580,1354,60,1414,90,86.17267608642578,83.0408706665039,0.0,7.876181148182649e-22,5.555307961268167,0.24673671485038318,2048588074639687680,2048589174151315456,2048590273662943232,9.722571449678794e-172,9.723834941745029e-172,9.725098433811264e-172,0.0,7.877085876977629e-22,0,476975872,0.9574741787380643,0.00598604944935001,beta,0.53611764452632,0.2265986277751998,0.7820853324232047,6.797950300738732e-23,0.00019368030333504995,3.061446601371405e-48,False
1,CG,1006591,1219,68,1287,85,80.25273895263672,76.20347595214844,0.0,2.6108866870438202e-39,8.71713715027624,0.5156525020591849,8002348706168832,8002353001136128,8002357296103424,3.9536919477475406e-308,3.9536940697433315e-308,3.9536961917391225e-308,0.0,2.6108964961330705e-39,0,1863199,0.9441498700310202,0.005153129766465304,beta,0.41540286945417365,0.11005356021685236,0.757554408783193,3.6387161662426504e-13,0.2546321883125456,8.526936850797956e-43,True
1,CG,1006592,1405,71,1476,93,88.93836975097656,85.55142974853516,6.938893903907228e-18,1.0198650223356019e-41,6.4328320004225095,0.29377404952394126,31259375960064,31259392737280,31259409514496,1.54442086394415e-310,1.54442169284876e-310,1.54442252175336e-310,1.1368683772161603e-13,1.0198650223356019e-41,721420288,7278,0.9563265564621136,0.005405487687277506,beta,0.5128937410595219,0.18238164116076905,0.7816903265003899,1.1255547941811867e-21,0.004112259881070693,8.749576096004002e-50,False
1,CG,1006616,1302,105,1407,92,85.45963287353516,80.14515686035156,1.3539969179683847e+28,3.923635700109488e-44,6.40705594328849,0.4903425940398822,122107723776,122107789312,122107854848,6.0329328547e-313,6.0329360926e-313,6.0329393305e-313,1.40815679468712e+28,3.923635700109488e-44,1849098240,28,0.9289090529732082,0.00836187055338421,beta,0.3674117866597766,0.06807921032671316,0.7021739130434783,3.264679983925583e-11,0.7873629724353483,7.969974833188784e-40,True
1,CG,1006617,1416,143,1559,93,84.63057708740234,77.81816101074219,7.882385002776797e-22,0.0,7.619724349297657,0.7535420146175864,476986368,476986624,476986880,2.356629574e-315,2.35663084e-315,2.356632104e-315,7.883289731571777e-22,0.0,476988160,0,0.9100062052408854,0.008737072914010437,beta,0.3173062500017565,0.15472583052840427,0.6878549181678051,1.4721769954307298e-08,0.023290499033664414,1.205054101051622e-38,False
1,CG,1006635,1238,59,1297,87,83.0293197631836,79.70549774169922,2.6109539493701078e-39,0.0,6.723172850498827,0.32151979134982017,1863240,1863241,1863242,9.205644e-318,9.20565e-318,9.205653e-318,2.610963758459358e-39,0.0,1863247,0,0.9543599972779724,0.0054143762618072706,beta,0.4798014772885781,0.16441551249861408,0.7678444502325533,8.030391091799538e-18,0.018124299374644586,5.5938568709615916e-45,False
1,CG,1006636,1419,91,1510,92,86.29830932617188,81.5668716430664,1.0198650223356019e-41,2199023255552.0,7.106075621282912,0.46949523592924636,6124895493223881838,6196953087261809774,6269010681299737710,7.880401239291631e+115,5.164499756182163e+120,3.3846065602115425e+125,1.0198650223356019e-41,3.602879701896397e+16,7278,1543503872,0.9380251013714335,0.006779025156051743,beta,0.40991806190957053,0.09052592164779294,0.7473121778607755,7.473026463912105e-14,0.43796096321734096,4.711404167597131e-45,True
1,CG,1006699,1224,152,1376,92,82.48602294921875,75.13383483886719,3.923635700109488e-44,1.7331160549995324e+28,5.525618456958793,0.637327456352739,7953638416913006620,7953919891889717276,7954201366866427932,5.783580587434458e+223,6.07275961680618e+223,6.361938646177901e+223,3.923635700109488e-44,1.7872759317182678e+28,28,1852309504,0.896587205969769,0.012944197706251681,beta,0.32034644585516225,0.13257535356325978,0.6666247274985561,1.2603738408673509e-08,0.07879235833682612,6.163972788362745e-36,True
1,CG,1006700,1042,178,1220,85,72.19265747070312,62.99630355834961,0.0,7.888718104341656e-22,4.5811271778951586,0.8127151291166206,2048694727267581952,2048695826779209728,2048696926290837504,9.845130180103595e-172,9.84639367216983e-172,9.847657164236065e-172,0.0,7.889622833136636e-22,0,477000704,0.849325382008272,0.020014847307765968,beta,0.19617507871806555,0.09928814474051118,0.5679649679420518,0.0028820734984667798,0.37183311355493703,3.0522364823763003e-24,True
1,CG,1006707,1326,64,1390,90,85.57113647460938,81.71711730957031,0.0,2.6110226129948598e-39,10.142507108079785,0.5249407877189791,8002765317996544,8002769612963840,8002773907931136,3.953897781339264e-308,3.953899903335055e-308,3.953902025330846e-308,0.0,2.61103242208411e-39,0,1863296,0.9507904052734375,0.004010132372672303,beta,0.42530576500525974,0.11557506486047381,0.7974576756299833,1.4477919577713456e-14,0.18051215443414775,3.870670835207943e-50,True
1,CG,1006708,1179,80,1259,87,81.52326202392578,77.18663787841797,-1.504632769052528e-36,1.0198650223356019e-41,5.039751511317962,0.3385708300523098,31261003350016,31261020127232,31261036904448,1.5445012676909e-310,1.54450209659553e-310,1.54450292550013e-310,-2.465190328815662e-32,1.0198650223356019e-41,2348810240,7278,0.9370489887807562,0.00924822833476395,beta,0.48060425996346134,0.12220649446886112,0.7339096728851362,7.022222318437833e-18,0.14869549481703978,3.9695907718833443e-41,True
1,CG,1006739,1189,260,1449,90,73.89912414550781,61.905277252197266,2.2282920707136845e+28,3.923635700109488e-44,7.930469517652021,1.7278622263524033,122114080768,122114146304,122114211840,6.0332469318e-313,6.03325016973e-313,6.03325340764e-313,2.3366118241511553e+28,3.923635700109488e-44,1855455232,28,0.8211013793945312,0.013782072812057178,normal,0.09651187691100249,0.09663393342198634,0.5598245220679733,0.3715654718759788,0.3700228850022802,6.3290194178047345e-25,True
1,CG,1006740,982,247,1229,86,69.29005432128906,57.58198928833008,7.8949219589358035e-22,0.0,5.302823084780113,1.27882546143805,477011200,477011456,477011712,2.35675226e-315,2.356753525e-315,2.35675479e-315,7.895826687730783e-22,0.0,477012992,0,0.8056983060615007,0.020648351703036635,beta,0.14812343394382554,0.1272422729234136,0.5270260708201182,0.045929860360727805,0.12345596648689824,3.5726931305301755e-21,True
1,CG,1006781,1615,89,1704,92,87.00621032714844,82.76536560058594,2.6110898753211473e-39,0.0,8.222169852880148,0.4719178866124284,1863337,1863338,1863339,9.206123e-318,9.20613e-318,9.206133e-318,2.6110996844103976e-39,0.0,1863344,0,0.9457196774690048,0.005295389364777235,beta,0.40536983059925574,0.07389886758497899,0.7638360223331591,1.4784713323394669e-13,0.6965184039731496,4.762059547691139e-47,True
1,CG,1006782,985,55,1040,77,72.9646987915039,69.59961700439453,1.0198650223356019e-41,-4.76837158203125e-07,6.848430378710359,0.37875136663661796,13114482114902891630,13186539708940819566,13258597302978747502,-3.8518598887806965e-34,-2.524354896711317e-29,-1.654361225108729e-24,1.0198650223356019e-41,-0.0078125,7278,3170893824,0.947593490798752,0.006036096993077079,beta,0.45581102838466037,0.1133745143871413,0.7492270160973189,2.5439797067153923e-14,0.2755532215087327,5.725031091295219e-38,True
1,CG,1006784,1603,102,1705,92,86.38848114013672,81.64746856689453,3.923635700109488e-44,2.98653034477598e+28,8.325975037070465,0.5408286536660122,7980941489653940252,7981222964630650908,7981504439607361564,3.886566154755955e+225,4.071640733553857e+225,4.2567153123517585e+225,3.923635700109488e-44,3.0948500982134507e+28,28,1858666496,0.9390052297840947,0.005804758057159553,beta,0.373430892198929,0.0869251766883774,0.7456521739130435,1.4371572834799706e-11,0.49031952914601473,7.433509614132311e-45,True
1,CG,1006785,1006,63,1069,81,75.80276489257812,71.5806655883789,0.0,7.901255060500663e-22,6.070161568765002,0.4161860963464325,2048801379895476224,2048802479407104000,2048803578918731776,9.967688910528396e-172,9.96895240259463e-172,9.970215894660866e-172,0.0,7.9021597892956425e-22,0,477025536,0.9358366036120757,0.00802079433629892,beta,0.447820690427624,0.10207551062333764,0.7170993248742504,1.554746355534628e-14,0.36746133026036604,1.3240787932450403e-36,True
1,CG,1006818,1642,85,1727,90,85.31746673583984,81.29299926757812,0.0,2.6111585389458993e-39,9.09252523509635,0.4990308959873174,8003181929824256,8003186224791552,8003190519758848,3.954103614930988e-308,3.954105736926779e-308,3.9541078589225697e-308,0.0,2.6111683480351495e-39,0,1863393,0.9479718526204427,0.004656654664281338,beta,0.36551177405351754,0.08278577082202299,0.7583193711674671,7.197897349497348e-11,0.5681107970727237,2.2272953491989e-45,True
1,CG,1006819,976,98,1074,79,71.53855895996094,65.55352783203125,-3.777893186295716e+22,1.0198650223356019e-41,6.922887714167416,0.7220542216258699,31262630739968,31262647517184,31262664294400,1.5445816714377e-310,1.5445825003423e-310,1.5445833292469e-310,-6.189700196426902e+26,1.0198650223356019e-41,3976200192,7278,0.9055513792400118,0.009893424320457948,beta,0.3261489720373374,0.157931288698693,0.6846851010350425,1.0042940146521895e-07,0.038861847873633636,1.3586173372791937e-32,False
1,CG,1006846,1609,179,1788,93,83.951904296875,76.5420913696289,3.729294368347208e+28,3.923635700109488e-44,8.720031775629186,0.939820039831078,122120437760,122120503296,122120568832,6.03356100896e-313,6.03356424687e-313,6.03356748477e-313,3.837614121784679e+28,3.923635700109488e-44,1861812224,28,0.9027086483534946,0.008238927337988453,beta,0.23027473139576216,0.10779603143990146,0.7002628380782787,0.00010414015972825371,0.22999474547675017,4.894416252990222e-40,True
1,CG,1006847,1004,91,1095,77,70.59161376953125,65.42900085449219,7.90745891509481e-22,0.0,6.5452035309957735,0.5941809507371361,477036032,477036288,477036544,2.356874947e-315,2.35687621e-315,2.356877476e-315,7.90836364388979e-22,0.0,477037824,0,0.9167742047991071,0.009374082571637837,beta,0.36607527935595285,0.13761769765176324,0.7153312926760725,2.1786426680529777e-09,0.10822309608339242,1.196518592105154e-34,True
1,CG,1006915,1277,165,1442,88,77.46647644042969,69.69454956054688,2.611225801272187e-39,0.0,4.4970226838880825,0.6114837871202715,1863434,1863435,1863436,9.2066e-318,9.206607e-318,9.20661e-318,2.611235610361437e-39,0.0,1863441,0,0.8803008686412465,0.01724992022367775,beta,0.2890654519590007,0.10498417493163104,0.6060292956372021,8.206182065556976e-07,0.28660754026216406,1.6917179014645016e-28,True
1,CG,1006916,1033,121,1154,82,72.6899185180664,65.70628356933594,1.0200051521820343e-41,1.0339757656912846e-25,4.806600522603535,0.6156265329341559,1657324662872349807,1729382256910277743,1801439850948205679,1.8827498946146712e-183,1.233878970934671e-178,8.08634922391746e-174,1.0200051521820343e-41,1.6940658945086007e-21,7279,503316480,0.8864624209520293,0.015671634827222718,beta,0.372396527108398,0.1822047445898397,0.6430445935694451,2.6527946587216304e-10,0.008639433996142185,7.0685734333169e-30,False
1,CG,1006949,1197,61,1258,85,80.99144744873047,77.60856628417969,3.923635700109488e-44,5.01365715910579e+28,7.284263551340213,0.360523909161253,8008244562394873884,8008526037371584540,8008807512348295196,2.6058500694744683e+227,2.7242977999051254e+227,2.8427455303357825e+227,3.923635700109488e-44,5.230296665980732e+28,28,1865023488,0.9528405582203584,0.005197979595911036,beta,0.460583103139626,0.1340656082526498,0.7647058935726255,4.354690481754798e-16,0.09418756174037643,1.3398243942441474e-43,True
1,CG,1006950,1087,43,1130,78,74.75395965576172,72.0061264038086,0.0,7.913792016659669e-22,7.14709760854936,0.31034833858158056,2048908032523370496,2048909132034998272,2048910231546626048,1.0090247640953196e-171,1.0091511133019431e-171,1.0092774625085667e-171,0.0,7.914696745454649e-22,0,477050368,0.9583840981507913,0.004715846700269575,beta,0.5383967573284404,0.16479576781637773,0.762554789317981,4.594970727901219e-20,0.02891344766530817,8.03768457300825e-40,False
1,CG,1006974,1232,68,1300,89,84.20952606201172,80.08686065673828,0.0,2.6112944648969388e-39,9.39746890151362,0.5345990170115069,8003598541651968,8003602836619264,8003607131586560,3.9543094485227114e-308,3.9543115705185024e-308,3.9543136925142934e-308,0.0,2.611304273986189e-39,0,1863490,0.9461744501349632,0.0046586208964601965,beta,0.39818966942380624,0.101665608995264,0.7662921448771769,1.1066926929492364e-12,0.31642838230197257,8.083391518087772e-46,True
1,CG,1006975,1047,55,1102,76,72.13118743896484,68.83845520019531,8192.0,1.0200051521820343e-41,8.121764993721463,0.4356172072180735,31264258129920,31264274907136,31264291684352,1.54466207518445e-310,1.54466290408906e-310,1.54466373299367e-310,134217728.0,1.0200051521820343e-41,1308622848,7279,0.9490945715653268,0.005055156817502393,beta,0.4164641815348932,0.09221796646307845,0.7736842105263159,7.105870634012545e-12,0.537749381408509,6.1183211832306385e-40,True
1,CG,1006981,1202,59,1261,86,82.00373077392578,78.57244110107422,6.4991852062482464e+28,3.923635700109488e-44,8.515066116581643,0.4149627871626347,122126794752,122126860288,122126925824,6.0338750861e-313,6.033878324e-313,6.0338815619e-313,6.715824713123188e+28,3.923635700109488e-44,1868169216,28,0.9535317531851835,0.004462116805729178,beta,0.45989708764484166,0.10269511115963187,0.7934778767952186,3.1759020362541703e-16,0.32460240626837095,1.8630562894346332e-47,True
1,CG,1006982,1058,51,1109,78,74.23595428466797,71.1552734375,7.919995871253817e-22,0.0,5.756767492745161,0.29189004470985064,477060864,477061120,477061376,2.356997633e-315,2.3569989e-315,2.357000163e-315,7.920900600048797e-22,0.0,477062656,0,0.9517430036495893,0.006515887374240344,beta,0.5343746508434932,0.16999096472842612,0.7615384730008814,9.007623875597542e-20,0.022042674816791414,1.0234649221531556e-39,False
1,CG,1006988,1212,74,1286,87,82.12086486816406,77.9725341796875,2.6113617272232264e-39,0.0,8.45570117693301,0.5023876543788607,1863531,1863532,1863533,9.20708e-318,9.207086e-318,9.20709e-318,2.6113715363124766e-39,0.0,1863538,0,0.9439179869903915,0.005315961900233894,beta,0.41562723762005044,0.10364676171883769,0.7563501973589901,1.7664100667257518e-13,0.3073555092668212,1.179261172614797e-43,True
1,CG,1006989,1052,61,1113,79,74.48507690429688,70.71290588378906,1.0200051521820343e-41,2.596148429267414e+33,7.23259306455786,0.43840461507412054,8646911284551359599,8718968878589287535,8791026472627215471,2.974033816960373e+284,1.94906280228315e+289,1.2773377981042852e+294,1.0200051521820343e-41,4.253529586511731e+37,7279,2130706432,0.9428490747379351,0.00621435952293344,beta,0.4359738250916379,0.0943781383518591,0.7219831857776956,1.8133782741063248e-13,0.4824104077198946,3.4115771173173616e-36,True
1,CG,1006991,1183,49,1232,86,82.35617065429688,79.22710418701172,3.923635700109488e-44,8.10850725731924e+28,8.207130685295349,0.3631225614001943,8035547635135807516,8035829110112518172,8036110585089228828,1.7435505919392803e+229,1.8193571394149008e+229,1.8951636868905214e+229,3.923635700109488e-44,8.541786271069124e+28,28,1871380480,0.9576298913290334,0.0042396874477890045,beta,0.4730986644048491,0.13825671611473456,0.762433775695998,3.817707854576316e-17,0.07467043607572511,7.556334007253495e-44,True
1,CG,1006992,1062,47,1109,80,76.81924438476562,74.07987976074219,0.0,7.926328972818676e-22,8.236185818983126,0.3410251493835266,2049014685151264768,2049015784662892544,2049016884174520320,1.0212806371377997e-171,1.0214069863444232e-171,1.0215333355510467e-171,0.0,7.927233701613656e-22,0,477075200,0.9602405548095703,0.003986403957757874,beta,0.4991256501101451,0.15330810287534935,0.7753306963456412,9.771329325678135e-18,0.046541758965320534,3.386140898685625e-42,False
1,CG,1007025,1460,78,1538,91,86.66043853759766,82.83776092529297,0.0,2.6114303908479783e-39,11.60587096361199,0.5811693457961706,8004015153479680,8004019448446976,8004023743414272,3.954515282114435e-308,3.954517404110226e-308,3.954519526106017e-308,0.0,2.6114401999372285e-39,0,1863587,0.9523125114021721,0.0034437895815530497,beta,0.3786981702195027,0.09557267657148683,0.8011256780829957,9.236185218505984e-12,0.37677320382238205,3.7320543420258236e-51,True
1,CG,1007026,1020,77,1097,80,74.65357208251953,70.1135482788086,-1.7763568394002505e-15,1.0200051521820343e-41,9.303967514738313,0.6663176359350097,31265885519872,31265902297088,31265919074304,1.5447424789312e-310,1.54474330783583e-310,1.54474413674043e-310,-2.9103830456733704e-11,1.0200051521820343e-41,2936012800,7279,0.9331696510314942,0.005684816079865147,beta,0.36639959797843313,0.14414916510417297,0.75,9.38592894193207e-10,0.07196779810870342,1.6388025247980798e-39,True
1,CG,1007058,1591,195,1786,94,83.93073272705078,75.83943939208984,1.1079563351604153e+29,3.923635700109488e-44,7.938080386481498,0.9523407034414783,122133151744,122133217280,122133282816,6.03418916323e-313,6.03419240114e-313,6.03419563905e-313,1.1512842365354037e+29,3.923635700109488e-44,1874526208,28,0.8928801353941572,0.009670488075590475,beta,0.2085069802799212,0.11049635840327576,0.6854602383117311,0.0005641541350837129,0.20124123901300991,8.680568359461066e-39,True
1,CG,1007059,1187,134,1321,84,75.71907043457031,68.97132110595703,7.932532827412824e-22,0.0,8.37363552338114,0.9157730751015747,477085696,477085952,477086208,2.35712032e-315,2.357121584e-315,2.35712285e-315,7.933437556207804e-22,0.0,477087488,0,0.9014175051734561,0.008636452298475377,beta,0.23512430572189424,0.126538594272384,0.6726108506088677,0.00018512660878274503,0.135716884473535,1.962767331801676e-33,True
1,CG,1007062,1699,117,1816,94,88.27874755859375,83.36958312988281,2.611497653174266e-39,0.0,9.823258510911689,0.6366350145692249,1863628,1863629,1863630,9.20756e-318,9.207565e-318,9.20757e-318,2.611507462263516e-39,0.0,1863635,0,0.9391356123254654,0.004987822431372883,beta,0.33937563544950633,0.08957450498996467,0.7494485268224486,7.892741868896706e-10,0.43772133755327935,2.766324985509617e-46,True
1,CG,1007063,1287,85,1372,87,81.6350326538086,77.15348815917969,1.0200051521820343e-41,-562949953421312.0,7.5117626131457484,0.49366503352514024,15636497906230369391,15708555500268297327,15780613094306225263,-1.4536774485935633e+135,-9.526820527102776e+139,-6.243497100642076e+144,1.0200051521820343e-41,-9.223372036854776e+18,7279,3758096384,0.9383337086644666,0.006425409444030723,beta,0.41507098472848586,0.10703237841774615,0.7285522196518484,1.9142978515394716e-13,0.2717924470558929,1.551745310360424e-40,True
1,CG,1007071,1757,84,1841,95,90.78469848632812,87.00507354736328,3.923635700109488e-44,1.4112516447853335e+29,14.36389906028058,0.666942408363554,8062850707876741148,8063132182853451804,8063413657830162460,1.1643885692255365e+231,1.2129047596099337e+231,1.2614209499943308e+231,3.923635700109488e-44,1.4545795461603218e+29,28,1877737472,0.9556284051192434,0.0026450736557674273,beta,0.3541288166893673,0.12046646846172326,0.8233067551024728,8.97292427999309e-11,0.1268917718383541,2.3383602099198486e-56,True
1,CG,1007072,1295,88,1383,85,79.92938995361328,75.58499145507812,0.0,7.938865928977683e-22,9.516684624986611,0.6037253217590673,2049121337779159040,2049122437290786816,2049123536802414592,1.0335365101802798e-171,1.0336628593869033e-171,1.0337892085935268e-171,0.0,7.939770657772663e-22,0,477100032,0.9403457641601562,0.005044383098720573,beta,0.36237848555986196,0.10343594171707782,0.7620364689415415,4.0346104530579303e-10,0.3230465056938034,2.678823163090005e-43,True
1,CG,1007079,1773,112,1885,95,89.41622924804688,84.68399810791016,0.0,2.6115663167990178e-39,8.411310796444454,0.5252607004986177,8004431765307392,8004436060274688,8004440355241984,3.9547211157061587e-308,3.9547232377019497e-308,3.9547253596977406e-308,0.0,2.611576125888268e-39,0,1863684,0.9412234657689145,0.005567499139103161,beta,0.3865091681149616,0.09141540247230695,0.750047441247754,9.419474980376647e-13,0.40526639650228974,7.584641656975851e-47,True
1,CG,1007080,1378,88,1466,88,82.79142761230469,78.38494873046875,3.851859888774472e-34,1.0201452820284668e-41,8.289228238872035,0.5214917361067024,31267512909824,31267529687040,31267546464256,1.544822882678e-310,1.5448237115826e-310,1.5448245404872e-310,6.310887241768095e-30,1.0201452820284668e-41,268435456,7280,0.9408116774125532,0.00567594072593554,beta,0.3808675030744135,0.10016831582096924,0.7517773338775101,1.633971478753229e-11,0.3403444847598753,1.2643195426133707e-43,True
1,CG,1007089,1720,58,1778,95,91.71002960205078,88.80126953125,1.8321512581423628e+29,3.923635700109488e-44,10.385397972243137,0.37256178029668524,122139508736,122139574272,122139639808,6.03450324036e-313,6.03450647827e-313,6.0345097162e-313,1.9188070608923394e+29,3.923635700109488e-44,1880883200,28,0.9653687326531661,0.0028433455609987424,beta,0.44293615258067576,0.15766809604325216,0.7996014764788002,1.2942688854457535e-16,0.017772429303602493,3.494806759851021e-53,False
1,CG,1007090,1488,78,1566,90,85.39886474609375,81.50965881347656,7.945069783571831e-22,0.0,7.644910312070692,0.41189384020973024,477110528,477110784,477111040,2.357243006e-315,2.35724427e-315,2.357245536e-315,7.945974512366811e-22,0.0,477112320,0,0.9488762749565972,0.005356203906526446,beta,0.35590805753425525,0.12641682768356954,0.8056299071085411,2.505028058056822e-10,0.11262966946640898,3.6614836065796e-51,True
1,CG,1007091,1934,63,1997,95,91.99354553222656,89.35944366455078,2.6116335791253054e-39,0.0,9.094500217375959,0.29721868694709797,1863725,1863726,1863727,9.20804e-318,9.208045e-318,9.20805e-318,2.6116433882145556e-39,0.0,1863732,0,0.9683531108655428,0.002949017753917481,beta,0.4779487795115792,0.21710994748588608,0.8061319493184247,2.828105742189085e-19,0.00025792766361658624,4.76589552230614e-54,False
1,CG,1007092,1534,72,1606,93,88.82535552978516,85.24596405029297,1.0201452820284668e-41,0.0001220703125,8.281709298137484,0.389226608992331,4179340454199827568,4251398048237755504,4323455642275683440,7.105427357612488e-15,4.65661287308492e-10,3.051757812504933e-05,1.0201452820284668e-41,2.0,7280,1090519040,0.9551113497826361,0.004433248209970949,beta,0.4427919916967438,0.1267329103514312,0.7695686907845687,2.905093445934109e-16,0.10082490492723471,2.890244945616351e-48,True
1,CG,1007094,1851,65,1916,95,91.7236557006836,88.81509399414062,3.923635700109488e-44,2.438741877392199e+29,10.89570719442596,0.3891917290123027,8090153780617674780,8090435255594385436,8090716730571096092,7.762590461503576e+232,8.073094079963717e+232,8.383597698423859e+232,3.923635700109488e-44,2.5253976801421758e+29,28,1884094464,0.9655121652703537,0.0027105167240551844,beta,0.4295461116030475,0.15088533487887268,0.8206524356897047,1.1913055382723302e-15,0.026450819287063304,5.3576880580137e-56,False
1,CG,1007095,1586,60,1646,94,90.8851547241211,88.13656616210938,0.0,7.95140288513669e-22,9.985252782478753,0.34221779731102747,2049227990407053312,2049229089918681088,2049230189430308864,1.056532065785758e-171,1.056784764199005e-171,1.057037462612252e-171,0.0,7.95230761393167e-22,0,477124864,0.9668633481289478,0.0028283996809483187,beta,0.43348621208417115,0.18972563877700044,0.8066996651159375,9.091800904316285e-16,0.002301793662484217,1.4717605923155428e-53,False
1,CG,1007101,1975,50,2025,95,92.60763549804688,90.4175796508789,0.0,2.6117022427500573e-39,14.859497501582787,0.38387044597848086,8004848377135104,8004852672102400,8004856967069696,3.9549269492978823e-308,3.9549290712936733e-308,3.9549311932894643e-308,0.0,2.6117120518393076e-39,0,1863781,0.9748172157689144,0.001511300592876233,beta,0.37998039066269057,0.19484999531151592,0.8681219115842134,2.43756554000611e-12,0.001472944607125988,1.3003699558322814e-62,False
1,CG,1007102,1650,75,1725,94,89.96776580810547,86.42947387695312,9.671406556917033e+24,1.0201452820284668e-41,10.428279419746348,0.46738145002532644,31269140299776,31269157076992,31269173854208,1.54490328642476e-310,1.54490411532936e-310,1.54490494423397e-310,1.5845632502852868e+29,1.0201452820284668e-41,1895825408,7280,0.9571038915755901,0.0034513452220867854,beta,0.3602864558221931,0.10798350368288889,0.7978694619145599,5.042959523044605e-11,0.22303899245316114,2.111892582843267e-52,True
1,CG,1007109,1983,112,2095,95,89.67086029052734,85.12562561035156,3.0329530962491817e+29,3.923635700109488e-44,8.743567918017144,0.5196302884059497,122145865728,122145931264,122145996800,6.0348173175e-313,6.0348205554e-313,6.0348237933e-313,3.1196088989991583e+29,3.923635700109488e-44,1887240192,28,0.9439037925318667,0.005159154282208804,beta,0.315803171872593,0.07501548290646776,0.7701524744113022,1.179175759139e-08,0.6589293506672882,2.280052131314099e-49,True
1,CG,1007110,1633,96,1729,94,89.04765319824219,84.96224975585938,7.957606739730838e-22,0.0,6.308068146751255,0.3508204875684542,477135360,477135616,477135872,2.35736569e-315,2.357366957e-315,2.35736822e-315,7.9585114685258175e-22,0.0,477137152,0,0.9473154595557679,0.0065164649892895665,beta,0.4174110572160548,0.14881288623297373,0.7760806080264334,1.189727433568159e-14,0.03111179397207408,1.3327014241040629e-49,False
1,CG,1007118,1735,96,1831,94,89.27367401123047,85.2431640625,2.611769505076345e-39,0.0,8.25557009154807,0.4370663121905749,1863822,1863823,1863824,9.20852e-318,9.208524e-318,9.20853e-318,2.611779314165595e-39,0.0,1863829,0,0.9497199362896859,0.004926624389333534,beta,0.3964356821195942,0.09871524954554711,0.7653573239963486,2.9459707186968265e-13,0.31887132563917686,2.980606985072406e-48,True
1,CG,1007119,1758,76,1834,95,91.34539031982422,88.13289642333984,1.0201452820284668e-41,-2.6469779601696886e-23,10.126354327209182,0.4051422016976912,11168927075878837360,11240984669916765296,11313042263954693232,-3.473060546076048e-164,-2.2761049594763986e-159,-1.4916681462424526e-154,1.0201452820284668e-41,-4.336808689942018e-19,7280,2717908992,0.9615304244192023,0.003207707450867819,beta,0.43779431316371065,0.12677870403158464,0.8200502493151326,3.0598783098556994e-16,0.0943449635146523,6.464038142002127e-56,True
1,CG,1007173,2021,389,2410,96,80.57294464111328,68.8812026977539,3.923635700109488e-44,4.1099609304274625e+29,7.7214041025377504,1.4783936353419969,8117456853358608412,8117738328335319068,8118019803312029724,5.166780211176779e+234,5.36550252699127e+234,5.5642248428057606e+234,3.923635700109488e-44,4.283272535927416e+29,28,1890451456,0.8393015066782633,0.013223251189086526,beta,0.12050375380711187,0.03680010886836449,0.6089763605123207,0.12305207833154733,0.9994741083103993,2.3861022862804514e-31,True
1,CG,1007174,1622,318,1940,94,78.95987701416016,67.34016418457031,0.0,7.963939841295697e-22,9.514718763791409,1.812345026290223,2049334643034947584,2049335742546575360,2049336842058203136,1.081043811870718e-171,1.0812965102839651e-171,1.0815492086972121e-171,0.0,7.964844570090677e-22,0,477149696,0.8399986916400016,0.010902911834627334,beta,0.1126833820552135,0.07097831408939836,0.6005319140364683,0.1836419291802715,0.7308441891486633,7.175317219433645e-30,True
1,CG,1007235,2023,164,2187,96,89.25737762451172,83.4177017211914,0.0,2.6118381687010968e-39,12.503799325079454,0.9445538212265752,8005264988962816,8005269283930112,8005273578897408,3.955132782889606e-308,3.955134904885397e-308,3.955137026881188e-308,0.0,2.611847977790347e-39,0,1863878,0.9297643502553304,0.004519726406764179,beta,0.1996398915135582,0.1307832768253565,0.7687500103480113,0.0009498358421974086,0.07495072097347447,1.0537062199166513e-49,True
1,CG,1007236,1653,226,1879,93,81.80014038085938,73.02787780761719,-2097152.0,1.0201452820284668e-41,7.065782101897492,0.9674282620082818,31270767689728,31270784466944,31270801244160,1.5449836901715e-310,1.54498451907613e-310,1.54498534798073e-310,-34359738368.0,1.0201452820284668e-41,3523215360,7280,0.8795714019447245,0.011726235364667891,beta,0.22981176868739173,0.07207625966771602,0.6370244453852684,0.0001083488614075618,0.7194122214228749,3.318883602061171e-33,True
1,CG,1007255,1975,81,2056,95,90.7620849609375,87.37802124023438,5.2983833681414276e+29,3.923635700109488e-44,4.802024630488505,0.22421887298263724,122152222720,122152288256,122152353792,6.03513139464e-313,6.03513463254e-313,6.03513787045e-313,5.471694973641381e+29,3.923635700109488e-44,1893597184,28,0.9553903680098684,0.007072334979376044,beta,0.4018818432456045,0.29752722830684275,0.8006341823529628,9.418025465017526e-14,9.920091286885129e-08,2.5530513671462476e-53,False
1,CG,1007256,1629,70,1699,93,88.92110443115234,86.01507568359375,7.970143695889844e-22,0.0,2.7550894802932033,0.12637857283528925,477160192,477160448,477160704,2.35748838e-315,2.357489644e-315,2.35749091e-315,7.971048424684824e-22,0.0,477161984,0,0.9561409078618531,0.010804023529490113,beta,0.5258975365305112,0.40510655881526114,0.8088010663992868,9.124066552823103e-23,1.107435659938594e-13,2.876437121315353e-53,False
1,CG,1007278,1902,63,1965,94,91.0313949584961,88.33462524414062,2.6119054310273844e-39,0.0,14.498687280009081,0.4728135405839611,1863919,1863920,1863921,9.209e-318,9.209003e-318,9.20901e-318,2.6119152401166347e-39,0.0,1863926,0,0.96841909530315,0.0019148827338721513,beta,0.38866964395598513,0.11591191411681034,0.8506135322545273,9.269264815487331e-13,0.1598927166416583,1.6812070059268935e-59,True
1,CG,1007279,1651,68,1719,93,89.37127685546875,86.18622589111328,1.0201452820284668e-41,-6.64613997892458e+35,10.012892051563215,0.40655134859446834,18158513697557847152,18230571291595775088,18302628885633703024,-5.486124068802557e+303,3.597e-320,7.291122019568185e-304,1.0202854118748993e-41,9.4039548065783e-38,7281,50331648,0.9609814715641801,0.0032835298149474813,beta,0.41962296510352326,0.13355377788009315,0.7860685244019597,1.1946102407497535e-14,0.07247524901073521,2.4407587887180825e-50,True
1,CG,1007284,1884,71,1955,94,90.4442138671875,87.27411651611328,3.923635700109488e-44,6.684876212141053e+29,12.003876822935515,0.47192868312904496,8144759926099542044,8145041401076252700,8145322876052963356,3.4339216172744127e+236,3.561103899395687e+236,3.688286181516961e+236,3.923635700109488e-44,7.03149942314096e+29,28,1896808448,0.9621724879488032,0.002700884289761656,beta,0.39195991126428953,0.1056302564190662,0.8025821769419399,5.719205209105775e-13,0.24503335430048256,5.115037696698875e-53,True
1,CG,1007285,1618,73,1691,92,88.07164764404297,84.68376159667969,0.0,7.976476797454704e-22,8.596340567118828,0.383431622125834,2049441295662841856,2049442395174469632,2049443494686097408,1.1055555579556783e-171,1.1058082563689253e-171,1.1060609547821723e-171,0.0,7.977381526249683e-22,0,477174528,0.9573005178700322,0.00409590876231155,beta,0.4419001154531105,0.1362729171078031,0.7874071841977132,4.971778651095983e-16,0.06562327728191004,5.700467931101306e-50,True
1,CG,1007299,1859,41,1900,94,91.86511993408203,89.9509506225586,0.0,2.6119740946521363e-39,10.736014109299445,0.24949733398055568,8005681600790528,8005685895757824,8005690190725120,3.9553386164813296e-308,3.9553407384771206e-308,3.9553428604729115e-308,0.0,2.6119839037413866e-39,0,1863975,0.9772885099370429,0.0018518757741057387,beta,0.46493097145827544,0.29059459416318034,0.8378960002779093,4.488178359620958e-18,2.5485939578675477e-07,9.525549458221927e-58,False
1,CG,1007300,1610,57,1667,91,88.17963409423828,85.71621704101562,4.547473508864641e-13,1.0202854118748993e-41,8.74820602051594,0.2798054477122705,31272395079680,31272411856896,31272428634112,1.5450640939183e-310,1.5450649228229e-310,1.5450657517275e-310,7.450580596923828e-09,1.0202854118748993e-41,855638016,7281,0.9690069680685526,0.002994857355149192,beta,0.47298520529719035,0.23688891831053982,0.8282355685473397,4.151825214130716e-18,7.33674434860274e-05,1.2037547462102903e-54,False
1,CG,1007307,1783,94,1877,94,89.30118560791016,85.18270874023438,9.061721087568984e+29,3.923635700109488e-44,11.195316823878724,0.5890707436630856,122158579712,122158645248,122158710784,6.03544547177e-313,6.0354487097e-313,6.0354519476e-313,9.40834429856889e+29,3.923635700109488e-44,1899954176,28,0.9500126128501081,0.003714581400550413,beta,0.3140807388808654,0.0755600036989042,0.7913477739823698,1.765168836269939e-08,0.6565327766226514,1.4821631944561828e-51,True
1,CG,1007308,1655,32,1687,92,90.15966796875,88.50244140625,7.982680652048851e-22,0.0,10.970269610524904,0.22392427801192702,477185024,477185280,477185536,2.357611065e-315,2.35761233e-315,2.357613595e-315,7.983585380843831e-22,0.0,477186816,0,0.979996390964674,0.0016076064428757477,beta,0.48097276760021535,0.31876811794484966,0.8445823027835484,6.5316537380901645e-19,1.5174254701669622e-08,1.9932221596552695e-57,False
1,CG,1007314,1664,79,1743,93,88.59965515136719,84.7333755493164,2.612041356978424e-39,0.0,11.17165096054249,0.554845463799622,1864016,1864017,1864018,9.209478e-318,9.20948e-318,9.209487e-318,2.6120511660676742e-39,0.0,1864023,0,0.9526844639931956,0.0035419627331976715,beta,0.33409281053122797,0.0829530576432877,0.7880064322698018,1.9260357836416406e-09,0.5441907065328061,1.383936940210931e-50,True
1,CG,1007315,1651,37,1688,91,89.06829071044922,87.33407592773438,1.0202854118748993e-41,1.4411518807585587e+17,10.716827691038569,0.23242610181656428,6701356245527305329,6773413839565233265,6845471433603161201,2.681561585992855e+154,1.7573882009962773e+159,1.1517219314049203e+164,1.0202854118748993e-41,2.3611832414348226e+21,7281,1677721600,0.9787724253895519,0.0017387667085144028,beta,0.48734201634505453,0.3062172002077426,0.8486768925813042,3.376555491464582e-19,7.751409598887247e-08,2.35031251625605e-57,False
1,CG,1007316,1620,60,1680,92,88.66818237304688,85.69742584228516,3.923635700109488e-44,1.1488083564568329e+30,11.770189704927425,0.44227956953564734,8172062998840475676,8172344473817186332,8172625948793896988,2.2791064956132395e+238,2.360503156170855e+238,2.4418998167284704e+238,3.923635700109488e-44,1.1834706775568235e+30,28,1903165440,0.963784591011379,0.0026417358039098485,beta,0.3881877447597775,0.12537414311757533,0.821209912337311,1.8171309625322735e-12,0.11088521792080318,2.5747944352662854e-54,True
1,CG,1007317,1628,41,1669,92,89.77445983886719,87.84957885742188,0.0,7.98901375361371e-22,7.516684533365231,0.1863412304300787,2049547948290736128,2049549047802363904,2049550147313991680,1.1300673040406385e-171,1.1303200024538855e-171,1.1305727008671325e-171,0.0,7.98991848240869e-22,0,477199360,0.9758093460746433,0.002712328657720322,beta,0.5369537676407292,0.33946859359963555,0.8317290310102525,1.8254822159411232e-23,1.2367050510465785e-09,1.0502854523316253e-55,False
1,CG,1007319,1609,41,1650,92,89.76671600341797,87.72433471679688,0.0,2.6121100206031758e-39,14.40990837020288,0.35850055775864864,8006098212618240,8006102507585536,8006106802552832,3.955544450073053e-308,3.955546572068844e-308,3.955548694064635e-308,0.0,2.612119829692426e-39,0,1864072,0.9757251739501953,0.0015020893343307262,beta,0.41143084704600213,0.20378081489538102,0.8699014935886887,5.945743424447779e-14,0.0009607935550456238,6.771847063724577e-61,False
1,CG,1007320,1610,57,1667,92,88.65245056152344,85.84000396728516,-9.860761315262648e-32,1.0202854118748993e-41,6.475540781443281,0.244518823444242,31274022469632,31274039246848,31274056024064,1.54514449766506e-310,1.54514532656966e-310,1.54514615547427e-310,-1.6155871338926322e-27,1.0202854118748993e-41,2483027968,7281,0.9636135930600374,0.0045417312980024485,beta,0.5201929097437756,0.25012332384241165,0.7728725904871706,4.756428970710015e-22,2.0031562339454392e-05,3.699272123894256e-48,False
1,CG,1007354,1453,128,1581,91,83.61617279052734,77.49517059326172,1.5053350877710224e+30,3.923635700109488e-44,8.371070255826083,0.7392174774875392,122164936704,122165002240,122165067776,6.0357595489e-313,6.0357627868e-313,6.03576602472e-313,1.5746597299710037e+30,3.923635700109488e-44,1906311168,28,0.9188590416541467,0.007374379957446959,beta,0.273555080250668,0.1234557006289917,0.7450549450549451,2.4330952861505204e-06,0.12480354216946138,2.657645878466446e-44,True
1,CG,1007355,1277,152,1429,90,80.90591430664062,73.60968017578125,7.995217608207858e-22,0.0,7.369508158534865,0.8283564840219139,477209856,477210112,477210368,2.35773375e-315,2.357735016e-315,2.35773628e-315,7.996122337002838e-22,0.0,477211648,0,0.8989546034071181,0.009875686145672522,beta,0.2938712215864192,0.16068075006406135,0.6960373649698521,3.5480201855730495e-07,0.01917499255234879,2.683543965609635e-38,False
1,CG,1007417,1537,162,1699,94,85.0351791381836,77.6655502319336,2.6121772829294634e-39,0.0,8.901135926593962,0.9384009048645796,1864113,1864114,1864115,9.209957e-318,9.20996e-318,9.209967e-318,2.6121870920187137e-39,0.0,1864120,0,0.9046295652998254,0.007959280569524609,beta,0.2074316204355765,0.09698833957802111,0.6793872945543226,0.0006136451521990897,0.3394950470435968,4.123765350385812e-38,True
1,CG,1007418,843,73,916,74,68.19646453857422,63.579925537109375,1.0202854118748993e-41,-0.03125,5.722332121961191,0.486971833753538,13690942867206315121,13763000461244243057,13835058055282170993,-131072.0000002119,-8589934592.013887,-562949953422222.1,1.0202854118748993e-41,-512.0,7281,3305111552,0.9215738451158678,0.010025308068323347,beta,0.4209152361805806,0.13430080704212255,0.679667276203288,8.191214367089404e-12,0.13853695482786102,4.065164590406634e-30,True
1,CG,1007461,1545,124,1669,92,85.25155639648438,79.5582275390625,3.923635700109488e-44,1.9906075831708915e+30,9.306794503674288,0.7367182546844994,8199366071581409308,8199647546558119964,8199929021534830620,1.5107220199493472e+240,1.562815882706221e+240,1.6149097454630949e+240,3.923635700109488e-44,2.0599322253708728e+30,28,1909522432,0.9266473521356997,0.006154928997944835,beta,0.30297252358876336,0.10957292923640283,0.7456521739130435,9.244562264424201e-08,0.2192981716418765,7.433509614132311e-45,True
1,CG,1007462,671,53,724,62,57.43581008911133,53.62370300292969,0.0,8.001550709772717e-22,8.335542164515566,0.6623915879316831,2049654600918630400,2049655700430258176,2049656799941885952,1.1545790501255987e-171,1.1548317485388457e-171,1.1550844469520927e-171,0.0,8.002455438567697e-22,0,477224192,0.9263840336953441,0.0068210749839180355,beta,0.38118687580201027,0.1658169613146847,0.7245793104193204,2.992778060707755e-08,0.0661188252415269,1.065717014322937e-28,True
1,CG,1007481,1586,166,1752,94,85.00631713867188,77.6436767578125,0.0,2.6122459465542153e-39,8.539303135408105,0.9034597291319061,8006514824445952,8006519119413248,8006523414380544,3.955750283664777e-308,3.955752405660568e-308,3.955754527656359e-308,0.0,2.6122557556434656e-39,0,1864169,0.9043225227518285,0.008285479495986658,beta,0.22114808518930984,0.09909332328251175,0.6962806161508434,0.0002032100816592335,0.3144729138838007,5.222060062191425e-40,True
1,CG,1007482,640,88,728,60,52.904232025146484,47.24612045288086,-2.4758800785707605e+27,1.0202854118748993e-41,8.182282885655649,1.0974468135863011,31275649859584,31275666636800,31275683414016,1.5452249014118e-310,1.54522573031643e-310,1.54522655922104e-310,-4.056481920730334e+31,1.0202854118748993e-41,4110417920,7281,0.8817372004191081,0.010143915537377536,beta,0.2503826746070016,0.185165853204038,0.6547782128456231,0.0010810409398931153,0.0326724075756691,9.0653853897989e-23,False
1,CG,1007503,1757,59,1816,94,90.84130859375,88.14730834960938,2.4659765582564775e+30,3.923635700109488e-44,7.173603461898491,0.24943717739996316,122171293696,122171359232,122171424768,6.03607362604e-313,6.03607686395e-313,6.03608010186e-313,2.535301200456459e+30,3.923635700109488e-44,1912668160,28,0.9663968999335106,0.003855369233397832,beta,0.48109734169011614,0.2638232043472064,0.8090255421406047,2.5314425987244207e-19,4.151016757089836e-06,7.261196112755107e-54,False
1,CG,1007504,669,37,706,59,56.01157760620117,53.46057891845703,8.007754564366865e-22,0.0,8.306533323536105,0.4431839141082006,477234688,477234944,477235200,2.35785644e-315,2.357857703e-315,2.357858967e-315,8.008659293161845e-22,0.0,477236480,0,0.9493487729864606,0.004932007671966148,beta,0.47013957488974994,0.11941451008822951,0.7830508474576272,9.416696630711585e-12,0.36937097849578,7.553204054251935e-32,True
1,CG,1007513,1741,115,1856,94,88.08756256103516,83.18303680419922,2.612313208880503e-39,0.0,7.139298079866054,0.4791897065613829,1864210,1864211,1864212,9.210436e-318,9.21044e-318,9.210446e-318,2.6123230179697532e-39,0.0,1864217,0,0.9371017293727144,0.006839027871247374,beta,0.3578053553076084,0.10366670417360546,0.7667492484629392,7.049416261263583e-11,0.2645876343466897,1.9961145395750584e-48,True
1,CG,1007514,765,55,820,68,63.80487060546875,60.69906234741211,1.0204255417213318e-41,6.776263578034403e-21,3.4435265167640545,0.22640966393694903,2233785415175773298,2305843009213701234,2377900603251629170,6.406665904596282e-145,4.198672567236219e-140,2.751642053663929e-135,1.0204255417213318e-41,1.1102230246251565e-16,7282,637534208,0.9383069206686581,0.012395681879590328,beta,0.4992466092118856,0.23178159927415198,0.7564714394195295,3.797365471699722e-15,0.0013426079201196836,3.1745664915996356e-34,False
1,CG,1007637,1403,751,2154,96,63.276546478271484,43.5493278503418,3.923635700109488e-44,3.3671969068562343e+30,6.979382186813263,3.609386120321695,8226669144322342940,8226950619299053596,8227232094275764252,1.0002021649319815e+242,1.0335422370963807e+242,1.0668823092607833e+242,3.923635700109488e-44,3.505846191256197e+30,28,1915879424,0.6591306924819946,0.01938751528683784,normal,0.06787066090652227,0.10176907093220089,0.40590389591622555,0.7684344924969084,0.27308977070844015,3.653946148791775e-14,True
1,CG,1007638,673,367,1040,81,52.01681900024414,35.20740509033203,0.0,8.014087665931724e-22,5.904947078305657,3.2901694731411606,2049761253546524672,2049762353058152448,2049763452569780224,1.1790907962105588e-171,1.1793434946238059e-171,1.1795961930370529e-171,0.0,8.014992394726704e-22,0,477249024,0.6421829506202981,0.02253863478591587,beta,0.08408408548730006,0.06608382910816557,0.35199978373665775,0.6158042713280927,0.8711513020020146,3.834310709509303e-09,True
1,CG,1007654,1813,320,2133,96,82.54747772216797,71.92518615722656,0.0,2.6123818725052548e-39,9.554499938915608,1.5570690568452086,8006931436273664,8006935731240960,8006940026208256,3.9559561172565005e-308,3.9559582392522915e-308,3.9559603612480824e-308,0.0,2.612391681594505e-39,0,1864266,0.8598695596059164,0.009948661491439961,beta,0.12226443610541227,0.10470142633868962,0.6402263605123207,0.11336248444018308,0.24330409345739082,1.326044094452791e-34,True
1,CG,1007655,1014,212,1226,88,72.84098815917969,61.682674407958984,536870912.0,1.0204255417213318e-41,6.562721877136371,1.3657746985271144,31277277249536,31277294026752,31277310803968,1.5453053051586e-310,1.5453061340632e-310,1.5453069629678e-310,8796093022208.0,1.0204255417213318e-41,1442840576,7282,0.8277385018088601,0.01596993102072036,beta,0.16011173800565975,0.08850744486151374,0.5888462456734909,0.021955240424454108,0.49576259774360876,6.275932676615292e-27,True
1,CG,1007684,1577,365,1942,96,77.72956085205078,64.192626953125,4.3179348570274064e+30,3.923635700109488e-44,8.6250157024306,2.027321688351043,122177650688,122177716224,122177781760,6.0363877032e-313,6.0363909411e-313,6.036394179e-313,4.456584141427369e+30,3.923635700109488e-44,1919025152,28,0.8096829255421957,0.013224512856067417,beta,0.0956470018611989,0.04927312886436441,0.5769761190992586,0.34352521593744473,0.9739062230664117,3.4849472866341104e-28,True
1,CG,1007685,1008,308,1316,87,67.15139770507812,53.743186950683594,8.020291520525872e-22,0.0,5.34157399939546,1.578861819206454,477259520,477259776,477260032,2.357979124e-315,2.35798039e-315,2.357981654e-315,8.021196249320852e-22,0.0,477261312,0,0.7718551460353807,0.022232965913378918,beta,0.13180712713483228,0.06051950440482967,0.4965517446912138,0.09730638216498776,0.9075334982606936,4.665483300480489e-19,True
1,CG,1007723,1197,316,1513,95,74.92366027832031,60.52808380126953,2.6124491348315424e-39,0.0,7.803657575568089,2.091046806533255,1864307,1864308,1864309,9.210915e-318,9.21092e-318,9.210925e-318,2.6124589439207927e-39,0.0,1864314,0,0.7886701081928454,0.015298218546411271,beta,0.12261573344882892,0.10494899736871144,0.5368503936670209,0.11490839448830291,0.24624042208956345,3.3055531540006082e-24,True
1,CG,1007724,1087,287,1374,87,69.015869140625,56.26534652709961,1.0204255417213318e-41,1.7014118346046923e+38,6.586081667569215,1.7161988399907713,9223372036854783090,9295429630892711026,9367487224930638962,-3.1315130625190834e-294,-2.0522684006525065e-289,-1.3449746190516267e-284,1.0204255417213318e-41,-2.407412430484045e-35,7282,2264924160,0.7932858521910919,0.017628301874070045,normal,0.0939912207853425,0.09910897176466826,0.5497982073911617,0.4257038618964566,0.3598990506757952,2.875482077806959e-23,True
1,CG,1007785,358,25,383,39,36.52163314819336,34.52143096923828,3.923635700109488e-44,5.506357294741371e+30,5.667406422152082,0.3845915694783933,8253972217063276572,8254253692039987228,8254535167016697884,6.614670317416837e+243,6.828046779269013e+243,7.254799702973324e+243,3.923635700109488e-44,5.783655863541297e+30,28,1922236416,0.9364521320049579,0.0084386774555175,beta,0.4945369518149615,0.12761662501018156,0.7169634235860978,1.0383342860328325e-08,0.5490873234248348,7.727828426697765e-18,True
1,CG,1007786,715,101,816,70,61.29384994506836,54.67355728149414,0.0,8.026624622090731e-22,5.684249495828519,0.8073881654473289,2049867906174418944,2049869005686046720,2049870105197674496,1.203602542295519e-171,1.203855240708766e-171,1.204107939122013e-171,0.0,8.027529350885711e-22,0,477273856,0.8756264277866909,0.01453684650435471,beta,0.27972606320789495,0.16198258064133697,0.644523279038323,3.495717976633609e-05,0.05078069130183041,1.105545075439535e-25,True
1,CG,1007793,563,31,594,54,51.23758316040039,48.935726165771484,0.0,2.6125177984562943e-39,6.697178687745064,0.36107087890774775,8007348048101376,8007352343068672,8007356638035968,3.956161950848224e-308,3.956164072844015e-308,3.956166194839806e-308,0.0,2.6125276075455446e-39,0,1864363,0.9488441326000072,0.006023509724917711,beta,0.5306294074484088,0.1325774411813493,0.7605757408965295,1.2429107901786224e-13,0.29864090883268274,1.4734333153941197e-27,True
1,CG,1007794,744,40,784,67,63.56355667114258,60.795833587646484,-1.1641532182693481e-10,1.0204255417213318e-41,5.238149894117724,0.2831906551788063,31278904639488,31278921416704,31278938193920,1.54538570890536e-310,1.54538653780996e-310,1.54538736671457e-310,-1.9073486328125e-06,1.0204255417213318e-41,3070230528,7282,0.9487098010618296,0.007461581566431511,beta,0.5599350970806993,0.16616580549666038,0.7304888964469128,1.1354385002123985e-18,0.049452039606605956,1.7665090905024666e-31,False
1,CG,1007801,550,24,574,54,51.758384704589844,49.878963470458984,7.407833195083716e+30,3.923635700109488e-44,6.551451199937963,0.2837382445517436,122184007680,122184073216,122184138752,6.0367017803e-313,6.0367050182e-313,6.03670825613e-313,7.685131763883641e+30,3.923635700109488e-44,1925382144,28,0.9584886056405527,0.005078141221685938,beta,0.5470302022127993,0.18620677060065394,0.7688528093006906,1.8426374317350443e-14,0.04728577024717158,3.7546249815852306e-28,False
1,CG,1007802,672,49,721,64,59.417144775390625,55.71046829223633,8.032828476684879e-22,0.0,6.166876654814923,0.4756523223032027,477284352,477284608,477284864,2.35810181e-315,2.358103075e-315,2.35810434e-315,8.0337332054798585e-22,0.0,477286144,0,0.9283928871154785,0.008698630318302468,beta,0.4757901457210616,0.17113101681929888,0.7096064980383381,5.210061998133209e-13,0.04710145100251247,2.038537993228257e-28,False
1,CG,1007823,205,12,217,22,20.78286361694336,19.76104164123535,2.612585060782582e-39,0.0,7.156891614371288,0.4191392165198377,1864404,1864405,1864406,9.211394e-318,9.2114e-318,9.211404e-318,2.6125948698718322e-39,0.0,1864411,0,0.9446756189519708,0.006094147157380378,beta,0.47963818858285523,0.1306796735334193,0.760375849257878,8.03454041653362e-05,0.8466961507807689,1.789686007337311e-11,True
1,CG,1007824,388,37,425,39,35.58043670654297,32.71546173095703,1.0204255417213318e-41,-3.6893488147419103e+19,9.973384149825106,0.9585216345592672,16212958658533792882,16285016252571720818,16357073846609648754,-4.946608029470089e+173,-3.2418090381935175e+178,-2.1245519712705036e+183,1.0204255417213318e-41,-6.044629098073146e+23,7282,3892314112,0.9123188899113581,0.006704137165326485,beta,0.28794178945761717,0.175551315155959,0.7407763516519892,0.003107707992977581,0.18060990983175335,5.154112297625642e-19,True
1,CG,1007831,247,23,270,27,24.705976486206055,22.845430374145508,3.923635700109488e-44,9.348923176683192e+30,6.8379874436987516,0.6349275039434629,8281275289804210204,8281556764780920860,8281838239757631516,4.369949938732168e+245,4.643071809902927e+245,4.916193681073686e+245,3.923635700109488e-44,9.626221745483117e+30,28,1928593408,0.9150361661557798,0.009175706502795276,beta,0.370358194469556,0.15950501379534365,0.7038906639596768,0.0012140745264704145,0.4980536895250236,4.802884566506358e-12,True
1,CG,1007832,325,42,367,35,30.906137466430664,27.667461395263672,0.0,8.039161578249738e-22,7.3568287945707125,0.9744940078872755,2049974558802313216,2049975658313940992,2049976757825568768,1.2281142883804792e-171,1.2283669867937262e-171,1.2286196852069732e-171,0.0,8.040066307044718e-22,0,477298688,0.8830324990408761,0.01106875272295739,beta,0.2344931297436873,0.15695961846181117,0.6834020617474486,0.042597724841702544,0.354490260129909,1.2670001534224804e-14,True
1,CG,1007848,143,7,150,15,14.291160583496094,13.655086517333984,0.0,2.612653724407334e-39,14.340274658672795,0.7112754672491892,8007764659929088,8007768954896384,8007773249863680,3.956367784439948e-308,3.9563699064357387e-308,3.9563720284315297e-308,0.0,2.612663533496584e-39,0,1864460,0.9527440388997396,0.002804890174939726,beta,0.39210135515992367,0.2668879719035865,0.8604056449765372,0.01985780838229201,0.23565796777691517,4.527010977181834e-10,True
1,CG,1007849,283,8,291,29,28.153533935546875,27.474163055419922,2.524354896707238e-29,1.0205656715677643e-41,4.438794794091811,0.13345710591329818,31280532029440,31280548806656,31280565583872,1.54546611265212e-310,1.54546694155673e-310,1.54546777046134e-310,4.1359030627651384e-25,1.0205656715677643e-41,402653184,7283,0.9708115150188578,0.005085290082744086,beta,0.6671237958817664,0.37092137893548444,0.8075042579920186,1.231757460996066e-11,0.0006846192991506442,7.518994465257779e-17,False
1,CG,1007855,88,5,93,10,9.475757598876953,9.080890655517578,1.2359593352225237e+31,3.923635700109488e-44,3.210195001956388,0.17760272129568602,122190364672,122190430208,122190495744,6.03701585745e-313,6.03701909536e-313,6.03702233327e-313,1.2914190489825087e+31,3.923635700109488e-44,1931739136,28,0.9475757598876953,0.011321383138905084,beta,0.6012238700630549,0.2819653891166073,0.7980392156862746,0.0014499072958457412,0.40435840116524774,5.878642941787674e-06,True
1,CG,1007856,246,29,275,28,25.071319580078125,22.771543502807617,8.045365432843885e-22,0.0,6.12371795045468,0.7153358163433718,477309184,477309440,477309696,2.358224497e-315,2.35822576e-315,2.358227027e-315,8.046270161638865e-22,0.0,477310976,0,0.8954042707170758,0.01194729178863025,beta,0.3691966898234791,0.20550834921041572,0.6590776394182486,0.0009682698072333941,0.18772665199141098,5.452730300238357e-11,True
1,CG,1007863,44,1,45,5,4.900000095367432,4.809999942779541,2.6127209867336214e-39,0.0,8.624284295177437,0.1760056306646318,1864501,1864502,1864503,9.211874e-318,9.21188e-318,9.211884e-318,2.6127307958228717e-39,0.0,1864508,0,0.9800000190734863,0.0019999389648432953,beta,0.5486477086582097,0.3557563651301167,0.8980392156862745,0.09855745318042564,0.5514886020369432,0.0006288629889653511,True
1,CG,1007864,194,16,210,23,21.3536319732666,20.062387466430664,1.0205656715677643e-41,8.0,4.792404780242438,0.3694950822058422,4755801206503251059,4827858800541178995,4899916394579106931,2.4178516392331684e+24,1.5845632502878492e+29,1.0384593717086449e+34,1.0205656715677643e-41,131072.0,7283,1224736768,0.928418781446374,0.010785204107098035,beta,0.48135023433215907,0.11599173547103614,0.7169153477129916,4.701880021525676e-05,0.9163742060607023,1.0794890035689085e-10,True
1,CG,1007908,97,5,102,11,10.475000381469727,10.065624237060547,3.923635700109488e-44,1.624177331542419e+31,3.826545563332884,0.19178376017935805,8308578362545143836,8308859837521854492,8309141312498565148,2.9715659583378735e+247,3.146363955887159e+247,3.321161953436445e+247,3.923635700109488e-44,1.679637045302404e+31,28,1934950400,0.9522727619517933,0.009056669235228122,beta,0.6173030445425605,0.263600091599389,0.7679144385026737,0.0004572684630339909,0.42922937928048316,4.643279343109329e-06,True
1,CG,1007911,8,0,8,1,1.0,1.0,0.0,8.051698534408745e-22,1.0,1.0,2050081211430207488,2050082310941835264,2050083410453463040,1.2526260344654394e-171,1.2528787328786864e-171,1.2531314312919334e-171,0.0,8.052603263203724e-22,0,477323520,1.0,0.0,normal,0.7096514669870622,0.9798192790606174,0.9798192790606174,0.6951140885647953,0.29226350693818187,0.29226350693818187,True
1,CG,1007912,86,5,91,10,9.438888549804688,8.941373825073242,0.0,2.6127896503583733e-39,13.066957980657437,0.7767884643917773,8008181271756800,8008185566724096,8008189861691392,3.9565736180316714e-308,3.9565757400274624e-308,3.9565778620232533e-308,0.0,2.6127994594476236e-39,0,1864557,0.9438888549804687,0.0035680132788709074,beta,0.3825635464066425,0.255268789820443,0.8588235294117647,0.10708806437528376,0.532423934793461,7.843504508276491e-07,True
1,CG,1007919,18,0,18,2,2.0,2.0,6.338253001141147e+29,1.0205656715677643e-41,1.0,1.0,31282159419392,31282176196608,31282192973824,1.5455465163989e-310,1.5455473453035e-310,1.5455481742081e-310,1.0384593717069655e+34,1.0205656715677643e-41,2030043136,7283,1.0,0.0,normal,0.7096514669870622,0.9798192790606174,0.9798192790606174,0.2661619925283125,0.04297889825435001,0.04297889825435001,True
1,CG,1007920,105,5,110,12,11.472980499267578,11.022194862365723,2.0044725116108877e+31,3.923635700109488e-44,7.3621540533620635,0.33818577079998885,122196721664,122196787200,122196852736,6.0373299346e-313,6.0373331725e-313,6.0373364104e-313,2.0916234903765785e+31,3.923635700109488e-44,1938096128,28,0.9560817082722982,0.004826187968291959,beta,0.531081330756108,0.15387622858023822,0.8,0.002297370805361514,0.9388156814080689,4.2684161420863396e-07,True
1,CG,1007923,43,0,43,5,5.0,5.0,8.057902389002892e-22,0.0,1.0,1.0,477334016,477334272,477334528,2.358347183e-315,2.35834845e-315,2.358349713e-315,8.058807117797872e-22,0.0,477335808,0,1.0,0.0,normal,0.7096514669870622,0.9798192790606174,0.9798192790606174,0.012998710224371351,0.00013539542110087017,0.00013539542110087017,False
1,CG,1007924,110,10,120,13,11.891667366027832,11.023187637329102,2.612856912684661e-39,0.0,4.9745118759536275,0.4636367365902162,1864598,1864599,1864600,9.212353e-318,9.21236e-318,9.212363e-318,2.6128667217739112e-39,0.0,1864605,0,0.9147436435406024,0.012113375262993683,beta,0.46623271066015304,0.17291486582965288,0.6998876589602137,0.007023108761385517,0.8317900495543638,5.887000554514688e-06,True
1,CG,1007952,84,10,94,10,8.889646530151367,8.091639518737793,1.0205656715677643e-41,-1.734723475976807e-18,3.2881629857025843,0.4107051015154972,11745387828182260851,11817445422220188787,11889503016258116723,-1.1818212630784854e-125,-7.745183829711162e-121,-5.075883674639507e-116,1.0205656715677643e-41,-2.842170943040401e-14,7283,2852126720,0.8889646530151367,0.0210064417371743,beta,0.44539174262601244,0.15179349730183078,0.6196078431372549,0.037842000025919816,0.9753117702250595,0.0009255425932929897,True
1,CG,1007953,309,23,332,32,29.902889251708984,28.201995849609375,3.923635700109488e-44,2.757140055496399e+31,5.920769671310269,0.41522775981088883,8335881435286077468,8336162910262788124,8336444385239498780,2.013672931767782e+249,2.1255436501993247e+249,2.2374143686308675e+249,3.923635700109488e-44,2.868059483016369e+31,28,1941307392,0.9344652891159058,0.008347864503555742,beta,0.4691769972927352,0.12331849642194326,0.7291130847432652,1.5227626713391178e-06,0.7152354741974692,3.3506239876597846e-15,True
1,CG,1007963,163,19,182,19,16.811965942382812,15.402610778808594,0.0,8.064235490567751e-22,2.196465950419322,0.285864385068628,2050187864058101760,2050188963569729536,2050190063081357312,1.2771377805503996e-171,1.2773904789636466e-171,1.2776431773768936e-171,0.0,8.065140219362731e-22,0,477348352,0.8848403127569902,0.029261420905039987,beta,0.47556589476313804,0.11914059937837618,0.6061919504643962,0.00037035676417406925,0.9502256691253275,1.7243460339114856e-06,True
1,CG,1007964,408,30,438,43,40.063385009765625,37.66277313232422,0.0,2.612925576309413e-39,6.490894518014168,0.47577752446490135,8008597883584512,8008602178551808,8008606473519104,3.956779451623395e-308,3.956781573619186e-308,3.956783695614977e-308,0.0,2.612935385398663e-39,0,1864654,0.9317066281340843,0.007986946981854072,beta,0.490306027504209,0.1803756301336379,0.7228901669106672,2.100158809219562e-09,0.12183097075643766,6.072755200713135e-20,True
1,CG,1007983,257,9,266,27,26.19291877746582,25.516849517822266,-137438953472.0,1.0205656715677643e-41,5.872838032745142,0.18095949288748053,31283786809344,31283803586560,31283820363776,1.54562692014566e-310,1.54562774905026e-310,1.54562857795487e-310,-2251799813685248.0,1.0205656715677643e-41,3657433088,7283,0.9701081028691044,0.004111029769629062,beta,0.6069759262952955,0.3129236595517415,0.8054443453440078,4.580211435407338e-09,0.010106276114373086,1.221319130785152e-15,False
1,CG,1007984,509,34,543,50,46.79069519042969,44.28749084472656,3.5177304156333366e+31,3.923635700109488e-44,4.571660326255001,0.31356344275416664,122203078656,122203144192,122203209728,6.0376440117e-313,6.03764724963e-313,6.03765048754e-313,3.6286498431533067e+31,3.923635700109488e-44,1944453120,28,0.9358139038085938,0.010206279931684993,beta,0.5488932914529401,0.1362328279508248,0.7209498378806819,1.6460341499548327e-13,0.3114187129047469,5.34273367106726e-23,True
1,CG,1007997,341,25,366,36,33.66579818725586,31.81209945678711,8.070439345161899e-22,0.0,5.094253070802891,0.35320756948358434,477358848,477359104,477359360,2.35846987e-315,2.358471135e-315,2.3584724e-315,8.071344073956879e-22,0.0,477360640,0,0.9351610607571073,0.00940445465023499,beta,0.5190838341506068,0.13436175839164555,0.7166666666666667,7.509396345098703e-09,0.5341362850195905,1.7410853244592502e-16,True
1,CG,1007998,603,59,662,58,52.94289016723633,49.026214599609375,2.6129928386357004e-39,0.0,5.007204818668183,0.47828867376074985,1864695,1864696,1864697,9.21283e-318,9.212837e-318,9.21284e-318,2.6130026477249507e-39,0.0,1864702,0,0.912808451159247,0.012271877651934241,beta,0.41199727483662796,0.13187467992771262,0.6525287580626341,5.6202126353457675e-09,0.26538954234264833,7.084722711489881e-22,True
1,CG,1008004,406,2,408,40,39.80357360839844,39.62786865234375,1.0207058014141968e-41,3.76158192263132e-37,1.0,1.0,288230376151719028,360287970189646964,432345564227574900,5.776622002776798e-275,3.785766995739802e-270,2.4810402583280367e-265,1.0207058014141968e-41,6.162975822039155e-33,7284,184549376,0.995089340209961,0.0005065859580495723,normal,0.42749195408778123,0.9298479229507237,0.9298479229507237,8.946775309381112e-07,1.8245386948167217e-30,1.8245386948167217e-30,False
1,CG,1008005,684,20,704,61,59.441650390625,58.11936950683594,3.923635700109488e-44,4.53185089581592e+31,6.441738695620757,0.16887958046332596,8363184508027011100,8363465983003721756,8363747457980432412,1.3603479361275678e+251,1.4319451959237552e+251,1.5035424557199426e+251,3.923635700109488e-44,4.75368975085586e+31,28,1947664384,0.9744532850922131,0.003270966873142929,beta,0.6078661301463577,0.3382023356933548,0.7922432193917597,5.289367717315153e-20,1.7405440113704801e-06,1.1109754035045703e-33,False
1,CG,1008008,420,11,431,43,41.868377685546875,40.8926887512207,0.0,8.076772446726758e-22,7.332875300408801,0.19819361957053502,2050294516685996032,2050295616197623808,2050296715709251584,1.3016495266353597e-171,1.3019022250486068e-171,1.3021549234618538e-171,0.0,8.077677175521738e-22,0,477373184,0.9736832019894622,0.0030036358155540945,beta,0.5919285628204809,0.30110522296551434,0.8196564307147085,1.6390601035711522e-13,0.000821821471000285,1.6157857421107571e-25,False
1,CG,1008009,741,15,756,64,62.69691467285156,61.56220245361328,0.0,2.6130615022604524e-39,7.6992252684960585,0.16001979571304153,8009014495412224,8009018790379520,8009023085346816,3.9569852852151187e-308,3.9569874072109096e-308,3.9569895292067006e-308,0.0,2.6130713113497026e-39,0,1864751,0.9796392917633057,0.00225145028185031,beta,0.5722025720807645,0.3707644895849259,0.8458541768302511,1.2591772946930037e-18,4.563731782307408e-08,3.3752924664316653e-40,False
1,CG,1008013,441,17,458,44,42.25811767578125,40.876346588134766,2.9802322387695312e-08,1.0207058014141968e-41,4.432557946625081,0.18271032319848446,31285414199296,31285430976512,31285447753728,1.54570732389243e-310,1.54570815279703e-310,1.54570898170164e-310,0.00048828125,1.0207058014141968e-41,989855744,7284,0.9604117653586648,0.006771004427988342,beta,0.6652447276255188,0.2759076153582086,0.775391004065598,2.441580485829922e-17,0.0024642842074640244,2.1048788479661362e-23,False
1,CG,1008014,778,31,809,68,65.29537963867188,63.016136169433594,6.053031616089795e+31,3.923635700109488e-44,6.771210723143074,0.2804724391526428,122209435648,122209501184,122209566720,6.03795808886e-313,6.03796132677e-313,6.0379645647e-313,6.2748704711297355e+31,3.923635700109488e-44,1950810112,28,0.9602261711569393,0.004743340070939185,beta,0.5320729931778398,0.19875763841229988,0.7734776922762693,3.801009282193711e-17,0.009283855454853279,9.223898945284495e-36,False
1,CG,1008041,505,24,529,46,43.966678619384766,42.26554489135742,8.082976301320906e-22,0.0,6.54352382495104,0.3026175120713341,477383680,477383936,477384192,2.358592556e-315,2.35859382e-315,2.358595086e-315,8.083881030115886e-22,0.0,477385472,0,0.9557973612909731,0.005384655160471476,beta,0.564101024087148,0.15820905159014875,0.7569799452959293,3.8629709935790965e-13,0.19976325783134205,2.5469324189124216e-23,True
1,CG,1008042,1069,45,1114,81,77.96826934814453,75.45108032226562,2.61312876458674e-39,0.0,5.954841409030863,0.2315490054817631,1864792,1864793,1864794,9.21331e-318,9.213316e-318,9.21332e-318,2.6131385736759902e-39,0.0,1864799,0,0.9625712265203028,0.00501334582696007,beta,0.5449429026834169,0.2524375670223472,0.7965906322005469,2.558614368011061e-21,6.571007412487471e-05,4.532625921303017e-45,False
1,CG,1008051,652,5,657,56,55.599021911621094,55.23882293701172,1.0207058014141968e-41,9.44473296573929e+21,1.0,1.0,7277816997830728820,7349874591868656756,7421932185906584692,9.124881235259149e+192,5.980082166339436e+197,3.919106648532213e+202,1.0207058014141968e-41,1.5474250491067253e+26,7284,1811939328,0.9928396769932338,0.0006892360206928122,normal,0.481929687552271,0.908431627475055,0.908431627475055,1.0089257431267742e-11,1.445958551472237e-40,1.445958551472237e-40,False
1,CG,1008052,1150,38,1188,86,82.9864501953125,80.4558334350586,3.923635700109488e-44,7.605903601369376e+31,6.385084748252356,0.23186641735756383,8390487580767944732,8390769055744655388,8391050530721366044,9.164449253912033e+252,9.622671716607633e+252,1.0080894179303232e+253,3.923635700109488e-44,7.827742456409317e+31,28,1954021376,0.9649587232013082,0.004439228371539879,beta,0.5766269240104149,0.24611840457992196,0.758958336841864,2.9095943489857323e-25,5.973292990181314e-05,1.8762065854173394e-43,False
1,CG,1008053,647,3,650,56,55.79853439331055,55.62300491333008,0.0,8.089309402885765e-22,1.0,1.0,2050401169313890304,2050402268825518080,2050403368337145856,1.32616127272032e-171,1.326413971133567e-171,1.326666669546814e-171,0.0,8.090214131680745e-22,0,477398016,0.9964023998805455,0.0004583878912417173,normal,0.40678070070109357,0.9441254532678361,0.9441254532678361,1.7880535333770114e-08,8.7857374591445415e-44,8.7857374591445415e-44,False
1,CG,1008054,1167,29,1196,85,82.71297454833984,80.79256439208984,0.0,2.613197428211492e-39,6.041892067617834,0.167059170707855,8009431107239936,8009435402207232,8009439697174528,3.9571911188068423e-308,3.9571932408026333e-308,3.957195362798424e-308,0.0,2.613207237300742e-39,0,1864848,0.9730938182157629,0.0036319068197930584,beta,0.5904807770910264,0.34603646858273546,0.7974596734947199,3.621456956439801e-26,2.887533355127724e-09,2.235619356612362e-47,False
1,CG,1008057,640,18,658,57,55.4302978515625,54.20704650878906,-6.462348535570529e-27,1.0207058014141968e-41,3.8371777640167406,0.10866306719555008,31287041589248,31287058366464,31287075143680,1.5457877276392e-310,1.5457885565438e-310,1.5457893854484e-310,-1.0587911840678754e-22,1.0207058014141968e-41,2617245696,7284,0.9724613658168859,0.005414702721817781,beta,0.6821918529200481,0.41475482624362486,0.8220149966083217,1.8196274124688172e-23,6.0857775869359e-09,7.030471071837923e-34,False
1,CG,1008058,1178,50,1228,86,82.26850891113281,79.19872283935547,1.0141204801825835e+32,3.923635700109488e-44,5.796112567093983,0.26289697820517505,122215792640,122215858176,122215923712,6.038272166e-313,6.0382754039e-313,6.0382786418e-313,1.0584882511905716e+32,3.923635700109488e-44,1957167104,28,0.9566105687341024,0.005879973423178091,beta,0.5208807452336982,0.21307560350170018,0.7903026046260859,1.0815204882742e-20,0.0008121208308427636,4.424666764341527e-47,False
1,CG,1008168,431,108,539,48,38.10637664794922,31.744495391845703,8.095513257479913e-22,0.0,3.296947556977696,0.8559920992109533,477408512,477408768,477409024,2.358715243e-315,2.358716507e-315,2.35871777e-315,8.096417986274893e-22,0.0,477410304,0,0.7938828468322754,0.031755247151251866,beta,0.18090560367668274,0.11406522893722637,0.5136990682827738,0.08640498810661468,0.5600562910911182,1.9906413217495687e-11,True
1,CG,1008169,973,270,1243,88,68.33478546142578,55.12495803833008,2.6132646905377795e-39,0.0,4.912135943436505,1.4136022600795188,1864889,1864890,1864891,9.21379e-318,9.213796e-318,9.2138e-318,2.6132744996270297e-39,0.0,1864896,0,0.7765316529707476,0.023687748604226583,beta,0.13563847072426582,0.09501569716805414,0.48400364495697923,0.07847892787634116,0.40481750997614285,2.4843271743119255e-18,True
1,CG,1008198,641,34,675,58,54.84085464477539,52.41061782836914,1.0207058014141968e-41,-2048.0,4.03919643508143,0.23268070381800618,14267403619509738612,14339461213547666548,14411518807585594484,-4.460149039713338e+43,-2.9230032746665334e+48,-1.9156194260854593e+53,1.0207058014141968e-41,-33554432.0,7284,3439329280,0.9455319766340584,0.00976905501392248,beta,0.5369351374248261,0.22332310678829226,0.7584046957776842,5.984662380688622e-15,0.006144823791915007,2.1117219366241054e-29,False
1,CG,1008199,1062,68,1130,82,77.12771606445312,73.11614990234375,3.923635700109488e-44,1.3246948772384997e+32,6.513543224042706,0.4114711757764599,8417790653508878364,8418072128485589020,8418353603462299676,6.158509898628885e+254,6.451772274754068e+254,6.745034650879252e+254,3.923635700109488e-44,1.3690626482464878e+32,28,1960378368,0.9405819032250381,0.007052048580741811,beta,0.4457337252571403,0.10828198554771429,0.7437652344394364,1.413481279647131e-14,0.2914521522393636,7.95601439851977e-40,True
1,CG,1008229,657,115,772,61,51.74338150024414,44.931427001953125,0.0,8.101846359044772e-22,5.451068047601555,0.9751673715529886,2050507821941784576,2050508921453412352,2050510020965040128,1.35067301880528e-171,1.3509257172185271e-171,1.3511784156317741e-171,0.0,8.102751087839752e-22,0,477422848,0.8482521557417072,0.017333201650090994,beta,0.22418579676633077,0.156776023309403,0.5950458540290391,0.004346067137059628,0.09970087996384537,3.47139525178781e-19,True
1,CG,1008230,1032,176,1208,86,73.57787322998047,64.00284576416016,0.0,2.6133333541625314e-39,7.680664979959392,1.2967239996307571,8009847719067648,8009852014034944,8009856309002240,3.957396952398566e-308,3.957399074394357e-308,3.957401196390148e-308,0.0,2.6133431632517816e-39,0,1864945,0.8555566654648892,0.012385951664938024,beta,0.18374223314568544,0.12066994589295987,0.6129873796673215,0.006013305605202747,0.1633384017763647,1.7090249988493578e-28,True
1,CG,1008232,726,76,802,63,57.14735412597656,52.82958221435547,-1.6225927682921336e+32,1.0207058014141968e-41,3.8744324832246777,0.39679319600940116,31288668979200,31288685756416,31288702533632,1.54586813138596e-310,1.54586896029057e-310,1.54586978919517e-310,-2.658455991569832e+36,1.0207058014141968e-41,4244635648,7284,0.9071008591424852,0.015986583692940065,beta,0.4428357782531232,0.12103604982101263,0.6614915446054855,3.715595139370454e-11,0.3145344814848626,2.2733065481146706e-24,True
1,CG,1008233,1129,131,1260,88,79.3206558227539,72.53460693359375,1.635269274294416e+32,3.923635700109488e-44,5.819764869535401,0.6368043961488989,122222149632,122222215168,122222280704,6.03858624313e-313,6.03858948104e-313,6.03859271895e-313,1.724004816310392e+32,3.923635700109488e-44,1963524096,28,0.9013710888949308,0.011922540491701444,beta,0.3458860356435822,0.15173556536313815,0.6577665413517867,1.4337231734634445e-09,0.034769105146849645,1.7003845223631086e-33,False
1,CG,1008239,771,57,828,67,62.378440856933594,58.51064682006836,8.10805021363892e-22,0.0,8.141141944936892,0.6031694360062289,477433344,477433600,477433856,2.35883793e-315,2.358839194e-315,2.35884046e-315,8.108954942433899e-22,0.0,477435136,0,0.931021505327367,0.006590559295028891,beta,0.4151898970844109,0.1690248786666959,0.7255129524064023,1.8584130499855962e-10,0.043492620837568496,4.663812061658017e-31,False
1,CG,1008240,1197,91,1288,89,82.85481262207031,77.8166275024414,2.613400616488819e-39,0.0,6.782634537259098,0.503055390850911,1864986,1864987,1864988,9.21427e-318,9.214275e-318,9.21428e-318,2.6134104255780692e-39,0.0,1864993,0,0.9309529508097788,0.007757900035610762,beta,0.42625072016926496,0.13519689187164063,0.7118449659376975,1.8014214997141732e-14,0.07727150444397339,1.3461199226562545e-39,True
1,CG,1008261,1045,40,1085,82,78.70982360839844,75.92394256591797,1.0208459312606292e-41,4.440892098500626e-16,7.083731147747883,0.29610948059964765,2810246167479196789,2882303761517124725,2954361355555052661,2.1800754380876996e-106,1.4287342391051548e-101,9.363352709399543e-97,1.0208459312606292e-41,7.275957614183426e-12,7285,771751936,0.9598758976633955,0.004596049072580153,beta,0.5385396966823945,0.1793333706433966,0.7645569146768789,4.407613248163026e-21,0.010242925187839568,4.645819850216239e-42,False
1,CG,1008262,1277,64,1341,89,84.98403930664062,81.46952819824219,3.923635700109488e-44,2.2564180684062483e+32,10.351036278127356,0.4891430810732029,8445093726249811996,8445375201226522652,8445656676203233308,4.129134255842604e+256,4.316822176562721e+256,4.504510097282839e+256,3.923635700109488e-44,2.3451536104222244e+32,28,1966735360,0.9548768461420295,0.003639054235305911,beta,0.4309242227792272,0.11520064191997692,0.8027067445822149,8.829439245627205e-15,0.1882544704027239,3.096327903981467e-50,True
1,CG,1008267,1092,13,1105,82,81.0820541381836,80.2842788696289,0.0,8.114383315203779e-22,7.078589671955605,0.0801381041209714,2050614474569678848,2050615574081306624,2050616673592934400,1.3751847648902403e-171,1.3754374633034873e-171,1.3756901617167343e-171,0.0,8.115288043998759e-22,0,477447680,0.9888055382705316,0.0013567244869369618,beta,0.572870669581427,0.5143460192941847,0.882314193968142,8.44468750044023e-24,2.874170833714594e-19,7.152522847620489e-56,False
1,CG,1008268,1193,118,1311,85,77.24868774414062,70.84156799316406,0.0,2.613469280113571e-39,9.018050219851771,0.9048920471583602,8010264330895360,8010268625862656,8010272920829952,3.9576027859902895e-308,3.9576049079860805e-308,3.9576070299818715e-308,0.0,2.613479089202821e-39,0,1865042,0.9088080911075368,0.007587327902969591,beta,0.2360932304167297,0.10852432017600089,0.7430138522604712,0.00015337032968418206,0.26941613799915537,3.4809547258020505e-41,True
1,CG,1008306,668,587,1255,88,46.627357482910156,33.210357666015625,35184372088832.0,1.0208459312606292e-41,0.820394365995913,0.7279392326666558,31290296369152,31290313146368,31290329923584,1.54594853513273e-310,1.54594936403733e-310,1.54595019294194e-310,5.764607523034235e+17,1.0208459312606292e-41,1577058304,7285,0.52985633503307,0.09775352779131102,beta,0.12383678063250758,0.08349182866158622,0.09396341473740247,0.1344969502823225,0.5716645406515701,0.4188388336474279,True
1,CG,1008307,685,152,837,62,50.562225341796875,42.76188659667969,2.8648903565157984e+32,3.923635700109488e-44,4.084501866195639,0.9239627334585901,122228506624,122228572160,122228637696,6.03890032027e-313,6.03890355817e-313,6.0389067961e-313,2.9536258985317745e+32,3.923635700109488e-44,1969881088,28,0.815519763577369,0.02503922196707941,beta,0.19752394733200906,0.10215801083088949,0.5193548387096774,0.015846583906585155,0.5370117930755895,5.96239331008398e-15,True
1,CG,1008547,271,10,281,26,24.99188995361328,24.12185287475586,8.120587169797926e-22,0.0,8.086854928565346,0.3262034088774475,477458176,477458432,477458688,2.358960615e-315,2.35896188e-315,2.358963145e-315,8.121491898592906e-22,0.0,477459968,0,0.9612265366774339,0.003959401984824496,beta,0.5010213472660052,0.16573666565871803,0.8211674458325334,4.286598109432726e-06,0.4728017938522717,1.182336922194166e-15,True
1,CG,1008548,1587,102,1689,92,86.26734161376953,81.29956817626953,2.6135365424398585e-39,0.0,11.291943310865808,0.750374965855463,1865083,1865084,1865085,9.21475e-318,9.214754e-318,9.21476e-318,2.6135463515291087e-39,0.0,1865090,0,0.9376884958018428,0.004479938259673323,beta,0.2746242205437577,0.08936937313262983,0.7747252166097293,1.880731198915174e-06,0.45444580274050533,2.182750926321849e-48,True
1,CG,1008555,466,19,485,45,43.138771057128906,41.6025505065918,1.0208459312606292e-41,-9.62964972193618e-35,5.78434138128939,0.24956630266646485,9799832789158206581,9871890383196134517,9943947977234062453,-1.0655986769578312e-255,-6.983507489310842e-251,-4.576711468194754e-246,1.0208459312606292e-41,-1.5777218104420236e-30,7285,2399141888,0.9586393568250868,0.0056369719582062576,beta,0.5765183250354647,0.21380018667245604,0.7555555555555556,2.0404069440298463e-13,0.032686145738331146,9.72623177006967e-23,False
1,CG,1008556,1617,79,1696,93,88.6463623046875,84.83065032958984,3.923635700109488e-44,3.7268927646709944e+32,10.75834867677888,0.5283685773540546,8472396798990745628,8472678273967456284,8472959748944166940,2.7627661930001416e+258,2.882886462261017e+258,3.003006731521892e+258,3.923635700109488e-44,3.9043638487029466e+32,28,1973092352,0.9531866914482527,0.0036317123419745446,beta,0.3778551548122838,0.0980222209066628,0.7988865945268527,5.859755886342666e-12,0.33330027668905565,5.577222575297315e-52,True
1,CG,1008588,185,268,453,41,17.275714874267578,11.622233390808105,0.0,8.1269202713627855e-22,0.5248522550019876,0.7207658054774811,2050721127197573120,2050722226709200896,2050723326220828672,1.3996965109752005e-171,1.3999492093884475e-171,1.4002019078016945e-171,0.0,8.127825000157765e-22,0,477472512,0.42135889937237997,0.10857392963789163,beta,0.23110734733934027,0.14102121754083857,0.2241548566912781,0.025058943782390347,0.38863428171104264,0.032484900865287804,True
1,CG,1008589,719,994,1713,92,36.36662292480469,25.203794479370117,0.0,2.6136052060646104e-39,0.39876966720414053,0.6100347372806612,8010680942723072,8010685237690368,8010689532657664,3.957808619582013e-308,3.957810741577804e-308,3.957812863573595e-308,0.0,2.6136150151538607e-39,0,1865139,0.39528937961744226,0.11899400730376504,beta,0.2684232960794203,0.12269520566984543,0.26283893731624086,3.4947492122042467e-06,0.1252985726859447,6.032401897951164e-06,True
1,CG,1008594,460,11,471,43,42.0709228515625,41.30708694458008,-7.62939453125e-06,1.0208459312606292e-41,5.005602773548649,0.11054169568535382,31291923759104,31291940536320,31291957313536,1.5460289388795e-310,1.5460297677841e-310,1.5460305966887e-310,-0.125,1.0208459312606292e-41,3204448256,7285,0.9783935546875,0.0034563615918159485,beta,0.658190625876909,0.42595390546007184,0.8403643317771933,1.3205222062128399e-16,3.345727263125655e-07,8.403889385684725e-27,False
1,CG,1008595,1617,71,1688,93,89.06037902832031,85.61177825927734,4.943837340890095e+32,3.923635700109488e-44,10.068939254250965,0.445403496834456,122234863616,122234929152,122234994688,6.0392143974e-313,6.0392176353e-313,6.0392208732e-313,5.121308424922047e+32,3.923635700109488e-44,1976238080,28,0.9576384841754872,0.0035231726793731395,beta,0.44239259730580544,0.09112791001523646,0.7921749765251263,3.102547599808776e-16,0.42264916353915816,4.064639051326055e-51,True
1,CG,1008611,466,21,487,44,42.2239990234375,40.715065002441406,8.133124125956933e-22,0.0,7.221052868114788,0.30372767246566795,477483008,477483264,477483520,2.3590833e-315,2.359084566e-315,2.35908583e-315,8.134028854751913e-22,0.0,477484800,0,0.9596363414417614,0.004543745547659004,beta,0.5374681432030199,0.17205446432600724,0.7772727272727273,1.823662364218791e-11,0.14774056386297563,1.6276703737745263e-23,True
1,CG,1008612,1641,44,1685,93,90.7701416015625,88.79151916503906,2.613672468390898e-39,0.0,9.6492554479236,0.23704351364425785,1865180,1865181,1865182,9.21523e-318,9.215233e-318,9.21524e-318,2.6136822774801483e-39,0.0,1865187,0,0.9760230279737904,0.002149681624699162,beta,0.5114156822737438,0.28537796230963375,0.8367546699358168,1.4916428842146975e-21,5.276667252913279e-07,5.534710363308563e-57,False
1,CG,1008682,1004,37,1041,80,77.32290649414062,75.00586700439453,1.0208459312606292e-41,-2.4178516392292583e+24,8.164500305618532,0.28267342418658964,16789419410837216373,16861477004875144309,16933534598913072245,-1.6832434884982023e+212,-1.103130452622182e+217,-7.229475734304731e+221,1.0208459312606292e-41,-3.961408125713217e+28,7285,4026531840,0.9665363311767579,0.0034236537420803534,beta,0.5282850604335211,0.20888051426886323,0.7926012512536057,8.094883764336245e-20,0.001858800486846979,4.446922634276744e-44,False
1,CG,1008683,1710,69,1779,93,89.358154296875,86.15248107910156,3.923635700109488e-44,6.1861349291137595e+32,10.369247566124104,0.4226049652711895,8499699871731679260,8499981346708389916,8500262821685100572,1.8450473358470508e+260,1.921924308174011e+260,1.998801280500971e+260,3.923635700109488e-44,6.3636060131457116e+32,28,1979449344,0.9608403687836021,0.003190860333371334,beta,0.4193266346177726,0.12160782904253353,0.800026688770527,1.2511470286821057e-14,0.12773877520410304,3.973428427011834e-52,True
1,CG,1008685,1025,43,1068,79,75.99626922607422,73.45346069335938,0.0,8.139457227521792e-22,6.953673443535703,0.2748419511495224,2050827779825467392,2050828879337095168,2050829978848722944,1.4242082570601607e-171,1.4244609554734077e-171,1.4247136538866547e-171,0.0,8.140361956316772e-22,0,477497344,0.9619780914692939,0.004445059800946984,beta,0.5337176070327574,0.20570508888180727,0.7850189311561687,5.685053622697907e-20,0.002497270286865899,1.0340415583281003e-42,False
1,CG,1008686,1715,64,1779,93,89.72269439697266,87.11613464355469,0.0,2.61374113201565e-39,4.4698545105186,0.16327061208422555,8011097554550784,8011101849518080,8011106144485376,3.958014453173737e-308,3.958016575169528e-308,3.9580186971653187e-308,0.0,2.6137509411049002e-39,0,1865236,0.9647601548061576,0.00603537073375842,beta,0.5248208017533674,0.35443808807261656,0.816716231647819,1.1261003777404977e-22,1.422613212801351e-10,2.6274590470133325e-54,False
1,CG,1008713,1067,72,1139,83,78.09453582763672,74.11474609375,1.6543612251060553e-24,1.0209860611070617e-41,5.8076971786701925,0.3648072189939295,31293551149056,31293567926272,31293584703488,1.54610934262626e-310,1.54611017153087e-310,1.54611100043547e-310,2.710505431213761e-20,1.0209860611070617e-41,536870912,7286,0.9408980220197195,0.007753070768030364,beta,0.5007991376264493,0.11571943938292267,0.7268815905907653,1.6601633437636804e-18,0.21631323563040553,1.622785562309958e-38,True
1,CG,1008714,1788,100,1888,95,89.67231750488281,85.14606475830078,8.315787937497185e+32,3.923635700109488e-44,8.400398818896571,0.4990911240473006,122241220608,122241286144,122241351680,6.03952847454e-313,6.03953171245e-313,6.03953495035e-313,8.670730105561089e+32,3.923635700109488e-44,1982595072,28,0.9439191316303454,0.005347326466076319,beta,0.32747656789613633,0.08827169738013763,0.7702919092654714,2.8310326483570724e-09,0.4497089188523194,2.1888754003182704e-49,True
1,CG,1008762,1273,43,1316,89,86.33000946044922,84.04594421386719,8.14566108211594e-22,0.0,7.15216372333413,0.22120013188888904,477507840,477508096,477508352,2.35920599e-315,2.359207253e-315,2.35920852e-315,8.14656581091092e-22,0.0,477509632,0,0.9700001062971823,0.003475293870394257,beta,0.5613097138267714,0.2748509234004505,0.781774311080302,8.80715645534725e-25,2.8921448277025146e-06,1.1345039131899088e-47,False
1,CG,1008763,1620,59,1679,94,90.68082427978516,87.7540512084961,2.6138083943419375e-39,0.0,10.140093500722603,0.3711562220085563,1865277,1865278,1865279,9.21571e-318,9.215713e-318,9.21572e-318,2.6138182034311878e-39,0.0,1865284,0,0.9646896199977144,0.0029591536876412976,beta,0.44374255731050266,0.15348916252727485,0.8079105154857102,1.6751567128203096e-16,0.02385093063781349,1.0190896361147593e-53,False
1,CG,1008771,1261,76,1337,91,85.6339340209961,81.12757110595703,1.0209860611070617e-41,524288.0,7.7095206731839845,0.48310050299285145,5332261958806674550,5404319552844602486,5476377146882530422,8.22752278661934e+62,5.391989333438851e+67,3.5336941295624855e+72,1.0209860611070617e-41,8589934592.0,7286,1358954496,0.9410322419889681,0.006036424264930121,beta,0.4431099163886186,0.12690813414290092,0.7670329779495543,6.046407125690266e-16,0.10664632662304796,6.276680799010348e-47,True
1,CG,1008772,1566,90,1656,95,89.94522857666016,85.6498794555664,3.923635700109488e-44,1.0800383113944515e+33,8.194438576725258,0.4605137437906602,8527002944472612892,8527284419449323548,8527565894426034204,1.230031557231367e+262,1.2792328195206215e+262,1.328434081809876e+262,3.923635700109488e-44,1.1155325282008419e+33,28,1985806336,0.9467918797543174,0.005217738473814816,beta,0.4293801494901865,0.09155191919436079,0.757017145075093,1.224012195873961e-15,0.403396674048355,1.0308714815845628e-47,True
1,CG,1008814,1367,70,1437,90,85.87682342529297,82.34358215332031,0.0,8.151994183680799e-22,8.302567826026868,0.39862854498770084,2050934432453361664,2050935531964989440,2050936631476617216,1.4487200031451208e-171,1.4489727015583678e-171,1.4492253999716149e-171,0.0,8.152898912475779e-22,0,477522176,0.9541869269476997,0.004506066439435777,beta,0.4547900748288257,0.11033247086165854,0.7820853324232047,1.3557929405634903e-16,0.22325596648544319,3.061446601371405e-48,True
1,CG,1008815,1395,59,1454,90,86.20619201660156,82.90227508544922,0.0,2.6138770579666894e-39,9.473527588319282,0.41691604459908826,8011514166378496,8011518461345792,8011522756313088,3.9582202867654604e-308,3.9582224087612514e-308,3.9582245307570424e-308,0.0,2.6138868670559397e-39,0,1865333,0.9578465779622396,0.0037075175639513366,beta,0.44055823424890145,0.1112067365094439,0.7954482847800122,1.343721734469002e-15,0.21563662390368848,6.886524654978301e-50,True
1,CG,1008816,1374,55,1429,89,85.56111145019531,82.62580108642578,4.153837486827862e+34,1.0209860611070617e-41,7.515954092121427,0.30208266384313137,31295178539008,31295195316224,31295212093440,1.54618974637303e-310,1.54619057527763e-310,1.54619140418224e-310,-0.0,1.0209860611070617e-41,2164260864,7286,0.9613608028111833,0.004212526059646393,beta,0.5001636712888404,0.19031534744882872,0.7667566979665571,9.167923197593928e-20,0.003170073117519521,7.12096342133409e-46,False
1,CG,1008817,1377,75,1452,89,84.52981567382812,80.69255065917969,1.348780238642836e+33,3.923635700109488e-44,8.813065790519756,0.46606074138761755,122247577600,122247643136,122247708672,6.03984255167e-313,6.0398457896e-313,6.0398490275e-313,1.419768672255617e+33,3.923635700109488e-44,1988952064,28,0.9497732098182935,0.004640867060218732,beta,0.3800612770391046,0.12066418915042831,0.7992667812234785,1.3635518875794896e-11,0.1497293846560926,8.257540998530985e-50,True
1,CG,1008820,1288,111,1399,87,80.40631866455078,74.99108123779297,8.158198038274947e-22,0.0,7.2786091241314725,0.59687882652654,477532672,477532928,477533184,2.359328674e-315,2.35932994e-315,2.359331204e-315,8.159102767069927e-22,0.0,477534464,0,0.9242105593626526,0.007892005680660334,beta,0.3414966302571468,0.10380480819972915,0.7310344945033578,3.0788063787650847e-09,0.30562615384302555,8.261009524754541e-41,True
1,CG,1008821,1323,114,1437,89,81.85029602050781,75.88905334472656,2.613944320292977e-39,0.0,8.8168368515462,0.770159383519382,1865374,1865375,1865376,9.216187e-318,9.21619e-318,9.216197e-318,2.6139541293822273e-39,0.0,1865381,0,0.9196662474214361,0.006978394922868538,beta,0.2693526131683308,0.10423336998793209,0.7221528203048422,4.9264071978097446e-06,0.28829309660482444,9.69199345545255e-41,True
1,CG,1008823,1224,162,1386,87,76.69800567626953,68.71588134765625,1.0209860611070617e-41,-1.1368683772161603e-13,6.3137043067035155,0.8480500288874764,12321848580485684342,12393906174523612278,12465963768561540214,-4.021529366778404e-87,-2.6355494858118946e-82,-1.7272337110216833e-77,1.0209860611070617e-41,-1.862645149230957e-09,7286,2986344448,0.8815862721410291,0.012790377242584996,beta,0.24752110052066012,0.1375775659296058,0.6384344513938724,4.6911027381015876e-05,0.07425099688167908,3.161787666689277e-31,True
1,CG,1008824,1194,168,1362,89,78.36885070800781,70.3484115600586,3.923635700109488e-44,1.845699273932302e+33,5.198188678640928,0.7051618007832866,8554306017213546524,8554587492190257180,8554868967166967836,8.187090044931977e+263,8.501978123583206e+263,8.816866202234435e+263,3.923635700109488e-44,1.9166877075450829e+33,28,1992163328,0.8805488843596383,0.015236448870173482,beta,0.2519578770602525,0.10461486526522557,0.6316804083096492,2.474749708103581e-05,0.284269242673746,2.851087374011986e-31,True
1,CG,1008852,972,194,1166,82,67.9692611694336,57.8915901184082,0.0,8.164531139839806e-22,5.305461775290459,1.0951943167234217,2051041085081255936,2051042184592883712,2051043284104511488,1.473231749230081e-171,1.473484447643328e-171,1.473737146056575e-171,0.0,8.165435868634786e-22,0,477547008,0.8288934288955316,0.019164397138030646,beta,0.1585405393944435,0.1097727469005918,0.5393911192813515,0.032418892961439176,0.276449381447899,3.7917144779638095e-21,True
1,CG,1008853,1105,248,1353,88,71.9529037475586,60.45937728881836,0.0,2.614012983917729e-39,5.699977455840583,1.2712216200687174,8011930778206208,8011935073173504,8011939368140800,3.958426120357184e-308,3.958428242352975e-308,3.958430364348766e-308,0.0,2.6140227930069792e-39,0,1865430,0.817646633494984,0.01870491689009723,beta,0.14300181321136152,0.07437250478399804,0.5723306107743967,0.054694695768455426,0.7151005922293492,1.8345601862076035e-25,True
1,CG,1008866,949,157,1106,79,66.65779876708984,57.98164367675781,-9007199254740992.0,1.0209860611070617e-41,4.1485606292859085,0.7681377282271521,31296805928960,31296822706176,31296839483392,1.5462701501198e-310,1.5462709790244e-310,1.546271807929e-310,-1.4757395258967641e+20,1.0209860611070617e-41,3791650816,7286,0.8437696046467069,0.022279732877316258,beta,0.21542021017787116,0.10605677411322412,0.5736427147596639,0.0013083613556600327,0.336589711574738,5.2602680015817924e-23,True
1,CG,1008867,1146,245,1391,89,73.04306030273438,61.08184814453125,2.332477104419942e+33,3.923635700109488e-44,8.544269349548157,1.8665755542396276,122253934592,122254000128,122254065664,6.0401566288e-313,6.0401598667e-313,6.04016310463e-313,2.403465538032723e+33,3.923635700109488e-44,1995309056,28,0.8207085427273525,0.012895279171908943,beta,0.13227913785094625,0.08116817352166938,0.5974663642714767,0.08878447778332896,0.6007468116057122,5.081323396701425e-28,True
1,CG,1008888,998,34,1032,74,71.6566162109375,69.65106201171875,8.170734994433954e-22,0.0,7.254169137195301,0.2372328370792683,477557504,477557760,477558016,2.35945136e-315,2.359452626e-315,2.35945389e-315,8.171639723228934e-22,0.0,477559296,0,0.9683326514991554,0.003611244366086012,beta,0.5426455892880468,0.2566807369176084,0.812614255815802,2.366843196170377e-19,0.00011647511374317169,7.197262342829148e-43,False
1,CG,1008889,1340,40,1380,86,83.63105010986328,81.52297973632812,2.6140802462440165e-39,0.0,10.346103883306043,0.2930658125840075,1865471,1865472,1865473,9.216666e-318,9.21667e-318,9.216676e-318,2.6140900553332668e-39,0.0,1865478,0,0.9724540710449219,0.002301465779173133,beta,0.496546775992981,0.22550460340918266,0.8249747257954978,7.64588365430679e-19,0.0003180019895535048,2.8998518011152283e-51,False
1,CG,1008896,965,62,1027,76,71.505126953125,67.8746566772461,1.0211261909534942e-41,2.465190328815662e-32,5.619130335752532,0.3532233081637498,864691128455142519,936748722493070455,1008806316530998391,1.965682607912462e-236,1.288229753921511e-231,8.442542515300015e-227,1.0211261909534942e-41,4.0389678347315804e-28,7287,318767104,0.94085693359375,0.007980829278628032,beta,0.5174381411154362,0.12514331631352238,0.7078947472990468,4.232783915108126e-18,0.18487156205253508,1.6635923240549617e-33,True
1,CG,1008897,1233,98,1331,86,79.87586212158203,74.77146911621094,3.923635700109488e-44,3.062643850151402e+33,8.0177485875692,0.6147263581333868,8581609089954480156,8581890564931190812,8582172039907901468,5.441265999093252e+265,5.642794369430038e+265,5.8443227397668246e+265,3.923635700109488e-44,3.204620717376964e+33,28,1998520320,0.9287890944370004,0.006866346693318385,beta,0.3642043276510404,0.12892657315951683,0.7553499884972965,2.4696929678123454e-10,0.11463114189626439,4.802257395884019e-43,True
1,CG,1008913,959,49,1008,76,72.20455932617188,69.12165069580078,0.0,8.177068095998813e-22,5.514224486438965,0.28985582206667376,2051147737709150208,2051148837220777984,2051149936732405760,1.4977434953150412e-171,1.4979961937282882e-171,1.4982488921415352e-171,0.0,8.177972824793793e-22,0,477571840,0.9500599911338404,0.006973169367400942,beta,0.5552848972493102,0.16460779793693014,0.7342105397604227,8.84236108660552e-21,0.03253601496804284,5.198201969313246e-36,False
1,CG,1008914,1309,51,1360,87,83.93440246582031,81.3168716430664,0.0,2.6141489098687684e-39,7.3299129037071475,0.267715766875292,8012347390033920,8012351685001216,8012355979968512,3.9586319539489077e-308,3.9586340759446987e-308,3.9586361979404896e-308,0.0,2.6141587189580187e-39,0,1865527,0.9647632467335668,0.003954011715112919,beta,0.5284658167767089,0.22147283975504017,0.7832239453347097,1.5736367472711166e-21,0.0003930432576477575,8.812139895079529e-47,False
1,CG,1008920,862,112,974,74,65.01752471923828,57.94594955444336,0.001953125,1.0211261909534942e-41,7.457660332467697,1.0303106720531137,31298433318912,31298450096128,31298466873344,1.54635055386656e-310,1.54635138277117e-310,1.54635221167577e-310,32.0,1.0211261909534942e-41,1124073472,7287,0.8786151989086254,0.011240604667169134,beta,0.23508730949895018,0.16241021612283146,0.65355469802669,0.0005607545915286728,0.040329639550049125,7.026830664656453e-28,False
1,CG,1008921,1267,142,1409,87,77.84426879882812,70.77456665039062,4.0361995111266824e+33,3.923635700109488e-44,5.560329489902278,0.6539836905791679,122260291584,122260357120,122260422656,6.04047070594e-313,6.04047394385e-313,6.04047718176e-313,4.178176378352244e+33,3.923635700109488e-44,2001666048,28,0.8947617103313578,0.013052273958804934,beta,0.2735517829004216,0.09103328664763832,0.6537869660348327,4.428837698332652e-06,0.4666845205761784,1.0017646409955981e-32,True
1,CG,1008937,748,178,926,73,59.0794563293457,49.59622573852539,8.1832719505929605e-22,0.0,4.234951793857234,0.997856700997138,477582336,477582592,477582848,2.359574047e-315,2.35957531e-315,2.359576577e-315,8.18417667938794e-22,0.0,477584128,0,0.8093076209499411,0.024760715133426123,beta,0.14903577841418747,0.10136180853785637,0.5421175267794446,0.07809609647511383,0.4412903891899221,4.637232167344521e-19,True
1,CG,1008938,1156,258,1414,88,72.3016357421875,60.83915710449219,2.614216172195056e-39,0.0,6.476911564023857,1.406287920791214,1865568,1865569,1865570,9.217145e-318,9.21715e-318,9.217155e-318,2.6142259812843063e-39,0.0,1865575,0,0.8216094970703125,0.016499385344742358,beta,0.1218168244119533,0.09276065279394119,0.5690146643128193,0.14675773917690665,0.43520310707723076,3.5711989568987798e-25,True
1,CG,1008952,824,75,899,71,65.29647827148438,60.62815856933594,1.0211261909534942e-41,6.189700196426902e+26,7.322597712477641,0.6396148194799969,7854277750134152311,7926335344172080247,7998392938210008183,3.105036184606442e+231,2.034916513943678e+236,1.3336028865781287e+241,1.0211261909534942e-41,1.0141204801825835e+31,7287,1946157056,0.9196687080490757,0.008243296532076576,beta,0.3574297542648599,0.1403201284039124,0.7118580759985436,2.644472925174792e-08,0.12208676189007119,1.122919928329775e-31,True
1,CG,1008953,1371,92,1463,88,82.47030639648438,77.86992645263672,3.923635700109488e-44,5.030037581705614e+33,7.314899723457407,0.49046930924079823,8608912162695413788,8609193637672124444,8609475112648835100,3.6113883964352245e+267,3.7403665534507677e+267,3.869344710466311e+267,3.923635700109488e-44,5.172014448931176e+33,28,2004877312,0.9371625726873224,0.006687838388456094,beta,0.40033123009393845,0.09611415804961687,0.7431818290190133,1.1246948896898348e-12,0.3904830642461203,1.2135335985586386e-42,True
1,CG,1008972,833,26,859,67,65.0090103149414,63.40300750732422,0.0,8.18960505215782e-22,4.696740953027591,0.14384410323380914,2051254390337044480,2051255489848672256,2051256589360300032,1.5222552414000014e-171,1.5225079398132484e-171,1.5227606382264954e-171,0.0,8.1905097809527995e-22,0,477596672,0.9702837360439016,0.004936698521611157,beta,0.6001267740331909,0.3718952372159097,0.8315791179324672,2.1968987687322913e-21,1.7874944386790652e-08,1.1415166388928991e-40,False
1,CG,1008973,1320,49,1369,88,84.88047790527344,82.15303039550781,0.0,2.614284835819808e-39,9.228671948494284,0.3391715828984816,8012764001861632,8012768296828928,8012772591796224,3.9588377875406313e-308,3.9588399095364223e-308,3.9588420315322133e-308,0.0,2.6142946449090582e-39,0,1865624,0.9645508852871981,0.003235520556044244,beta,0.47741099958341654,0.17235430983231126,0.8003007805990419,7.580177758456807e-18,0.010725723015523147,2.214664662298035e-49,False
1,CG,1008984,960,46,1006,74,70.54467010498047,67.52166748046875,-4.235164736271502e-22,1.0211261909534942e-41,10.478105587068079,0.5132253283527854,31300060708864,31300077486080,31300094263296,1.54643095761333e-310,1.54643178651794e-310,1.54643261542254e-310,-6.938893903907228e-18,1.0211261909534942e-41,2751463424,7287,0.9533063527700063,0.003712127607212506,beta,0.4437852835502271,0.12756172202696445,0.8,4.3878416772243747e-13,0.17981326964835737,1.4610217114208433e-41,True
1,CG,1008985,1320,104,1424,91,84.4835433959961,79.11644744873047,6.814889626826961e+33,3.923635700109488e-44,7.207981571515093,0.5559721719184431,122266648576,122266714112,122266779648,6.0407847831e-313,6.040788021e-313,6.0407912589e-313,7.098843361278085e+33,3.923635700109488e-44,2008023040,28,0.9283905867691878,0.0075857891442390095,beta,0.3617093462317865,0.09756566952334522,0.7450549565173601,9.114428378030042e-11,0.35173859932521934,2.657637616902771e-44,True
1,CG,1008988,1018,51,1069,78,74.69439697265625,71.83250427246094,8.195808906751967e-22,0.0,8.898424203892164,0.3938000596984915,477607168,477607424,477607680,2.359696734e-315,2.359698e-315,2.359699263e-315,8.196713635546947e-22,0.0,477608960,0,0.9576204740084134,0.003943122567964391,beta,0.4446761985261696,0.12272607495270005,0.7902920938711221,8.023531991783243e-14,0.19064444375971898,9.705546946425475e-43,True
1,CG,1008989,1334,48,1382,89,85.71077728271484,82.82648468017578,2.6143520981460955e-39,0.0,9.681457650858587,0.37153402933915863,1865665,1865666,1865667,9.217625e-318,9.21763e-318,9.217635e-318,2.6143619072353458e-39,0.0,1865672,0,0.9630424413788184,0.0032200962881125342,beta,0.4639287292575433,0.14386527230022428,0.794910309383773,4.600558198469276e-17,0.05023851978295767,2.8426864653773408e-49,True
1,CG,1009059,1460,26,1486,91,89.54855346679688,88.24526977539062,1.0211261909534942e-41,-134217728.0,10.135409850940556,0.1642796552397143,14843864371813162103,14915921965851090039,14987979559889017975,-1.5177100720538066e+82,-9.946464728211827e+86,-6.518515124280903e+91,1.0211261909534942e-41,-2199023255552.0,7287,3573547008,0.9840500380966689,0.0013890258320840428,beta,0.4863418239671725,0.40089792908264965,0.8670778303717195,4.031347368991212e-19,3.9585119035099724e-13,7.510419524818177e-60,False
1,CG,1009060,1494,57,1551,92,88.62324523925781,85.78752899169922,3.923635700109488e-44,8.802565767984825e+33,6.467477041031159,0.24642613604741506,8636215235436347420,8636496710413058076,8636778185389768732,2.3938345942084914e+269,2.476380614698439e+269,2.5589266351883867e+269,3.923635700109488e-44,9.086519502435948e+33,28,2011234304,0.9632961439049762,0.004583501015133294,beta,0.5324488197529021,0.24261314737436745,0.7783607214195135,4.4294840883852986e-23,3.957541575497863e-05,7.72344733158032e-49,False
1,CG,1009170,1043,631,1674,92,57.89006423950195,38.682945251464844,0.0,8.202142008316826e-22,5.291652101682107,3.1179428737292074,2051361042964938752,2051362142476566528,2051363241988194304,1.5467669874849616e-171,1.5470196858982086e-171,1.5472723843114556e-171,0.0,8.203046737111806e-22,0,477621504,0.6292398286902386,0.02479352908278816,normal,0.056043613148586524,0.07205105289004765,0.34385691605423807,0.934764958717332,0.7260132959503115,7.122676917529652e-10,True
1,CG,1009171,1036,614,1650,92,57.245445251464844,37.93986892700195,0.0,2.6144207617708474e-39,5.115100536584672,3.1054530340725144,8013180613689344,8013184908656640,8013189203623936,3.959043621132355e-308,3.959045743128146e-308,3.959047865123937e-308,0.0,2.6144305708600977e-39,0,1865721,0.6222331005594005,0.02549294544263267,beta,0.07127784997887071,0.06580749980808709,0.33670425396850145,0.7382150456594826,0.8204739122251975,1.7443433195571057e-09,True
1,CG,1009277,347,1018,1365,89,22.680635452270508,8.059904098510742,-1.0633823966279327e+37,1.0211261909534942e-41,1.612951561973851,4.716354745063591,31301688098816,31301704876032,31301721653248,1.5465113613601e-310,1.5465121902647e-310,1.5465130191693e-310,1.504632769052528e-36,1.0212663207999267e-41,83886080,7288,0.25483860058730906,0.025909121584354725,normal,0.09611090716476887,0.09661152028139441,0.4468599741670619,0.3835350078919203,0.37714200120881963,7.321284342616888e-16,True
1,CG,1009278,188,709,897,72,14.636690139770508,4.259274005889893,1.1114760462801115e+34,3.923635700109488e-44,1.6175733615475314,6.339504428530516,122273005568,122273071104,122273136640,6.0410988602e-313,6.04110209812e-313,6.04110533603e-313,1.1682667931703362e+34,3.923635700109488e-44,2014380032,28,0.20328736305236816,0.018081969909314762,beta,0.12058062339738684,0.11490495403516371,0.5664484074074012,0.2459958367552211,0.297766717823699,1.7167999981384368e-20,True
1,CG,1009305,305,1062,1367,88,19.785778045654297,7.051741600036621,8.208345862910974e-22,0.0,1.0848109970158548,3.7400368061445866,477632000,477632256,477632512,2.35981942e-315,2.359820685e-315,2.35982195e-315,8.209250591705954e-22,0.0,477633792,0,0.22483838688243518,0.02992114001192882,beta,0.13910816235215945,0.0942341939036434,0.4779200192291063,0.066358754880848,0.4152040947500052,6.958409813580643e-18,True
1,CG,1009306,104,448,552,48,9.1915922164917,2.7228901386260986,2.614488024097135e-39,0.0,1.2557971837220654,5.3021813904913255,1865762,1865763,1865764,9.218104e-318,9.21811e-318,9.218114e-318,2.6144978331863853e-39,0.0,1865769,0,0.19149150451024374,0.02048464502649909,beta,0.18135530854777976,0.15787896361153433,0.5571078431372549,0.08506449183244122,0.18259412763630914,2.296336659747592e-13,True
1,CG,1009370,193,1380,1573,94,12.02404499053955,2.759333848953247,1.0212663207999267e-41,2.9103830456733704e-11,0.9586955546099617,6.536068661944471,3386706919782620280,3458764513820548216,3530822107858476152,7.418412301386848e-68,4.861730685836885e-63,3.1861838222700606e-58,1.0212663207999267e-41,4.76837158203125e-07,7288,905969664,0.12791537223978244,0.013131974818929987,beta,0.21916997787809894,0.13634424622589386,0.6452153625961722,0.0002393645367661943,0.060703468730512786,2.0464403841673704e-34,True
1,CG,1009371,88,558,646,58,7.606152534484863,2.039029121398926,3.923635700109488e-44,1.5090112745116843e+34,0.6866021040692301,4.5490175939930575,8663518308177281052,8663799783153991708,8664081258130702364,1.584883593407001e+271,1.6377130465205675e+271,1.6905424996341393e+271,3.923635700109488e-44,1.565802021401909e+34,28,2017591296,0.1311405609393942,0.01827287739361379,beta,0.28102891085423953,0.13433649604674766,0.5881480054951076,0.00021003976819718417,0.24608018516372385,7.487103415133265e-18,True
1,CG,1009374,227,1364,1591,94,13.760169982910156,3.57654070854187,0.0,8.214678964475833e-22,0.9425035620191203,5.496031349964588,2051467695592833024,2051468795104460800,2051469894616088576,1.5712787335699217e-171,1.5715314319831688e-171,1.5717841303964158e-171,0.0,8.215583693270813e-22,0,477646336,0.1463847870522357,0.01679850705151614,beta,0.17355543615477098,0.10127852202125544,0.5950641256909344,0.006945280796959475,0.2898736997117751,2.4524018830256162e-29,True
1,CG,1009375,97,579,676,61,8.322278022766113,1.9292722940444946,0.0,2.614556687721887e-39,1.078441710444599,6.826238253041564,8013597225517056,8013601520484352,8013605815451648,3.9592494547240786e-308,3.9592515767198696e-308,3.9592536987156605e-308,0.0,2.6145664968111372e-39,0,1865818,0.13643078725846086,0.013230955860245445,beta,0.23646315413159605,0.1773866242154689,0.6398573416727358,0.002179932733865397,0.04303607566100106,4.0596398709540005e-22,False
1,CG,1009398,312,1282,1594,93,17.79519271850586,4.918015003204346,2.305843009213694e+18,1.0212663207999267e-41,1.609011244358514,6.799891547108747,31303315488768,31303332265984,31303349043200,1.54659176510686e-310,1.54659259401147e-310,1.54659342291608e-310,3.777893186295716e+22,1.0212663207999267e-41,1711276032,7288,0.19134615826350387,0.016445361314777956,beta,0.1049106803529598,0.10185376753587436,0.5525133236312245,0.2576458172929358,0.2895236448450976,4.381423039423262e-25,True
1,CG,1009399,195,712,907,74,15.705251693725586,5.018714904785156,1.8984335389017964e+34,3.923635700109488e-44,1.3245331693251594,4.916401802078069,122279362560,122279428096,122279493632,6.04141293735e-313,6.04141617526e-313,6.04141941317e-313,1.955224285792021e+34,3.923635700109488e-44,2020737024,28,0.2122331309962917,0.023089591297821396,beta,0.12254614434280961,0.09785055834000031,0.47245205046305405,0.21637910021143777,0.4779491717561989,8.995320138016729e-15,True
1,CG,1009403,343,1260,1603,93,19.384384155273438,5.967819690704346,8.220882819069981e-22,0.0,1.433023661861515,5.442159964586842,477656832,477657088,477657344,2.359942106e-315,2.35994337e-315,2.359944636e-315,8.221787547864961e-22,0.0,477658624,0,0.20843423822874663,0.02095054723659283,beta,0.1265866796554293,0.12295181518116804,0.5085808705481107,0.10152171710739899,0.12016859269307384,2.5540920088799135e-21,True
1,CG,1009404,173,724,897,72,13.759676933288574,4.274073600769043,2.6146239500481745e-39,0.0,1.084348160751519,4.589699853066916,1865859,1865860,1865861,9.218583e-318,9.21859e-318,9.218593e-318,2.6146337591374248e-39,0.0,1865866,0,0.1911066240734524,0.023162087235308576,beta,0.16160522857136567,0.11442847743518614,0.4967144998773684,0.04653244814229706,0.3024402922180595,7.434016389434782e-16,True
1,CG,1009407,362,1244,1606,92,20.028417587280273,6.056716442108154,1.0212663207999267e-41,-6.310887241768095e-30,1.7710108764296608,6.3640801721514775,10376293541461630072,10448351135499558008,10520408729537485944,-3.626044399830315e-217,-2.3763644578727954e-212,-1.557374211111515e-207,1.0212663207999267e-41,-1.0339757656912846e-25,7288,2533359616,0.21770019116608993,0.01864314400662595,normal,0.100445790092351,0.14330533923406702,0.5259941743620593,0.31126381501333894,0.045704154357207975,1.5570030897409589e-22,True
1,CG,1009408,187,749,936,76,14.962739944458008,4.717849254608154,3.923635700109488e-44,2.515018790852807e+34,1.120683566117222,4.571586121190642,8690821380918214684,8691102855894925340,8691384330871635996,1.0481363497731632e+273,1.0819471997658492e+273,1.1495688997512143e+273,3.923635700109488e-44,2.6286002846332565e+34,28,2023948288,0.19687815716392115,0.023626834509603595,beta,0.18912206015709226,0.09907345986462,0.48288253104915,0.00870846049670995,0.44474455878123725,8.099697959356426e-16,True
1,CG,1009409,307,1298,1605,92,17.43185806274414,4.837384223937988,0.0,8.22721592063484e-22,1.5362221425897746,6.571487122225715,2051574348220727296,2051575447732355072,2051576547243982848,1.595790479654882e-171,1.596043178068129e-171,1.596295876481376e-171,0.0,8.22812064942982e-22,0,477671168,0.18947671807330588,0.01686212053065421,beta,0.11627115727810959,0.11607412705528564,0.5559925197986372,0.16614075898490996,0.16754366679054478,3.968074657564821e-25,True
1,CG,1009410,199,742,941,74,15.053153991699219,4.695553302764893,0.0,2.6146926136729264e-39,1.2697186104842901,4.972108001244355,8014013837344768,8014018132312064,8014022427279360,3.959455288315802e-308,3.959457410311593e-308,3.959459532307384e-308,0.0,2.6147024227621767e-39,0,1865915,0.20342099988782728,0.022375694059013684,beta,0.1432493058270511,0.10489361870212302,0.5065806493624627,0.09594529622694623,0.38952299856015116,6.402884063624698e-17,True
1,CG,1009419,241,1410,1651,92,13.259331703186035,3.234424352645874,-0.5,1.0212663207999267e-41,1.0782775115728667,6.403361328555628,31304942878720,31304959655936,31304976433152,1.54667216885363e-310,1.54667299775824e-310,1.54667382666284e-310,-8192.0,1.0212663207999267e-41,3338665984,7288,0.14412317068680472,0.014543378312028921,beta,0.17906456138568666,0.12527714927864816,0.6061537783761409,0.005479998813413822,0.11138209968667645,8.71440855140682e-30,True
1,CG,1009420,119,839,958,77,9.035727500915527,2.29211688041687,3.2938633196330313e+34,3.923635700109488e-44,0.6325609296332995,4.757950412904298,122285719552,122285785088,122285850624,6.0417270145e-313,6.0417302524e-313,6.0417334903e-313,3.4074448134134806e+34,3.923635700109488e-44,2027094016,28,0.11734711040150035,0.016207899576435036,beta,0.3370625216106542,0.1585072071461068,0.6295175883396692,5.041541202246252e-08,0.04175064982149391,6.258346488064232e-27,False
1,CG,1009456,1161,461,1622,95,68.2052001953125,51.33064270019531,8.233419775228988e-22,0.0,5.065991383256694,1.9902034527854684,477681664,477681920,477682176,2.360064793e-315,2.36006606e-315,2.36006732e-315,8.234324504023968e-22,0.0,477683456,0,0.7179494757401316,0.025135691247021124,normal,0.08648220970435705,0.09969569837293779,0.437726655690453,0.4761310622079226,0.30156292404807294,3.0945110068379965e-16,True
1,CG,1009457,680,315,995,75,50.758052825927734,36.90630340576172,2.614759875999214e-39,0.0,3.6117450823083024,1.72496241713214,1865956,1865957,1865958,9.21906e-318,9.219067e-318,9.21907e-318,2.6147696850884643e-39,0.0,1865963,0,0.6767740376790364,0.03452123040584834,beta,0.0798581816729228,0.06003802408605996,0.34194720558705394,0.7251827407926121,0.9497378886313578,4.829023209686524e-08,True
1,CG,1009463,670,938,1608,94,39.70820617675781,19.596471786499023,1.0212663207999267e-41,-1.5845632502852868e+29,2.973363617220009,4.06538748562575,17365880163140639864,17437937757178567800,17509995351216495736,-5.727780783704261e+250,-3.753758414408425e+255,-2.460063114466705e+260,1.0212663207999267e-41,-2.596148429267414e+33,7288,4160749568,0.4224277252846576,0.030350801893731533,normal,0.03904550627322034,0.06079221341582025,0.2736463588440803,0.9987915603155624,0.8779963233019449,1.538456672639405e-06,True
1,CG,1009464,428,575,1003,76,31.598543167114258,15.40622615814209,3.923635700109488e-44,4.0889337760961768e+34,2.923218114984866,4.107630603701143,8718124453659148316,8718405928635858972,8718687403612569628,6.924462078501435e+274,7.357240958407772e+274,7.790019838314109e+274,3.923635700109488e-44,4.25119305292539e+34,28,2030305280,0.41577030483045074,0.0302465364447045,beta,0.05368725588470602,0.0525400018332437,0.2836649512658793,0.9808170456236671,0.9847132876172938,9.755736225873379e-06,True
1,CG,1009477,466,1153,1619,93,26.452608108520508,9.666173934936523,0.0,8.239752876793847e-22,2.2019620156247277,5.53952293032048,2051681000848621568,2051682100360249344,2051683199871877120,1.620302225739842e-171,1.6205549241530891e-171,1.6208076225663361e-171,0.0,8.240657605588827e-22,0,477696000,0.2844366463281775,0.023283508672993426,beta,0.07636210222489759,0.0430215655944417,0.4107880652803031,0.6500756432393344,0.9953392911792371,4.675926155293272e-14,True
1,CG,1009478,271,703,974,73,19.77876091003418,7.394150733947754,0.0,2.614828539623966e-39,1.6223963365405327,4.365589114427449,8014430449172480,8014434744139776,8014439039107072,3.959661121907526e-308,3.959663243903317e-308,3.959665365899108e-308,0.0,2.6148383487132162e-39,0,1866012,0.2709419302744408,0.028267431590922747,normal,0.10849082678359007,0.1499657204427874,0.42966255735504405,0.3566163750027628,0.07498971795253603,3.93976458028721e-12,True
1,CG,1009497,940,717,1657,94,53.425880432128906,32.776912689208984,1.0842021724855044e-19,1.0214064506463592e-41,4.808372255763403,3.6517034301385722,31306570268672,31306587045888,31306603823104,1.5467525726004e-310,1.546753401505e-310,1.5467542304096e-310,1.7763568394002505e-15,1.0214064506463592e-41,671088640,7289,0.5683604301290309,0.025932863513785206,beta,0.06748232536157628,0.058974170032942475,0.28782214914226284,0.7853768083715431,0.8993064660516384,3.4453448415044913e-07,True
1,CG,1009498,576,370,946,71,42.47020721435547,28.02519989013672,5.58171912292494e+34,3.923635700109488e-44,3.2421775527841836,2.177965680467298,122292076544,122292142080,122292207616,6.0420410916e-313,6.04204432953e-313,6.04204756744e-313,5.808882110485838e+34,3.923635700109488e-44,2033451008,28,0.5981719325965559,0.0374387708992788,beta,0.07804520549405897,0.07247542310642482,0.27611864817505505,0.7801155433001683,0.8498209571100139,3.974021395508182e-05,True
1,CG,1009508,1038,682,1720,93,56.781803131103516,36.95765686035156,8.245956731387995e-22,0.0,5.2240828199777525,3.332174210750482,477706496,477706752,477707008,2.36018748e-315,2.360188744e-315,2.36019001e-315,8.2468614601829745e-22,0.0,477708288,0,0.6105570229150916,0.0248818280964584,beta,0.1006095955224306,0.07838041205552254,0.30322581125843795,0.30327098129353686,0.6172884438675991,7.477450550779335e-08,True
1,CG,1009509,527,285,812,62,40.60843276977539,29.3026180267334,2.6148958019502535e-39,0.0,2.682693183398703,1.41317966925952,1866053,1866054,1866055,9.21954e-318,9.219547e-318,9.21955e-318,2.6149056110395038e-39,0.0,1866060,0,0.6549747220931514,0.044346246864120295,beta,0.1323552802336097,0.08444494096211741,0.3240065236841912,0.22751147989846757,0.7685522088456263,4.442021395844498e-06,True
1,CG,1009541,1678,220,1898,96,84.83209228515625,75.9755859375,1.0214064506463592e-41,34359738368.0,7.642041745120687,1.0060534246356783,5908722711110098041,5980780305148025977,6052837899185953913,2.7996809277267865e+101,1.834798892795027e+106,1.2024538023821488e+111,1.0214064506463592e-41,562949953421312.0,7289,1493172224,0.8836676279703776,0.010654864969597916,beta,0.1791171339137425,0.07291496799220465,0.6576230414358802,0.004224819335696626,0.6871191447225892,1.7373172618488992e-36,True
1,CG,1009542,845,91,936,74,66.58954620361328,60.55168533325195,3.923635700109488e-44,7.171860035851231e+34,8.488702629929191,0.9446698801341783,8745427526400081948,8745709001376792604,8745990476353503260,4.708634213380974e+276,4.985612696521029e+276,5.262591179661085e+276,3.923635700109488e-44,7.399023023412129e+34,28,2036662272,0.8998587324812606,0.008636995752961221,beta,0.2630791353500129,0.1599135830453613,0.6860196325359634,7.119939227803393e-05,0.045430438873543026,1.125812963736316e-30,False
1,CG,1009553,1665,210,1875,96,84.96163940429688,76.04155731201172,0.0,8.252289832952854e-22,9.19181802917084,1.1942166211418654,2051787653476515840,2051788752988143616,2051789852499771392,1.6448139718248023e-171,1.6450666702380493e-171,1.6453193686512963e-171,0.0,8.253194561747834e-22,0,477720832,0.8850170771280924,0.008937426720104506,beta,0.17452257213551603,0.0868257719062594,0.6773067488565819,0.005771556629984185,0.46423310757336544,1.1190160376707301e-38,True
1,CG,1009554,719,94,813,68,60.191410064697266,54.248172760009766,0.0,2.6149644655750055e-39,5.33800142833965,0.6924952278599568,8014847061000192,8014851355967488,8014855650934784,3.9598669554992495e-308,3.9598690774950405e-308,3.9598711994908314e-308,0.0,2.6149742746642557e-39,0,1866109,0.8851677950690774,0.014457836282731507,beta,0.2992449424854777,0.14137884441645687,0.6238890406257138,1.027992430319629e-05,0.13192719143906756,2.0468449476553412e-23,True
1,CG,1009573,1551,404,1955,96,76.1560287475586,61.662071228027344,-2.350988701644575e-38,1.0214064506463592e-41,9.108089523170493,2.373294270130285,31308197658624,31308214435840,31308231213056,1.54683297634716e-310,1.54683380525177e-310,1.5468346341564e-310,-3.851859888774472e-34,1.0214064506463592e-41,2298478592,7289,0.793291966120402,0.013137952115312969,beta,0.09293041871423202,0.09093136212809322,0.558333354029346,0.37835893198273407,0.4053583888240102,2.0279426938243164e-26,True
1,CG,1009574,622,151,773,66,53.006690979003906,44.18794250488281,9.151423213167634e+34,3.923635700109488e-44,4.302657880960865,1.0546925760955945,122298433536,122298499072,122298564608,6.04235516876e-313,6.04235840667e-313,6.0423616446e-313,9.605749188289431e+34,3.923635700109488e-44,2039808000,28,0.8031316815000592,0.024870609971713645,beta,0.17846030892282438,0.11432502519152488,0.49594663915561776,0.029872918123547115,0.35423759914065506,1.5875840401001003e-14,True
1,CG,1009612,1926,82,2008,95,91.0684585571289,87.53665161132812,8.258493687547001e-22,0.0,14.12322376104698,0.6097175729472285,477731328,477731584,477731840,2.360310165e-315,2.36031143e-315,2.360312695e-315,8.259398416341981e-22,0.0,477733120,0,0.9586153532329359,0.0025215855660320886,beta,0.3321742551621756,0.09964288392076204,0.8176597509684189,1.5712370152440858e-09,0.3021604272530192,1.3600321076323408e-55,True
1,CG,1009613,681,37,718,59,55.941253662109375,53.31069564819336,2.615031727901293e-39,0.0,9.078094178405774,0.49637048699236863,1866150,1866151,1866152,9.22002e-318,9.220026e-318,9.22003e-318,2.6150415369905433e-39,0.0,1866157,0,0.9481568417306674,0.004648504370234498,beta,0.43708452055051306,0.12106445221834694,0.7722882413261563,3.24118334844614e-10,0.3527741688473051,5.44472906078621e-31,True
1,CG,1009659,1363,770,2133,95,60.456600189208984,40.23106384277344,1.0214064506463592e-41,-7.450580596923828e-09,7.24033255137604,4.136946194501837,12898309332789107833,12970366926827035769,13042424520864963705,-1.368455531569419e-48,-8.968310171693344e-44,-5.87747175412095e-39,1.0214064506463592e-41,-0.0001220703125,7289,3120562176,0.6363852651495683,0.018695471290662093,beta,0.06540881332905935,0.04645014232033329,0.3551567238733316,0.8110523809959549,0.9865322031285301,7.812198998523157e-11,True
1,CG,1009660,670,362,1032,78,50.13480758666992,35.07601547241211,3.923635700109488e-44,1.2331705039020216e+35,3.3424300021174016,1.8577403528691805,8772730599141015580,8773012074117726236,8773293549094436892,3.190792125773459e+278,3.3680583549830945e+278,3.54532458419273e+278,3.923635700109488e-44,1.2786031014142013e+35,28,2043019264,0.6427539434188452,0.037034677838116606,beta,0.07536031008720323,0.07252826747424715,0.333884082659871,0.767524598900054,0.8064867592715862,5.602255825143612e-08,True
1,CG,1009673,947,1331,2278,95,39.44532775878906,18.360179901123047,0.0,8.264826789111861e-22,4.3664690104929855,6.149720854462722,2051894306104410112,2051895405616037888,2051896505127665664,1.6693257179097625e-171,1.6695784163230095e-171,1.6698311147362565e-171,0.0,8.26573151790684e-22,0,477745664,0.41521397640830593,0.021084345868801164,normal,0.05419008458004693,0.05430361714762316,0.29819534864152786,0.9430183058004523,0.9420773108732983,9.197570689878869e-08,True
1,CG,1009674,318,441,759,63,26.63619613647461,13.496522903442383,0.0,2.615100391526045e-39,2.439668091698776,3.3306411893082486,8015263672827904,8015267967795200,8015272262762496,3.960072789090973e-308,3.960074911086764e-308,3.960077033082555e-308,0.0,2.6151102006152952e-39,0,1866206,0.42279676407102557,0.03604557048031879,beta,0.08065375221872934,0.058077863072229834,0.2569661074469163,0.8070665782415529,0.9836294187752733,0.0004872018974942952,True
1,CG,1009815,1663,82,1745,93,88.45474243164062,84.44837951660156,-5.902958103587057e+20,1.0214064506463592e-41,11.890553261086405,0.610997508061263,31309825048576,31309841825792,31309858603008,1.54691338009393e-310,1.54691420899854e-310,1.54691503790314e-310,-9.671406556917033e+24,1.0214064506463592e-41,3925868544,7289,0.9511262627058131,0.003442944880325048,beta,0.34852539575994945,0.09278237731318462,0.791772919304166,3.0820258782184437e-10,0.4000050420625158,4.5757780734939274e-51,True
1,CG,1009816,2096,66,2162,96,93.2626724243164,90.80218505859375,1.5447083154141112e+35,3.923635700109488e-44,11.889109680877118,0.34895405561321186,122304790528,122304856064,122304921600,6.0426692459e-313,6.0426724838e-313,6.0426757217e-313,1.590140912926291e+35,3.923635700109488e-44,2046164992,28,0.9714861710866293,0.0020925107346109347,beta,0.3972159051147091,0.21300598718030628,0.8296696231368723,1.3950107711134643e-13,0.00032941555148672326,8.000942373639589e-58,False
1,CG,1009847,1357,57,1414,90,86.45626831054688,83.43631744384766,8.271030643706008e-22,0.0,7.455373793752183,0.3055862216344931,477756160,477756416,477756672,2.36043285e-315,2.360434117e-315,2.36043538e-315,8.271935372500988e-22,0.0,477757952,0,0.9606252034505208,0.004317383241075877,beta,0.4847040131865821,0.18885230864391178,0.7708754236526807,8.614333273172341e-19,0.0032581757367451383,7.027571294177261e-47,False
1,CG,1009848,1946,67,2013,96,92.66438293457031,89.63687133789062,2.6151676538523326e-39,0.0,15.03565464006478,0.5412347724013878,1866247,1866248,1866249,9.2205e-318,9.220505e-318,9.22051e-318,2.6151774629415828e-39,0.0,1866254,0,0.965253988901774,0.0020232219071067746,beta,0.34943446117519583,0.11550053307202612,0.8294114301624064,1.3164584261666115e-10,0.15432960487390576,8.686803554399286e-58,True
1,CG,1009877,1087,129,1216,88,78.56400299072266,70.88484191894531,1.0215465804927916e-41,1.6155871338926322e-27,9.087137319699075,1.0914184271096579,1441151880758566010,1513209474796493946,1585267068834421882,6.68887130435776e-198,4.383618698023902e-193,2.8728483499369443e-188,1.0215465804927916e-41,2.6469779601696886e-23,7290,452984832,0.892772761258212,0.008563678545050739,beta,0.22852042298921382,0.15795064483628574,0.6859393665039883,0.00020390597959076465,0.02477861705918424,2.1726664083305074e-36,False
1,CG,1009878,1764,187,1951,96,86.78919982910156,79.03976440429688,3.923635700109488e-44,2.063938001267594e+35,11.993022352980779,1.2728004470134964,8800033671881949212,8800315146858659868,8800596621835370524,2.1555573471891805e+280,2.2690077338833473e+280,2.382458120577514e+280,3.923635700109488e-44,2.1548031962919535e+35,28,2049376256,0.9040541648864746,0.006080282438243127,beta,0.16709490846686303,0.11315022781163386,0.7288652081939416,0.009394518080894474,0.1710753692880877,1.0079805389878895e-44,True
1,CG,1009933,1216,30,1246,90,87.98353576660156,86.20035552978516,0.0,8.277363745270867e-22,9.153490023851232,0.20978567277438243,2052000958732304384,2052002058243932160,2052003157755559936,1.6938374639947227e-171,1.6940901624079697e-171,1.6943428608212167e-171,0.0,8.278268474065847e-22,0,477770496,0.9775948418511284,0.0021135370396763165,beta,0.5289313593239707,0.31430583406906226,0.825342092105592,2.695841252450837e-22,3.7884600040703265e-08,1.1230348284374365e-53,False
1,CG,1009934,1948,54,2002,96,93.5362777709961,91.28099822998047,0.0,2.6152363174770845e-39,14.9643488867298,0.39415721764201,8015680284655616,8015684579622912,8015688874590208,3.960278622682697e-308,3.9602807446784877e-308,3.9602828666742787e-308,0.0,2.6152461265663347e-39,0,1866303,0.9743362267812093,0.001528571362410808,beta,0.3975248302322602,0.18109915933358844,0.8626870714094076,1.330777269188457e-13,0.0036836223236165525,1.7532271514150658e-62,False
1,CG,1009941,1218,49,1267,91,87.78170776367188,84.99974822998047,128.0,1.0215465804927916e-41,8.218731016916509,0.3013187929246219,31311452438528,31311469215744,31311485992960,1.5469937838407e-310,1.5469946127453e-310,1.5469954416499e-310,2097152.0,1.0215465804927916e-41,1258291200,7290,0.9646341512491415,0.0035835007352297845,beta,0.5274483513081467,0.18727186923465966,0.797973690396753,2.0488902523400285e-22,0.00338050601714458,9.339950947479444e-51,False
1,CG,1009942,1957,85,2042,96,91.76449584960938,88.04723358154297,2.6870136242917733e+35,3.923635700109488e-44,10.601207118318346,0.48931186656739123,122311147520,122311213056,122311278592,6.04298332303e-313,6.04298656094e-313,6.04298979885e-313,2.7778788193161328e+35,3.923635700109488e-44,2052521984,28,0.9558801651000977,0.003488127773590876,beta,0.35261813334838976,0.09695619088199459,0.7889845688362048,8.571047844192392e-11,0.32751890508321607,2.4798925752646275e-52,True
1,CG,1009945,1270,42,1312,92,88.93865203857422,86.28054809570312,8.283567599865015e-22,0.0,8.423217908008894,0.2899346952115281,477780992,477781248,477781504,2.36055554e-315,2.360556803e-315,2.36055807e-315,8.284472328659995e-22,0.0,477782784,0,0.9667244786801545,0.0033118249362284803,beta,0.48846811500971205,0.2162567077835026,0.8080154955064343,1.7154263688900018e-19,0.00036633068075714363,1.3444546635225776e-52,False
1,CG,1009946,1972,75,2047,96,92.48707580566406,89.35218048095703,2.615303579803372e-39,0.0,11.969734989199395,0.4546448385037256,1866344,1866345,1866346,9.22098e-318,9.220984e-318,9.22099e-318,2.6153133888926223e-39,0.0,1866351,0,0.963407039642334,0.002626111303643005,beta,0.3871830131599877,0.11493817522707062,0.8301081854687457,6.321153700144872e-13,0.1582120185079975,6.957355563880804e-58,True
1,CG,1010036,1153,148,1301,85,75.18328857421875,67.45315551757812,1.0215465804927916e-41,4.056481920730334e+31,7.080962825954783,0.9245640886067739,8430738502437575802,8502796096475503738,8574853690513431674,1.0565890622730408e+270,6.9244620785126e+274,4.538015467774018e+279,1.0215465804927916e-41,6.64613997892458e+35,7290,2080374784,0.88450927734375,0.011343324672253291,beta,0.21829166914591447,0.12461843092871183,0.6456412209854,0.0006066455962537499,0.14266239851990828,3.347940575904688e-31,True
1,CG,1010037,1585,257,1842,95,81.53838348388672,71.01124572753906,3.923635700109488e-44,3.32306998946229e+35,8.696656196548451,1.4357784112012797,8827336744622882844,8827618219599593500,8827899694576304156,1.4521649496853422e+282,1.524773197169609e+282,1.5973814446538757e+282,3.923635700109488e-44,3.504800379511009e+35,28,2055733248,0.858298773514597,0.010925012648470405,beta,0.1348399326141997,0.07933999366748479,0.6187819210738039,0.06320146543582561,0.5881101261846303,5.086386440262793e-32,True
1,CG,1010094,52,1142,1194,84,3.4105396270751953,0.9967321157455444,0.0,8.289900701429874e-22,0.11234730523569347,2.6547144127632754,2052107611360198656,2052108710871826432,2052109810383454208,1.7183492100796828e-171,1.7186019084929298e-171,1.7188546069061769e-171,0.0,8.290805430224854e-22,0,477795328,0.04060166222708566,0.01034046431078249,beta,0.5423923002681005,0.42981733202457284,0.8096006591531318,6.863371442214078e-22,6.636102019218112e-14,3.007440719175147e-48,False
1,CG,1010095,36,1636,1672,94,2.252279281616211,0.8115332722663879,0.0,2.615372243428124e-39,0.04482837596308128,1.8261062700750488,8016096896483328,8016101191450624,8016105486417920,3.9604844562744204e-308,3.9604865782702114e-308,3.9604887002660023e-308,0.0,2.6153820525173743e-39,0,1866400,0.02396041788953416,0.00814588945671961,beta,0.6344437396616662,0.586474640754931,0.8617540807207961,2.7316608542606268e-33,1.65278044132414e-28,4.6564803500567515e-61,False
1,CG,1010097,1084,55,1139,81,76.78984069824219,73.37841033935547,-2.7755575615628914e-17,1.0215465804927916e-41,5.496498070567069,0.3013566933916239,31313079828480,31313096605696,31313113382912,1.54707418758747e-310,1.54707501649207e-310,1.5470758453967e-310,-4.547473508864641e-13,1.0215465804927916e-41,2885681152,7290,0.9480227246696566,0.0072487041707377745,beta,0.49287353507835946,0.1684213788178477,0.7301917420953132,1.6215032732118432e-17,0.02019930449337149,6.148596952678307e-38,False
1,CG,1010098,1609,85,1694,94,89.1630630493164,84.95936584472656,4.569221235510648e+35,3.923635700109488e-44,10.254003648366023,0.5562613872046234,122317504512,122317570048,122317635584,6.04329740017e-313,6.0433006381e-313,6.043303876e-313,4.750951625559367e+35,3.923635700109488e-44,2058878976,28,0.9485432239288979,0.004132758758627826,beta,0.3421899434960991,0.11476818259368221,0.8095332337890627,5.503224062554655e-10,0.16800976496989,6.221801902607978e-54,True
1,CG,1010119,1057,35,1092,77,74.54332733154297,72.43612670898438,8.296104556024022e-22,0.0,7.4147043695126555,0.2443612623871,477805824,477806080,477806336,2.360678225e-315,2.36067949e-315,2.360680754e-315,8.297009284819002e-22,0.0,477807616,0,0.9680951601499087,0.0035670039190423466,beta,0.5272049183903992,0.2540910153946384,0.8092006014064895,5.14862633121036e-19,9.616564241876377e-05,3.2117848849596104e-44,False
1,CG,1010120,1678,57,1735,93,90.00526428222656,87.32039642333984,2.6154395057544116e-39,0.0,12.033051271592079,0.40037445280799927,1866441,1866442,1866443,9.22146e-318,9.221464e-318,9.22147e-318,2.615449314843662e-39,0.0,1866448,0,0.9677985406691029,0.002319923896348449,beta,0.43985249294772294,0.14170488184918972,0.8277072607720748,4.706989707275135e-16,0.04774899273799985,9.110620443827145e-56,False
1,CG,1010121,1081,26,1107,78,76.23369598388672,74.7210693359375,1.0215465804927916e-41,-8796093022208.0,6.8174160255901635,0.15795678210407343,15420325124116585594,15492382718154513530,15564440312192441466,-5.164499756182177e+120,-3.3846065602115515e+125,-2.2181357553002424e+130,1.0215465804927916e-41,-1.4411518807585587e+17,7290,3707764736,0.9773550767164964,0.0027750590808289137,beta,0.5655118159320437,0.3747790643246952,0.8372384502935777,4.3087827897717355e-22,6.094215056095322e-10,6.463615982947953e-48,False
1,CG,1010122,1711,45,1756,95,92.4429702758789,90.20894622802734,3.923635700109488e-44,5.841333965851681e+35,8.452288837518092,0.2337955361007055,8854639817363816476,8854921292340527132,8855202767317237788,9.758548461885498e+283,1.0223241245784805e+284,1.0687934029684112e+284,3.923635700109488e-44,6.0230643559004e+35,28,2062090240,0.9730838976408306,0.002704046834889869,beta,0.5106841199770482,0.28488253039150846,0.8083690824199535,6.039660797707836e-22,4.0197196777124005e-07,2.399434906170848e-54,False
1,CG,1010183,993,155,1148,84,72.77027130126953,64.37899780273438,0.0,8.302437657588881e-22,5.361369053691538,0.8273532426101445,2052214263988092928,2052215363499720704,2052216463011348480,1.742860956164643e-171,1.74311365457789e-171,1.743366352991137e-171,0.0,8.303342386383861e-22,0,477820160,0.866312753586542,0.01611064689749215,beta,0.2764208716718195,0.16918041208685164,0.5978710557116865,5.322962582836357e-06,0.016320205283304832,1.6632829384206212e-26,False
1,CG,1010184,1650,171,1821,93,84.48719024658203,77.4121322631836,0.0,2.6155081693791635e-39,9.645612246631577,0.971878242975833,8016513508311040,8016517803278336,8016522098245632,3.960690289866144e-308,3.960692411861935e-308,3.960694533857726e-308,0.0,2.6155179784684138e-39,0,1866497,0.9084644112535702,0.007157899101674612,beta,0.21064023807529964,0.09767636756466014,0.7043120881387458,0.0005211125773470957,0.33746148401787046,1.6993140092038668e-40,True
1,CG,1010305,1002,69,1071,82,77.13851928710938,73.3261489868164,6.018531076210112e-36,1.0216867103392241e-41,4.644402354530322,0.2927029540898394,31314707218432,31314723995648,31314740772864,1.54715459133423e-310,1.54715542023884e-310,1.54715624914344e-310,9.860761315262648e-32,1.0216867103392241e-41,218103808,7291,0.9407136498427973,0.009393715614453553,beta,0.5124294118540522,0.1587194621942397,0.7268292791959545,3.9689596109436653e-19,0.03211849454966175,4.727182383916642e-38,False
1,CG,1010306,1573,83,1656,93,88.23186492919922,84.24284362792969,7.5288304448755e+35,3.923635700109488e-44,6.992151785853916,0.3778626256766229,122323861504,122323927040,122323992576,6.0436114773e-313,6.0436147152e-313,6.0436179531e-313,7.892291224972938e+35,3.923635700109488e-44,2065235968,28,0.948729730421497,0.005811415207223764,beta,0.4083105246464795,0.1307915395980085,0.7861233350151597,6.820183369920854e-14,0.08301618061805338,2.401949811954633e-50,True
1,CG,1010310,870,189,1059,83,68.51102447509766,58.0289306640625,8.308641512183029e-22,0.0,5.775135339131543,1.221347881202535,477830656,477830912,477831168,2.36080091e-315,2.360802176e-315,2.36080344e-315,8.309546240978009e-22,0.0,477832448,0,0.8254340298204537,0.018019507859206158,beta,0.16227209152933086,0.13341651623656325,0.5529985868090644,0.025273337371808317,0.10416400475781759,1.7967593519895293e-22,True
1,CG,1010311,1372,276,1648,94,78.53176879882812,66.91534423828125,2.615575431705451e-39,0.0,7.340678111773745,1.4458773556618592,1866538,1866539,1866540,9.22194e-318,9.221943e-318,9.22195e-318,2.6155852407947014e-39,0.0,1866545,0,0.8354443489237035,0.01404754606792988,beta,0.12146721639870306,0.07571136800493727,0.5737915751421361,0.12481762390155694,0.6540574037576803,2.6285480224823482e-27,True
1,CG,1010323,962,55,1017,78,73.7198486328125,70.0918197631836,1.0216867103392241e-41,1.9073486328125e-06,8.100398725682393,0.47030661787145084,3963167672086043771,4035225266123971707,4107282860161899643,2.5243548967113245e-29,1.6543612251087336e-24,1.0842021724872597e-19,1.0216867103392241e-41,0.03125,7291,1040187392,0.9451262645232372,0.005418890956299272,beta,0.43705427079076226,0.1087856951785669,0.7377765087139895,2.289170290415661e-13,0.3144444558842398,2.6532466444052583e-37,True
1,CG,1010324,1621,50,1671,94,90.95631408691406,88.3579330444336,3.923635700109488e-44,1.0073055905557566e+36,7.16343042208609,0.2397110358302386,8881942890104750108,8882224365081460764,8882505840058171420,6.542874397302275e+285,6.840277778997832e+285,7.137681160693388e+285,3.923635700109488e-44,1.0436516685655004e+36,28,2068447232,0.9676203626267453,0.003728509940447936,beta,0.5201447722381566,0.262472154412535,0.809850283698649,1.6266284191979776e-22,4.7447130319050005e-06,5.649322265549595e-54,False
1,CG,1010338,994,83,1077,82,75.43621063232422,70.29923248291016,0.0,8.314974613747888e-22,5.167532376845915,0.44963279289810404,2052320916615987200,2052322016127614976,2052323115639242752,1.7673727022496032e-171,1.7676254006628502e-171,1.7678780990760972e-171,0.0,8.315879342542868e-22,0,477844992,0.9199537881990758,0.01112845363358135,beta,0.4227680226903804,0.11528495468856137,0.698500082781973,3.72316466831419e-13,0.22583252338877455,3.5524498687136384e-35,True
1,CG,1010339,1354,142,1496,92,83.15036010742188,75.96896362304688,0.0,2.615644095330203e-39,7.848442109716571,0.8353046974060937,8016930120138752,8016934415106048,8016938710073344,3.9608961234578677e-308,3.9608982454536586e-308,3.9609003674494496e-308,0.0,2.6156539044194533e-39,0,1866594,0.9038082620371943,0.008977815017484207,beta,0.2606717603585391,0.12475888530884105,0.7053976468934468,7.432785408461949e-06,0.11406829999132712,3.4582279187002954e-40,True
1,CG,1010345,1055,46,1101,82,78.42784118652344,75.41659545898438,1.5111572745182865e+23,1.0216867103392241e-41,7.007700117414555,0.31918024719166455,31316334608384,31316351385600,31316368162816,1.547234995081e-310,1.5472358239856e-310,1.5472366528902e-310,2.4758800785707605e+27,1.0216867103392241e-41,1845493760,7291,0.9564370876405297,0.005003696847060654,beta,0.5113093212844968,0.159723646344893,0.7624338167310546,4.790139499803991e-19,0.030477522224756803,7.906204282940487e-42,False
1,CG,1010346,1388,38,1426,91,88.62934112548828,86.5528335571289,1.2565358397654283e+36,3.923635700109488e-44,8.59622355806586,0.2299319097539246,122330218496,122330284032,122330349568,6.04392555444e-313,6.04392879235e-313,6.04393203026e-313,1.2928819177751721e+36,3.923635700109488e-44,2071592960,28,0.9739488035767943,0.0025821422906669037,beta,0.5268234217765575,0.2818505780877526,0.8248984865566813,2.3099091601251644e-22,1.0519268056065721e-06,3.28535533080894e-54,False
1,CG,1010353,1040,47,1087,81,77.64918518066406,74.75732421875,8.321178468342036e-22,0.0,8.535427982035847,0.3683314706398541,477855488,477855744,477856000,2.360923597e-315,2.36092486e-315,2.360926127e-315,8.322083197137015e-22,0.0,477857280,0,0.9586319158106674,0.004004213348409102,beta,0.4581891409787373,0.13919230922756676,0.7753086419753087,3.394249824915756e-15,0.08667384936166075,1.023221162991393e-42,True
1,CG,1010354,1349,37,1386,91,88.47570037841797,86.27218627929688,2.6157113576564906e-39,0.0,8.43892950835248,0.24077104191749285,1866635,1866636,1866637,9.222417e-318,9.22242e-318,9.222427e-318,2.615721166745741e-39,0.0,1866642,0,0.9722604437188788,0.0027862507893072716,beta,0.5041858317086109,0.27238886985131305,0.8339037959994823,1.615813933684057e-20,2.732019256789306e-06,2.166989411828178e-55,False
1,CG,1010414,1176,99,1275,86,79.35773468017578,74.03955078125,1.0216867103392241e-41,-4.1359030627651384e-25,5.96953886284817,0.49965212746860965,10952754293765053563,11024811887802981499,11096869481840909435,-1.2338789709346742e-178,-8.086349223917481e-174,-5.29946982738656e-169,1.0216867103392241e-41,-6.776263578034403e-21,7291,2667577344,0.92276435674623,0.009541903367760002,beta,0.36133741162047706,0.09139122900955415,0.7186046632916211,3.5320039610197273e-10,0.469083288905927,5.335741833205157e-39,True
1,CG,1010415,1257,169,1426,87,76.59062194824219,68.29166412353516,3.923635700109488e-44,1.6926887758823538e+36,8.339443516248359,1.1334079564019253,8909245962845683740,8909527437822394396,8909808912799105052,4.377777778558612e+287,4.5681159428437685e+287,4.758454107128925e+287,3.923635700109488e-44,1.7653809319018414e+36,28,2074804224,0.8803519764165769,0.01005765949331735,beta,0.2157451779342524,0.15827381758775294,0.6510470761482758,0.0006076851515346855,0.02558728973374109,1.8660628126551316e-32,False
1,CG,1010707,1238,99,1337,87,80.55304718017578,75.40390014648438,0.0,8.327511569906895e-22,5.7361753030842255,0.4590869351287053,2052427569243881472,2052428668755509248,2052429768267137024,1.7918844483345634e-171,1.7921371467478104e-171,1.7923898451610574e-171,0.0,8.328416298701875e-22,0,477869824,0.925897094025009,0.009535672645350808,beta,0.4109418334447905,0.10487568592903496,0.6995126239883033,3.46536597251681e-13,0.2940874276275789,2.1116699640967e-37,True
1,CG,1010708,1656,142,1798,93,85.65496826171875,79.46954345703125,0.0,2.6157800212812425e-39,9.715036419928223,0.8330777804376615,8017346731966464,8017351026933760,8017355321901056,3.9611019570495913e-308,3.9611040790453822e-308,3.961106201041173e-308,0.0,2.6157898303704928e-39,0,1866691,0.9210211641045027,0.00629896605748709,beta,0.2300275903822333,0.07374868715856875,0.7169575014483744,0.00010636716863506984,0.6925076877736975,6.004457644018785e-42,True
1,CG,1010719,1087,170,1257,83,72.22600555419922,63.915565490722656,-32768.0,1.0216867103392241e-41,6.697939428699544,0.9991354450436358,31317961998336,31317978775552,31317995552768,1.54731539882777e-310,1.54731622773237e-310,1.547317056637e-310,-536870912.0,1.0216867103392241e-41,3472883712,7291,0.8701928380024002,0.012987960243133149,beta,0.20767959684198378,0.1359137052845093,0.6355364293934491,0.0015545516534379604,0.09316391693800247,1.5213940688355212e-29,True
1,CG,1010720,1598,325,1923,96,79.56632232666016,66.97642517089844,2.1911492743016973e+36,3.923635700109488e-44,10.010827646640356,2.0676425650645314,122336575488,122336641024,122336706560,6.04423963157e-313,6.0442428695e-313,6.0442461074e-313,2.2638414303211848e+36,3.923635700109488e-44,2077949952,28,0.8288158575693766,0.010848373664064812,beta,0.09697924400143162,0.06948522362542364,0.5971602891795423,0.3272416458623709,0.7428924258614289,3.68187106139934e-30,True
1,CG,1010729,1136,76,1212,81,76.07588958740234,72.10466766357422,8.333715424501042e-22,0.0,5.624988841252789,0.3640846827316637,477880320,477880576,477880832,2.361046284e-315,2.36104755e-315,2.361048813e-315,8.334620153296022e-22,0.0,477882112,0,0.9392085134247203,0.008169306209086357,beta,0.4445309829945731,0.11550770065469596,0.7612667951758616,2.501462893291368e-14,0.2299737787638474,3.372790274693428e-41,True
1,CG,1010730,1701,106,1807,96,90.12196350097656,85.17693328857422,2.61584728360753e-39,0.0,8.00612996902955,0.5221848520130297,1866732,1866733,1866734,9.222896e-318,9.2229e-318,9.222906e-318,2.6158570926967804e-39,0.0,1866739,0,0.9387704531351725,0.006032597635062811,beta,0.34377748527390783,0.06707896200959457,0.7295094215878035,2.795105660523981e-10,0.7807189606623546,8.41612154226956e-45,True
1,CG,1010778,699,44,743,61,57.50187301635742,54.58501434326172,1.0216867103392241e-41,-1.0384593717069655e+34,7.089278702139701,0.431276336258872,17942340915444063355,18014398509481991291,18086456103519919227,-1.949062802283155e+289,-1.2773377981042886e+294,-8.371160993656266e+298,1.0216867103392241e-41,-1.7014118346046923e+38,7291,0,0.9426536560058594,0.006344391953462036,beta,0.466078621076989,0.13175757129934537,0.7583119827696267,6.1854268143045595e-12,0.24014281431955575,6.8125285548011894e-31,True
1,CG,1010779,1685,75,1760,94,90.21514892578125,86.86878967285156,3.923635700109488e-44,2.741532741306389e+36,11.095995935216742,0.46551707373982176,8936549035586617372,8936830510563328028,8937111985540038684,2.923594203420012e+289,3.045410628562512e+289,3.167227053705012e+289,3.923635700109488e-44,2.886917053345364e+36,28,2081161216,0.9597356268700133,0.0030763136064009696,beta,0.38200350077914563,0.10751033109076913,0.8177445189591183,2.4350163480109685e-12,0.22733702763582858,5.045924143697949e-55,True
1,CG,1010810,676,20,696,59,57.14381408691406,55.57838439941406,0.0,8.340048526065902e-22,6.398145079870013,0.20782908801067357,2052534221871775744,2052535321383403520,2052536420895031296,1.8163961944195236e-171,1.8166488928327706e-171,1.8169015912460176e-171,0.0,8.340953254860881e-22,0,477894656,0.9685392218121027,0.004006192625842112,beta,0.5940445610074763,0.277627423787954,0.7796016836844002,1.6467174462667712e-18,0.00022443212853839645,1.4267347037833825e-31,False
1,CG,1010811,1752,47,1799,95,92.47754669189453,90.24036407470703,0.0,2.615915947232282e-39,9.861096741462637,0.26897508624361716,8017763343794176,8017767638761472,8017771933728768,3.961307790641315e-308,3.961309912637106e-308,3.961312034632897e-308,0.0,2.6159257563215323e-39,0,1866788,0.9734478599146793,0.0023222782693880346,beta,0.4460888417526747,0.27011778776861917,0.8283594590840708,7.598838157347154e-17,1.9070738991950376e-06,4.7894363149659697e-57,False
1,CG,1010816,728,32,760,63,60.314910888671875,58.050621032714844,7.105427357601002e-15,1.0218268401856566e-41,6.948437326634844,0.3093293703265212,31319589388288,31319606165504,31319622942720,1.54739580257453e-310,1.54739663147914e-310,1.54739746038375e-310,1.1641532182693481e-10,1.0218268401856566e-41,805306368,7292,0.9573795379154266,0.004941282527548952,beta,0.5295264580184635,0.16496905454877908,0.7685785720220755,9.064146450949694e-16,0.06483236791224181,9.474600216370044e-33,True
1,CG,1010817,1699,77,1776,95,91.3534927368164,88.12411499023438,3.738453738145076e+36,3.923635700109488e-44,11.076330966562834,0.442127827945862,122342932480,122342998016,122343063552,6.0445537087e-313,6.0445569466e-313,6.04456018453e-313,3.883838050184051e+36,3.923635700109488e-44,2084306944,28,0.9616157130191201,0.0029485205886558975,beta,0.41211139522963447,0.11816126186110881,0.8082555958875421,1.9358298307175683e-14,0.14085862948170805,2.4845501782346718e-54,True
1,CG,1010833,719,27,746,66,63.57042694091797,61.538875579833984,8.346252380660049e-22,0.0,6.23042397887439,0.23811811520159198,477905152,477905408,477905664,2.36116897e-315,2.361170235e-315,2.3611715e-315,8.347157109455029e-22,0.0,477906944,0,0.9631882869836056,0.004747460796842408,beta,0.5778198475661793,0.2350086641751108,0.7701850718677744,1.448692584147135e-19,0.001364331989533385,1.9750908787780286e-34,False
1,CG,1010834,1681,47,1728,94,91.60101318359375,89.43406677246094,2.6159832095585696e-39,0.0,12.220248973746461,0.3200424882032899,1866829,1866830,1866831,9.223376e-318,9.22338e-318,9.223385e-318,2.61599301864782e-39,0.0,1866836,0,0.9744788636552527,0.0018367261897063289,beta,0.4340997414158182,0.2263751772370164,0.8320551968085325,8.226022417260601e-16,0.00013090373622979393,5.960280718791322e-57,False
1,CG,1010904,1005,47,1052,81,77.12329864501953,73.89884948730469,1.0218268401856566e-41,2251799813685248.0,6.485243764028256,0.3259890814980148,6485183463413521532,6557241057451449468,6629298651489377404,9.526820527102804e+139,6.243497100642094e+144,4.0917382598768025e+149,1.0218268401856566e-41,3.6893488147419103e+19,7292,1627389952,0.9521394894446855,0.005833891139322311,beta,0.5187110787477858,0.14411783204731787,0.7393955342306775,2.3498518097920615e-19,0.06913971543621796,6.873224315456791e-39,True
1,CG,1010905,1548,90,1638,91,85.93761444091797,81.54328155517578,3.923635700109488e-44,4.756143922417902e+36,10.610641115714214,0.62504825978993,8963852108327551004,8964133583304261660,8964415058280972316,1.9490628022800076e+291,2.0270253143712076e+291,2.1049878264624076e+291,3.923635700109488e-44,4.901528234456877e+36,28,2087518208,0.944369389460637,0.004293656376694028,beta,0.3551330734067871,0.09630400487396451,0.7881914391630644,2.1495298459468207e-10,0.36745860244171175,1.5731676357751724e-49,True
1,CG,1010994,1464,40,1504,92,89.23065948486328,87.0407943725586,0.0,8.352585482224908e-22,4.2240898856910425,0.13109780122165116,2052640874499670016,2052641974011297792,2052643073522925568,1.8409079405044837e-171,1.8411606389177308e-171,1.8414133373309778e-171,0.0,8.353490211019888e-22,0,477919488,0.9698984726615574,0.005451802457210795,beta,0.5724851306036489,0.4035425997456055,0.8248802733734898,1.2921948958255845e-26,1.940554010141666e-13,8.471212591306892e-55,False
1,CG,1010995,1730,69,1799,94,90.22644805908203,87.14364624023438,0.0,2.6160518731833215e-39,5.418606608079094,0.22662305701758817,8018179955621888,8018184250589184,8018188545556480,3.9615136242330385e-308,3.9615157462288295e-308,3.9615178682246205e-308,0.0,2.6160616822725718e-39,0,1866885,0.9598558304157663,0.005798537774399915,beta,0.46913019830440544,0.2797411724848655,0.8075570114562948,2.1469494577749203e-18,8.160289104939405e-07,1.1345903717302307e-53,False
1,CG,1010999,1403,77,1480,92,87.46661376953125,83.56099700927734,-1.5407439555097887e-33,1.0218268401856566e-41,9.07216173982802,0.4702092757390877,31321216778240,31321233555456,31321250332672,1.5474762063213e-310,1.5474770352259e-310,1.5474778641305e-310,-2.524354896707238e-29,1.0218268401856566e-41,2432696320,7292,0.9507240627122961,0.00444376499583875,beta,0.43691528307726013,0.09776671079618271,0.7782608695652175,1.1132126247484298e-15,0.342765187341986,7.94752226675047e-49,True
1,CG,1011000,1767,70,1837,94,90.6173095703125,87.61917114257812,6.189217855373515e+36,3.923635700109488e-44,10.86972008520509,0.4057602049757974,122349289472,122349355008,122349420544,6.04486778585e-313,6.04487102375e-313,6.04487426166e-313,6.479986479451465e+36,3.923635700109488e-44,2090663936,28,0.9640139315990691,0.0028260459437765275,beta,0.4217606651411376,0.13613174991637522,0.7986440930012864,5.9900307599739675e-15,0.06136779220802552,1.6737777652116797e-52,True
1,CG,1011037,1500,45,1545,92,89.38655853271484,87.03221893310547,8.358789336819056e-22,0.0,12.228825192220786,0.35754054500078225,477929984,477930240,477930496,2.361291657e-315,2.36129292e-315,2.361294186e-315,8.359694065614036e-22,0.0,477931776,0,0.9715930275295092,0.002031449536938188,beta,0.44626431360360747,0.18271412182191493,0.8417550102846696,2.436519412844962e-16,0.004298059286060644,4.7923551481269574e-57,False
1,CG,1011038,1820,52,1872,93,90.28231048583984,87.8806381225586,2.616119135509609e-39,0.0,9.737761509346841,0.29312732696949567,1866926,1866927,1866928,9.223855e-318,9.22386e-318,9.223865e-318,2.6161289445988594e-39,0.0,1866933,0,0.9707775321058048,0.0025717343076626796,beta,0.45609583554566696,0.23174831972045395,0.8246768896820601,3.1416221596253543e-17,9.175325577387422e-05,2.312248513002556e-55,False
1,CG,1011041,1480,64,1544,93,88.96897888183594,85.57752990722656,1.0218268401856566e-41,-0.00048828125,6.894220886857796,0.31236449307934366,13474770085092531324,13546827679130459260,13618885273168387196,-4.656612873084932e-10,-3.051757812504941e-05,-2.0000000000032383,1.0218268401856566e-41,-8.0,7292,3254779904,0.9566556869014617,0.005052720675023521,beta,0.49853558721587504,0.17231715811772141,0.7659177878745153,1.6767056411547278e-20,0.007988209493337046,8.199235323681116e-48,False
1,CG,1011042,1767,85,1852,93,88.78807830810547,85.07833099365234,3.923635700109488e-44,8.224598223919167e+36,11.24035085258457,0.5332188564349656,8991155181068484636,8991436656045195292,8991718131021905948,1.2972962011975728e+293,1.3471922089359408e+293,1.3970882166743088e+293,3.923635700109488e-44,8.515366847997117e+36,28,2093875200,0.9547105194419943,0.003384985128962092,beta,0.3612296126710244,0.09678149607636655,0.8069979103946417,5.760545945316181e-11,0.34838866165076277,4.945462137997428e-53,True
1,CG,1011064,1384,55,1439,92,88.4919204711914,85.5940933227539,0.0,8.365122438383915e-22,5.775736754333251,0.22896716179032542,2052747527127564288,2052748626639192064,2052749726150819840,1.865419686589444e-171,1.865672385002691e-171,1.865925083415938e-171,0.0,8.366027167178895e-22,0,477944320,0.9618687007738196,0.005236096155481935,beta,0.5411020274095033,0.2563380961329006,0.7833182391057621,8.01705433209903e-24,1.1225201058977556e-05,1.8584139586728173e-49,False
1,CG,1011065,1853,33,1886,96,94.44369506835938,93.0418472290039,0.0,2.616187799134361e-39,10.550668247066994,0.1738608068344795,8018596567449600,8018600862416896,8018605157384192,3.961719457824762e-308,3.961721579820553e-308,3.961723701816344e-308,0.0,2.6161976082236113e-39,0,1866982,0.9837884902954102,0.0013602846292901391,beta,0.4992652385328013,0.3830742837700364,0.8523919835870695,3.281841439191599e-21,1.1606198018807608e-12,5.201753945697667e-61,False
