# Classification DMPs (Differentially Methylated Positions)
# Total DMPs: 26003
# Chromosome: 1
# Context: CG
# Format: position
83168420
212911623
124869049
41093167
121817448
27289766
2122054
144543574
47694416
20981695
28665552
118281957
246847108
122228055
122343120
113601664
120431253
27852954
210443320
1486618
60640778
89777004
3676116
122111661
121763744
146855250
143637329
169413867
121865761
161562879
51711456
92332474
90168999
121159592
54951280
247118900
7456977
122414166
120407521
152603390
25604291
12919201
108450415
38747458
229865501
47775388
121616132
102799220
145285548
82135048
123175999
123381597
108489630
31067239
122241466
143744024
86900600
10494
122348854
3264631
149230767
122042962
1169358
120494371
122210664
116623884
122429948
122416036
181734626
121840016
5733571
88602876
83290693
143322361
143261275
120977548
212391291
216148029
83266417
121022848
122395329
83316290
144813845
121022714
23987197
148906227
120476252
29324815
122356304
224975595
122444189
199905309
57685252
88047821
121887301
66481974
191616091
52171685
29448012
120983494
143252877
27921554
122387342
83436848
120224963
120215949
120742313
21431716
203167788
120425690
71942647
213807826
121615698
1926581
145286365
246862436
120388573
13179316
1075955
16132834
122356853
148693057
207545344
121246009
25329740
120319624
46907712
99899651
109691318
225574628
97206716
74992179
163755846
120921120
66735542
148149685
56777159
121747180
8501776
52181344
246715050
120394869
123338662
22578877
185611
83263708
120853547
3583358
91169051
122373102
120976031
120571123
143194040
122241465
122196331
246002430
143268059
120566193
122048646
121106723
145822277
121765440
88586497
83186725
49096165
108489629
146941537
121313906
148856083
82840427
1143306
121770289
122241479
66735546
55663027
214930559
36813758
58651489
121233297
55565074
168628421
51712197
122458397
83361916
10956885
122453146
122200981
114034630
120087910
226600734
66735548
121925385
94511376
243979563
143788051
120523334
75680203
122348457
121132162
153582440
122439788
180710803
6864526
16056900
15160858
98512668
120358696
814810
3149133
29448775
59256392
1926598
245806865
162466178
2331225
27853491
3168269
121377393
246862437
120412255
82133833
223918714
120806587
79516610
16762584
202205876
122348695
120753142
120196804
91079057
21980889
40957790
209450312
20334538
120360697
121187833
30694232
55023811
84057693
122194176
690092
12923625
82250892
122453147
48478791
54627891
4172336
29198203
111607987
85127433
143507736
149245525
47011830
67592532
38427164
229860196
90217898
103655297
13177011
122345306
16027787
55025086
83183554
179960254
67592533
25422066
222471367
120349567
120099486
143188876
174349450
73292137
21388143
121792232
213152729
3241049
4008277
236642209
97161841
122438273
28896829
26804716
171694184
203266707
53740966
15921185
54627935
163047919
89365015
26647697
2122808
47775389
10656824
231086850
146677833
7650564
151704137
237127633
34989347
200508584
161218859
122305810
25420738
25604082
143188204
171695373
115254444
83169984
40773455
51459
231086851
248944848
246729393
146897101
97289798
85832641
53483823
119023073
56772529
121924953
90359545
143637320
120735189
45756825
120273210
122379615
246830763
222490076
124847619
122393293
124932020
121924446
28960133
2280677
122182722
222917312
88342786
54670688
73449904
149309229
2122005
207818293
148974992
27853442
9352912
145107370
216147242
107575021
47054160
58378828
26596367
86900162
122356852
121122941
147403357
145401151
106427142
206161170
120358454
1077027
120254352
2121951
29198204
174595709
16680422
25604077
89418122
62404175
143244555
92821381
98512713
54447333
792232
40103085
54562342
3154265
83269061
4008260
120435582
244162808
13276648
120014677
120644893
13158183
118856707
149130927
33432510
121213648
143863058
148855788
121785792
90250314
120512716
120435572
91428085
214870142
602117
87733149
122283842
227907516
121764166
120689403
1048281
120343625
10956886
25048247
223949932
44876638
83232387
90909892
7447479
228682759
13910631
146904474
35039181
48213110
171694010
3181425
93000845
121770888
104936461
28987182
122283736
145571851
143189404
152196241
209450333
240570330
66256649
151490919
43086374
227971736
2269915
153861769
94887201
89413900
17637794
66481080
234471630
65076141
83341079
121935777
246847107
148581449
1500728
120868045
53609332
1468636
17637793
145172432
246863903
32606349
168628422
28780523
241305911
83850246
33405470
120041273
33394829
25999213
16680440
28948905
98317458
121759583
124847571
198035925
144057879
15388220
144484834
120320908
226115142
81659031
96455801
144767715
39049649
120970816
242925573
117548437
121776200
183663301
120669507
26164948
17351142
121741260
120812646
91292895
121965748
25548198
13031214
116616287
69883075
27921503
222819625
234470859
120983422
66782804
185403983
2921532
149639030
120465468
202221491
122256367
83187277
121034538
54240098
230072750
90250315
17683256
4010556
35583807
91363572
2303192
79712078
120240856
4331893
149157282
4576117
120849071
184571016
36099425
169942910
24067255
248742775
83483294
928763
54628593
110198464
248568733
207734097
119834506
66484158
33365128
88213292
91642115
124901856
6442488
10816543
241318568
122345441
212756799
33835395
213417635
120983391
220246470
169256210
16694853
208064870
89494294
16133844
212392698
1149664
246741591
248911720
53408752
41488419
207371961
98512855
50396214
83298878
145502593
122453648
120260589
237669464
44021204
149307795
120631327
53103133
10161789
27852953
27289071
10875208
9650195
33432511
86884400
171595254
185403979
23750962
6917809
121746310
143993523
120432278
183221556
18883524
242925582
1707342
163644662
244619592
83183930
1518445
14943988
171678897
121202707
56777228
27565214
122294402
208646829
59653474
147613267
3592910
115827249
115149021
143438180
39234911
10817684
79254409
53328813
32975098
2863410
27064345
121745800
70395756
120693914
227505834
1184478
53505239
125086307
180194784
17684040
118548873
27854530
83355792
171629073
122327980
28295024
108527235
119607591
58551925
212126910
66255330
120581908
55425848
2300128
1077301
122439796
1676348
143785942
236992706
239105554
40961060
121766111
121745445
56422210
62755084
36521915
243069421
120812381
3477219
47105403
12950292
281759
86607953
59370701
225801670
92602850
161423302
120002798
229285302
248528290
223168568
5382328
119503454
122069218
155590054
20334539
234930964
2905217
31260045
227133357
120653600
145447304
120696702
86467795
160386951
122270973
151490920
111245837
120070410
38188426
46241735
2124119
25045129
31510008
147863917
121156671
6474239
248655690
240338793
120110520
145447253
228917525
86215798
23140568
88347548
121683863
245443607
148846440
109182596
176058024
82956697
45223071
120717202
52184588
16059599
146618078
120348976
230297135
122360477
120575951
248638166
121885058
121159971
161619537
25712717
66256648
48198115
119161894
113360782
236992707
123847758
242975960
21426812
123847723
8116307
120416330
223786854
65084703
121575619
226845104
53534712
121374281
83356019
67084251
3168255
120106879
122430265
121907588
121142869
21980884
55664120
143351484
10086121
28590781
51949255
247522218
206184963
204084594
13156179
247817077
122342865
233119204
25329715
40934065
144493462
83235280
13202759
212725089
120523372
42277604
100634722
5860430
120245770
1706141
2169636
10827597
104509811
59348208
203056299
3243511
120504063
124852932
121007453
205075288
3410469
4008278
230120037
229115575
234472308
21480346
233117359
122167424
936744
124792647
206064878
151780632
2123155
120098980
176058289
66105371
57568431
145567030
121118740
2292207
31143887
146841232
122231561
144846992
230063651
44471779
120077072
121021439
122283737
161915749
120970769
20456968
10715658
86242743
23257225
243802321
31391519
145527031
121847451
96141943
148393402
233119542
124851727
89797898
117753507
180695454
146776353
227845429
122266943
90062454
53675877
8087638
122271505
146913649
62787095
81734608
244619591
3676197
121000023
26869202
210844697
148284943
27289063
7797915
122048727
147426407
52869451
121932271
246746087
3502091
66421768
53525846
241197324
121763825
53115903
68386739
3490802
21832926
83167584
96264523
202703244
928261
120142703
54271614
199827257
1634015
120973644
33364069
25413336
120865943
27921447
123338673
35161618
124900293
122290175
231128820
1774308
118722760
84478680
122088466
25329723
25408274
143638870
63433220
87838662
26869180
16730407
120823344
182011077
13035242
26165143
13222231
152910325
212386565
85597897
14943931
143461745
123175990
121223447
122290167
120221739
234470858
225675147
206806779
271474
120858888
13325462
182011128
152256452
7413236
122195879
30440277
61925131
211534139
91668731
29319257
17642494
149800399
54161424
21024233
238977737
1704126
82070417
120408336
174651085
52182112
103655247
143472713
227907845
143356055
83152143
30384001
120935243
120196725
6453596
238835084
13181767
41509662
146948888
122068930
26869201
124797566
144316376
16694819
52869993
120564865
23164222
121397449
180710849
114863924
228626640
12912571
151529951
122290166
122384807
86963856
122393251
1078077
121007678
121683864
40370780
120983372
122201443
30378055
149083021
145169182
122429947
120320971
26053005
30497651
122033656
10978419
143326861
146159080
81721110
87576898
85830181
120097911
13218096
152195616
53688566
45223262
25279293
236756051
31396480
14943930
122363380
978230
145515964
239267498
248726184
203715218
70453196
120805314
122239120
225749700
58625329
121770198
143230889
24992544
120465561
225726728
120489146
244162809
153353599
227969662
120682235
8255519
53328870
11537250
21250864
146660312
122143612
209073314
27065353
201377748
222865838
120576213
25604468
166342989
120921289
143206897
55861666
183613960
224632121
248761738
86607954
26596911
241305910
203841732
86180480
60779087
25999191
75398844
26803828
54629022
171691751
121924927
83436714
77480280
30400020
2760995
14976120
26163505
245426486
51083752
121117292
122097833
83266379
205800422
7827415
31396481
246536101
27107657
54813674
120473252
245426857
42277624
233117958
16750770
1468593
146834136
117508464
161423136
12043696
113360335
145439491
119023127
184610779
150519487
143334067
15934421
243832047
143815016
30773322
153582439
120412324
122451998
162522055
122996248
118852644
120952936
71942646
50760935
56509610
151584505
120381831
6169981
54629021
121768589
146682720
169278242
974158
120131766
27565192
8114632
225756172
223743294
225726729
4774360
58130359
72340800
109691452
247522239
86900617
121687585
124930828
122047796
111576657
31551661
121016450
121792092
226978278
248762128
168208557
120928078
121117148
121925098
13658167
223548956
155282989
4019067
9755486
222868473
148027507
21308471
70817136
13910180
153353600
44139488
121744173
146966032
121624000
66803269
13209320
120971614
1288369
35602256
171099946
122201027
151620758
246848491
99469050
82008267
161508445
84234774
13498118
245992917
120374202
1707486
119171937
120450206
125087489
60485456
62825128
243673848
57973305
145678907
148525094
225732117
206376229
31176973
600579
120434881
146815614
122138615
169761345
148923006
6031377
212841677
48213109
175856511
196935804
161423521
225801669
2213859
231956736
236802516
165622055
54999117
152472273
76697353
26163534
171583058
124922944
161609332
121943201
5766796
243795803
233076641
120120681
121007492
83186264
4019068
4332934
93199593
213807827
26155289
222868474
120264330
146839966
174349809
225803462
121749256
144813819
2124207
96371372
48479413
231955187
3595905
152125296
246684929
30732248
21428976
2641274
54492740
107922824
30451772
155218710
121000022
108667688
3279862
114313123
53328858
85858765
220329991
245424050
121190027
38922735
15293445
56243248
5862637
121753188
121039823
144476006
82577273
124320674
13067854
184610780
13168204
43009913
29708067
7797373
247801468
124316403
13498117
1705277
225807935
122410045
122338172
120317673
124849864
151132741
50332930
120226411
121107242
121267252
200798880
86611374
146764871
123980030
117219666
91701374
30550444
124814246
143799210
56361931
120983998
148528066
76515655
122356790
116152704
87101987
82133753
69486
90359544
163180717
119171936
120360701
120082953
120402163
3955692
21342663
109055408
171695374
2304217
121765431
83171976
204035329
207733882
108480533
120952636
181223468
103681316
203821148
212054213
121785615
30773284
203900581
120239093
18355857
23503693
70926396
225717949
211536760
33415213
114805317
227122043
184807945
3545959
230850575
203992349
246220268
225756782
34034291
21961182
214917309
122356308
248172553
79138627
59836743
239261508
993035
1315691
122190076
246729392
243640856
120202459
226115918
223978543
121625176
91973455
203400769
120941237
83341443
177401163
31057105
233067301
143193821
244158890
229696414
24564368
16694825
177696499
23172909
7631708
7082544
66803270
4576202
86633276
124887626
120722743
27571763
242950732
7788882
41416664
233217031
245992589
120720491
102807218
232233147
4781748
120409463
7564095
149077537
120263868
229120385
112835052
85283259
22585053
230608774
202078464
80399077
6169193
174349808
78702178
246307544
150040906
125085911
210194415
98512619
220815987
121623788
122241438
1527387
606930
211233777
247207008
69447886
121738825
54813675
42277702
170054770
225732118
206491192
56778960
120150238
225807995
122356632
23207197
143202780
121831509
233079769
122408559
160209787
4500073
171569976
25508511
122379535
150781282
247032593
13068003
61819597
193918486
193924870
85536107
245425856
143638896
91432696
211554897
36178085
12890017
148177980
244823914
246830762
120432890
120720490
120858604
205026655
12879748
121002785
180144776
179193832
121283199
122278467
124804899
14000983
227915157
88906579
248384746
83413901
248676842
30714308
46261632
2123343
212399516
37019624
30641517
237915681
120805313
143252887
43088335
201985504
16548110
56510170
228906589
10717725
123445223
120517287
120360666
39632978
38647833
217015973
171378438
150320623
160236492
2799156
221666389
32606350
11462759
2472453
230534715
171097715
120682432
48134291
48365275
26803586
18689878
143716965
30283699
10978420
69035811
238040687
120474553
45763400
197626906
110198465
11043861
150292510
177148335
12582286
146346526
212449823
121156668
208311438
13286056
91299051
33415212
248340775
13058719
590395
91628905
233128991
153207167
92481501
83280262
29917321
247032592
85535389
54562892
225615777
83266793
120941359
143799088
212198850
227168698
80040965
161795002
149157302
16428196
201308
183216961
12920360
1903617
119577279
122262007
121153897
7788883
14834653
53678357
679951
212357671
122270142
6715759
120483653
83226470
54757518
3403912
15300222
248549271
60641304
13034847
38182002
56091268
38481116
90183038
168628361
57305566
23140567
40410152
25051045
171569977
200639210
117334455
37446294
36576937
121757360
92236514
224101155
28312666
182509839
223401393
13044217
27303644
4783968
99977593
26819185
247384493
247211722
116115291
220353270
62787096
88697
7631707
184571015
216485796
30745406
204098248
23852845
245793092
196832794
164896389
175856512
108273761
67320918
143868373
55665784
85829568
152214596
2060506
909891
55961726
17582155
220326222
15724026
28778852
243052810
229285301
152472187
70450864
120403927
39632990
23172908
230371106
53505238
145818922
115479070
7457592
29941500
112226361
246307545
21024071
196850170
4500332
245464365
123213547
47932434
207307971
84542000
28881067
232893433
248640420
120989883
120663291
9397588
7776951
245425857
217048240
125093952
146764855
9648873
227970536
201589788
212325224
123082687
21777072
2079861
122166530
60002914
203821113
121117019
211931367
75634035
46412138
18963903
2605864
2776026
27921441
7797372
23180475
41352635
3450013
212841678
122343138
40813365
120756586
229329718
234469039
160240127
91627786
148914364
3346696
231185792
176133201
70267432
154752212
121021242
83191187
70366159
90168496
96371371
13657713
39632967
83422334
9734248
7447635
160415313
183837557
120227461
114817805
230881975
245734339
1486353
230219692
1500729
206256480
145453030
121033904
10743783
66484112
211550760
32771030
58930933
223983906
229861744
7805650
226984046
247316209
120861333
148966621
206395256
148015747
108452866
8963307
20349600
124817012
121886125
87002208
216487172
163552300
122123059
228520935
83257118
85578858
230640034
149114499
21082761
174435811
3291478
28125917
248323593
203879655
10819689
1194713
150292511
121789023
122239111
47767442
63433221
80040985
232640020
149113687
113063471
121289007
2303193
15388397
152694248
2087436
10695509
230757862
602116
121138911
14167672
119882545
41780160
225127279
117337780
94013290
62701793
121738659
23159258
2292206
243007762
124887741
14727718
71997450
13346844
53129819
62224330
94907717
202139913
232547728
90061354
9768248
113343392
14930779
225705961
62091830
179040511
109695472
143799110
121011176
110510208
2634683
30609889
226742735
16555665
11561485
1749082
245423770
27866895
12581968
27064423
144564797
204098249
2606828
155070301
83884704
6869455
79594174
25508201
122099454
3200872
234472307
206933734
81722040
1480095
177214365
170465403
35023691
47326381
167128826
38647799
122430509
242975228
231800801
220897694
92026020
53514717
56243249
68386857
114187031
86900163
1521518
228626646
5505475
2450744
148525209
3154266
121862475
229400694
41490982
143999840
31252995
145165411
85829062
21247110
1450194
104940405
121762277
243722545
55253292
26344417
1240404
54508546
212724393
120563878
248542036
169722147
4107020
183222009
212054214
21429934
119878980
7613894
16134344
82886963
120715516
207884456
247396915
33405471
85909971
122106725
2061310
225837586
198208940
12838849
54492739
96303547
13916016
108209213
90229112
1706142
22796305
245328104
118721450
20146315
23392542
51989865
34103499
121015261
144845280
211550759
13286051
54014285
201959271
120991861
70347024
121776164
27565213
42841961
4500333
17642493
149919827
3146222
70395757
225128118
236428664
124896501
123508750
23546296
10851932
30661215
32795048
87242971
37080676
170020511
30329536
143242920
122085608
248528291
54562532
18588723
120412423
214600039
1704127
207291072
62089810
69478195
115460826
30112922
121128289
155117176
60931546
14976027
31437202
83152144
17274670
29810509
20259281
53594729
163362830
225700252
203632375
121886905
30318229
248188179
121836713
19553652
120206534
122403138
17668355
9376988
56231159
227836674
121834733
148525194
230128211
154536336
94571214
222961779
228682758
120236339
55332662
70397390
124830378
248430187
172057718
26133646
3087212
166240422
155114935
238347812
35002903
1526170
75678774
102392983
60216949
242903674
78851206
62090583
143882816
212211195
34993134
34034292
7613895
122126813
70398425
170432901
151083582
5593455
66255331
172807797
120380486
91370324
171686716
39027575
76707330
2507544
241736624
103922610
35034414
23164221
120181644
121628670
223780251
119807686
1244419
184233748
70384111
229135921
247831786
120952742
121010315
174238852
17358516
5557650
86630746
42153203
227907460
151907463
7797249
208804380
124867180
216488826
3169932
227596223
32803591
90172164
44432331
109689465
22000286
15214915
170560103
237127610
223741838
27497175
212276032
122195880
214597624
96763590
203715219
18915941
244885353
236428674
53424913
145445769
151584504
121731511
54623581
3697166
38606807
111336364
5797580
16133843
19538756
47159443
62750699
33365129
121789032
9014803
53741600
15227596
216012072
30479397
16950354
244488614
121005561
65181483
29283774
210655016
174546899
125087434
124850046
77285258
230870381
118852606
52234523
178992360
233106567
31357026
120125260
109725029
237820732
108724482
31425793
212391290
240406100
212251051
27504243
16856777
108273885
229663855
183216522
223741837
3287932
1659744
121789028
200064175
216485743
75179828
230845458
2602935
227132279
120459741
2091117
13041538
21430689
107444707
211883932
146501209
118575719
13789054
146142292
10198715
222760893
1312161
150458497
2123625
676768
122269640
182741430
15754006
46412139
26201712
108551053
75820996
237795920
3329381
77919930
113497431
121764646
81035673
231743821
76147918
1288351
81772500
166358009
182686311
119743833
216147665
151857052
5659282
228626580
244885354
171617837
5254992
120683252
61066670
5451050
80728680
83161062
52292571
27853279
230853174
33994247
41059084
592670
58079583
120847847
201927334
82497578
12923281
10709289
27064473
70362499
15120577
33743347
61357586
105301747
151765927
21268642
118313512
2070696
160367457
28297587
143911815
83341578
20156208
120416379
83435798
154322602
1676308
6515032
91190
246722964
148059957
2355672
90232606
25732094
239412475
203715167
122278457
165569245
121005621
120953263
123339921
161282143
40295173
199628654
26138275
121016432
1237664
124815926
167811315
120148156
121749706
25507535
206167264
67257210
115912028
225803463
210660794
54009515
222947853
17668356
22578186
27289058
18963902
150252706
13192266
23504243
121231770
611605
143361007
18923099
86168647
171686717
12895538
121084686
41584695
223746468
23803128
53521327
30441338
55769847
223947591
83843637
222636065
15940653
122451989
121627645
8156684
144415097
151907199
56509824
40717432
222819626
122201442
246743903
211112155
144439141
120253586
6175711
163359604
47166097
6147193
52175411
28295068
65398536
212347901
41055064
55440310
64402823
110488363
121007356
28628244
206064296
122167520
31335407
70385800
119732979
228626642
58910958
121015683
5144597
7417431
25388172
54233525
247406304
59986245
120524053
223645001
24066306
171678336
234471629
85521442
228626644
6818064
225679350
5254991
230323731
116650643
26972074
200913635
170514974
3777799
44150200
55008375
244003858
61866501
6715950
3546532
15070581
201318904
41219824
120129066
143258065
6728968
175326887
88912427
201900574
222625166
16558076
91287420
111297370
14723410
10549339
227836682
231831513
9077661
202640539
41707140
83825890
82630930
208231152
220707456
19168973
108724481
59456573
51935621
14552434
211284376
8995316
119878981
10086120
233119937
120243331
31345313
120864679
456512
146667984
169761530
13309693
248572687
12605059
16218070
25548197
10487426
31357027
196832788
229120384
120752663
227978125
83303981
203832509
244116778
14365346
32902070
30740426
96264524
25623084
120062948
115928738
40773456
29325483
2981311
107851167
90948528
120626246
120252672
99977842
163351684
65076140
1029080
1747770
122210782
41173644
48679872
120215917
121839503
108226632
43107645
33295084
120983375
242950731
122387537
238835083
190691387
149704690
247032418
244108225
70343872
84469601
212333154
4007453
162477526
3146209
12781777
65044165
24704796
120703176
223780252
124921671
21421779
52992269
230001393
91875998
15094146
223992059
204639065
232120885
121378545
163348022
7819568
143326838
120203244
122264779
179645116
56805286
122190733
112805948
171715366
247959957
243092640
145517201
53425382
65613755
248762127
121142858
228626636
245303477
143884321
28145693
89012906
168883416
122210783
42122326
121924818
143638853
98512669
165625588
33509223
121752998
199621803
230645984
58377675
120770201
120884609
121134808
232285515
21837477
179040510
85100450
143405170
2267618
39049648
15101498
204655948
4507484
10667
31307235
43391310
16134345
2302522
26673871
33510111
105263136
150330968
35022363
48191974
12915066
11559276
26596858
193217496
107583033
163282042
152290385
15299340
3471704
80668950
149213172
199827258
119264295
113497484
245443290
33277559
81089337
121755519
168487267
123244630
166345637
241921128
150851221
248742461
12028484
151780633
203821114
31301956
120165757
15440249
190122533
124877411
183674936
147069288
244611521
179418707
212258610
1331124
120925085
117374258
147323706
97286289
120393226
80728678
35244175
81249216
161566158
247090597
70397389
146854554
2494873
243737337
83313392
204962068
26163430
122107555
6005469
234267530
1081053
25604292
11523535
247072014
35494189
202319165
34993135
174615397
86215790
124895777
9287218
7813983
119200954
60493539
43086375
21634599
118836445
12876779
121933783
82136293
150557604
114804354
65044164
89028684
124912005
162162330
209813081
121623591
27639620
210714978
16963675
24357625
170570747
30740340
148092921
121260270
120116550
13354226
237916141
246389544
114242650
31143886
2450608
120849142
246696119
21349271
91875905
143936945
215131106
41032350
248413965
52248951
228626694
13941726
210386684
29087596
211883931
27854404
122345662
166352802
8075956
16704849
7776952
118893188
2289458
122382757
1075980
76459425
113220080
1903602
214107949
240478279
121027722
85521266
212347900
20150800
56756359
248882587
51533418
161591361
10541703
120822767
99645645
34989814
53504864
247775267
2451825
236972704
179040532
184512858
108492617
10976878
230394491
85099691
122430809
162143892
69561652
56422328
30059891
236318216
143814304
206317999
3056759
122267050
120410403
222625167
182010995
171094651
54233554
210122070
116010748
13178271
151010748
103924719
30398334
151367467
121773346
21886380
143919976
233729463
205072030
121748844
60002556
109763794
222917311
228854309
122266929
17573063
124913733
248816741
234320850
212265677
1676755
15156210
25689314
84542001
108954410
121743933
231733687
108178746
51345495
17342067
172234615
2510935
235538433
166243144
35477390
83892391
1993850
223972839
32845170
29198768
85530513
24687089
121745291
53628676
83350516
113623510
82135414
163078601
17049806
53482681
52172322
3291479
56416387
120238967
52371063
201608371
236230892
212748919
236495440
56156807
3090063
121235052
160408189
120813103
35279541
122453664
4008261
149157348
120216162
11808964
122430552
203576194
120307468
122270903
10549338
149871952
2765788
171094450
9269231
168175958
107922825
5952721
26138276
231406469
180194783
248483664
89388726
25379418
171583059
1219858
15429180
202771300
2691046
16013559
122491976
234459767
225574728
231743822
30355849
191622633
11502220
71994299
203841731
70032092
227099113
211727998
148059288
243052193
6078497
120267255
232779639
40494426
1312146
31822483
1644918
30535275
8327902
63626752
29549560
6104348
177987702
25389042
27599753
180959885
63628180
121770729
248164265
190983121
185951413
62753515
222868110
227115133
58375117
183613514
84057737
61868942
120524413
171678898
23987110
83243129
120766542
143637266
210656296
77500545
198035926
122382623
122343252
83266885
147299581
124919060
33307848
121939415
30129471
121785614
229328873
2059723
26214921
208229914
81772499
248550649
191601780
69212307
77491550
30794
121397441
212910165
120234684
210655141
222946096
149556943
201007153
84535887
13327160
246210539
53053598
184807967
121924952
118852656
6728956
119052040
46893977
115183711
21878013
62464435
21510441
165651554
146325602
123118544
121831751
194100429
122384764
43007722
102155376
6024028
10850711
14979237
212373482
56504185
244829263
153771032
121010446
152296167
20334703
89494965
43062429
235091527
52869739
54822010
120196822
33509352
100745005
12605058
121738948
10983724
216011190
205515246
17667738
20622878
205670972
184611501
3545992
241018173
214132061
38647705
93574866
1229248
246722963
17683702
246002385
212325223
39766606
212015101
44011069
7550517
212274465
212211194
148946068
21331277
120236365
83185807
26971324
88762
52292570
230601452
11653533
120120333
121880114
210655015
16553863
115148809
122182660
63037413
121016003
25259935
17265255
209129392
181417048
148821086
171629072
160958481
7787785
88920054
119973996
186162210
9839981
1509144
40767542
247584460
22643938
121843255
121773836
225732059
121150672
31223645
62805102
42785740
153419252
178290877
41173645
7819567
121418533
40704228
172279080
229861008
101402188
2516471
43349117
16286011
6024027
116822987
13059042
119765371
242599119
51989842
87283229
120564524
90933650
65695947
24687090
121118741
119052039
56422250
25368673
146856740
42459193
41584696
2660367
234967484
241771850
203816041
35244176
237248221
120859940
242774556
1140662
91213693
14975893
7748016
26952061
120943127
120897238
56422206
230174667
37559806
16027871
3731689
3621740
972809
36179031
62823467
79643762
230850574
222138811
222496606
25380336
202130020
60743304
9869908
85980866
27853392
19058057
201958500
29338630
7812423
26084618
119020310
39519874
2427842
239273307
56156806
201061860
84532357
152592684
59806603
97289241
143261419
111307889
54821930
212373483
120469410
3356191
122196323
11524889
16696492
665098
179310674
84058306
967725
86700972
117269567
121023988
194428077
243098921
41032839
167154951
56422239
2429214
143378209
229182771
244823078
84023679
120507276
61399955
2592669
76758321
246746086
240009095
193656467
6515810
84234780
16872237
233117360
40767543
56422118
39033460
171688804
211111694
98512790
54784807
43077541
56524727
225870276
32548003
2304216
97323614
146640476
17693689
26646695
108167663
120360708
2477929
200194511
121745971
58910957
28295023
77484139
122241324
122068929
62753516
23939549
143239199
59153522
114156109
161593597
13379330
27039446
70817435
228626720
40963356
248653418
30383919
223948061
2059722
121117125
120752656
84535888
122215328
33509516
70816793
170376036
150313271
179165986
18166439
108915551
241128991
227969661
122342751
32275853
108167647
203815456
150025215
239973525
180959884
227132280
248775007
224529990
234393773
13218101
53433328
220071915
143307937
13999313
122112163
17793105
233687769
124896450
248762079
25603723
210701184
24900880
120657528
22677380
27064008
178859866
201014329
143268559
121053043
120116551
494548
183659815
122382429
14979238
149162396
120094000
20156207
1130716
3669669
121033968
21777071
1288148
161094674
122969859
2533916
120752776
62351187
30355848
30659100
231830183
88687
248559607
179464864
167128825
237508943
1077271
120235123
236997490
53459730
61934211
120395707
121743932
143307844
4505431
183215825
229594031
64330403
39067251
13983114
122290176
201253728
122384679
4688500
229400906
100889700
17886738
52234524
212382100
16856780
146891514
4245992
223744839
222832853
120403285
146458731
86769185
234819951
22547618
91168904
17683703
9895158
27921563
120920854
32795677
143186952
10744448
120894706
12838850
3509592
124173477
121744362
122443977
34636546
60641305
121883560
147380895
101018394
56504186
173989978
115626001
25334773
166212367
56603175
170674223
83298717
75744792
143423123
121405538
94776140
6798787
122121917
40249313
38187120
124851699
1415765
143798110
115479095
29541422
243034837
91683721
24313967
212357672
26163667
151769857
222893991
143799135
55269045
198413650
25272465
122343139
52981467
120385993
166755941
168056458
230720175
37520309
119906126
66164531
148034006
227036665
20662418
171686673
246535585
70078809
53348769
120394422
43044077
111336954
197787335
121736208
60211179
54670670
211122031
54234155
124791276
210655142
63627366
120344419
166102757
244434895
165625587
121739847
121016467
4010557
121006712
114902128
43081911
124861656
79515139
236012286
981934
39522441
51492299
206326579
122404447
147380896
143208173
120416332
668800
3440091
122278458
220811022
28160579
248638503
124475673
90555722
46343819
59044526
151132735
212333155
125063901
17205087
7909042
30228442
2982397
145585897
209055055
16704850
30597933
3583342
41502679
120216327
119165108
60206059
167434940
61026583
172301911
29517732
14830239
24576209
25686998
978169
9830101
21558819
90951231
230072749
53435621
54508545
243108759
121769188
239217582
59438509
107575025
120838489
246809648
120858692
27290022
120682087
7764781
222516419
243049337
24894100
86626732
25855018
53074519
196118304
148908524
227133439
59166026
28338440
56422259
22577947
16152951
1226486
122444005
9468247
174011999
122427416
70347023
62349367
119691444
200260792
238347981
5732675
38471910
244127598
241885032
69478335
203036529
143799238
2592624
121397563
233034069
5277650
121887898
225827659
15204512
61940587
111522577
110227600
211035499
121743941
46239434
25066187
22816003
164465040
100428864
171595253
122438272
210768588
224026572
232341950
39011825
243673849
178004429
148500255
7889992
42277579
146914371
71085782
62211896
7874197
121221635
227968965
79787576
3262909
240993056
243795804
29650281
102462415
120025279
25203304
14976121
155164918
10651205
168056478
2905193
29593956
95142874
201608370
147299474
58439105
224943942
86242897
120185065
124930190
248161897
109763795
109601134
212947611
148387297
154934145
107570708
145447152
30807286
248742742
37209999
183217257
32980237
24799583
211537401
40791526
92122536
231830182
243722546
149157273
36737919
120652963
25303392
10851933
13048565
15148818
120822766
143781626
8222884
98513475
56670576
77190006
48479839
146431365
113384034
107570257
120848329
200816962
108245889
37010810
58963142
202191842
145816097
22408842
120696701
149308707
198402423
48282031
148502427
151630762
229146265
121938602
246351649
13328820
66421767
147289363
234869762
114783915
23504295
197626905
46540364
161281788
122438259
121097017
112825121
31425792
197785816
93085399
145450544
84884975
206722292
1651449
41490793
19062438
233100827
117323509
120928077
246518963
12902683
105260092
20585726
10827581
37080672
229115576
89033166
54670687
16133249
121016015
121107758
77485398
6069776
1295068
32975211
1184711
178247827
122471085
121090520
245477759
27921405
83356147
210602755
69855697
60239759
103747375
168056466
79701641
39520061
215414059
76736331
3200467
26200063
66481696
121041353
231769455
174238853
14929641
2775984
1454329
241436830
143307864
147061747
120399552
203825624
53559167
10715657
231827132
160933676
11413571
121763735
233964613
10785340
228906588
244540692
122446915
203718443
3608080
70078803
220861552
122443871
96303546
179069401
223918996
236253985
196819249
7787786
43985502
121365304
143822683
223410933
120327103
170315538
197798711
97156354
47342944
86900157
184965255
145564682
69478331
120848460
146717281
56805287
206541856
81606782
30705034
146764906
98591500
45154462
42615460
234451736
166373032
192954045
121773412
71107775
15737064
233619907
17667739
209976414
92125235
147310082
120925544
40837937
237916142
248671926
120654091
30346541
1126557
120106556
233002954
120578574
26803962
211111704
167530053
120406025
63473048
145162077
83170372
83234513
149141812
84814478
10980011
25298276
20654428
224407101
236258657
97152233
121022030
196837757
180695450
149370579
229315612
108167662
190931379
161244271
44738740
209646252
23503348
3430691
223699244
3164678
7827404
54562035
13346997
56422295
121266788
119152361
248475421
100687116
232285516
48476668
120853294
230787567
124848987
30701840
85524359
152196277
22001786
31424795
152292785
143637321
120659312
191703763
117588098
237820535
119095577
83355225
121789029
2326052
28652978
39693157
78568776
167800002
71371395
99840673
143773009
105261334
52175351
198366031
27396261
2462371
173947778
120546260
121765522
120471559
111336348
66164333
1752937
111296698
12879726
39632992
40650588
176633803
52609302
122228003
120842867
186637708
115939416
7007651
56830216
220937298
37009481
118852516
229440017
242111963
26217638
59542514
2635184
247519618
109503750
53018563
201253791
19398249
121750916
1323850
81967503
120403785
47766994
27921579
1454320
186510011
9431070
113346247
240406193
86550994
214869405
61399091
93277448
25314482
26818975
34613310
19508727
236258652
6312123
152309002
34893121
47323034
30577359
22291087
39016018
114804538
1459434
145415064
120469083
185002246
24076552
86215776
13394850
60225333
38558967
122969750
120974372
37896798
6380546
21268170
222492934
149806481
13289190
121015679
120892309
220467389
96232720
152418282
76459424
58212244
32437949
1297692
121016043
2427841
201253792
79594185
144673718
246848490
8385886
1157209
196964116
10014446
21961181
54793120
122295413
160175101
43154413
46541687
120333273
170465404
148246084
121924657
122220314
241926862
231800802
39778532
124843052
212175682
13272771
16674576
39513404
13350450
179486051
235140510
121402961
232224012
24927745
223189687
154267451
153007239
67467814
236579877
16056493
55027912
65608299
7601107
105248658
121750047
236757168
120425461
25295333
977689
147391175
91158877
85790109
212273825
61768670
618415
2890184
26827979
32884340
116330554
143917685
39524621
200816910
111115533
18838043
76488319
89752108
248549344
211462378
227901989
121233044
120494559
49130346
10881498
72300942
233995623
159989714
201992284
201421412
248763145
63044998
120503596
233373834
234819087
74349419
27289013
122430794
22916519
194048486
144845281
223024690
16040352
102230258
118852518
123244621
25700966
220728385
28686361
216013527
163208335
178556088
227816045
173894362
62140456
120575935
3912337
115892398
119244918
59586942
62305394
171094449
46426917
144030873
30774790
119623599
199406346
27208160
125086029
94558136
210660793
166755934
29809426
121150262
42126024
182011182
149778761
172244263
148118184
30094080
119026889
3354331
122416026
121026926
147299475
121338425
54233566
3540812
36689038
13040279
36126788
149314891
236774730
89349427
7661469
54286857
216888798
54240094
226718226
201678848
124922972
1370182
16766254
147404958
170515055
233203466
82255805
120822788
16758804
206243739
10639
121007332
1356456
202233394
146411195
100733152
152396422
25380526
19564072
3354330
53900805
91618572
55517089
86546112
242051485
56126741
154930719
83356328
145091958
26084617
118653718
83247571
1088408
229284138
7623749
110445953
54563840
43866708
2533917
121755372
121775294
20686082
184593752
143637536
242057296
16750766
120355668
224590811
3311268
29785802
122267078
73303258
148496841
121317020
85524360
54970449
165743922
120944866
198945732
13198902
247907496
25002470
166342821
120943438
166342822
52171686
146667983
147326805
224225424
119738772
80040986
143830444
102504645
176349568
120017202
29394010
225770512
48191975
160407709
1021794
25397962
3417030
31104929
168056468
97228979
25398031
177425464
202208780
167780792
108797982
52997511
9013320
231955186
9397587
2689890
233379325
11561484
29657065
2358816
85139003
166343105
53061115
118282507
82069469
775157
22550257
202203466
91432697
1681102
108595403
66481692
154532535
114696426
203406737
240753233
109055410
86921
44471778
240339051
122462737
121100104
146576690
85532082
120813104
144545844
95130216
245600228
162206099
246495166
83282593
241946208
226601745
55027671
97991086
60218832
109766112
121142758
3631777
7526411
57436116
30814894
18913746
74309185
120429177
1248148
656834
121884860
211010154
3467907
3094984
24354121
62176627
1963406
4976174
209905761
91291572
31360136
16758073
151642830
143251680
208229913
90891793
45724875
125085986
117574556
7764780
161759188
26029541
146840710
182280008
248676426
111530038
78851148
29325484
205956899
51782
29706300
229150903
143904444
161606656
124879739
110513800
3238057
51386788
8240915
2121741
2304223
117204815
82069283
9798084
172261347
10738324
174453993
96711978
120199210
120872267
31335406
154532374
233124400
163852890
205532739
59806602
239266530
233009726
247750464
243056070
975073
120805501
2332021
40810401
40494504
214660379
162552025
143294289
62305395
169593824
233128992
2450689
210294079
147308501
245567449
53018562
31798187
111522578
56422270
16034693
12897315
72993339
6798751
121226580
65664642
59858788
182292583
30145836
118285776
108460665
177634687
143859631
62211897
46459001
53803201
182439990
231830218
105248657
3385158
107662945
102483337
18986253
1580645
149283948
2921729
91211863
53509901
123508873
152304195
12917834
193564046
203718963
248944826
86216090
92190736
145493345
170315537
203891284
56524726
185538868
191703762
1688548
73298582
109764568
3415742
29998200
71514135
12124693
61296690
60675976
234917353
122256420
150317170
220700021
121117142
121687557
121336961
46693024
119503510
232885690
88346394
7550824
5872457
22028551
4937511
33950243
54384944
62823466
235904095
1088264
52870142
212744996
176396532
205450369
125181369
122384719
185712655
143199346
206933733
201239080
53408739
112199713
2145822
117574557
3345360
83829190
120858605
244491397
226982843
91157748
234268320
3114409
8080574
107570258
39690696
203959590
172808321
206604712
75995529
201103723
113074902
227133074
937624
37897089
47350003
21887116
240583641
231051285
51935696
21582587
96380800
107740243
174043213
242797511
163364767
2982785
58192684
151291651
122430228
24563382
90979460
143843155
71218731
227240921
145450845
120412641
29134348
120402329
151132711
7601613
41870535
242380323
244829076
24300873
53400359
246485091
46505613
94135645
47323033
83358098
165817734
96479841
223894574
118852729
224440941
39775960
186315150
120394403
198272225
121372981
56422291
145217383
85748676
200165363
27921555
35352268
62052656
65081908
243811510
2450719
120944912
230748383
8034919
122126812
120673697
1141226
169413868
13181379
172261346
19635784
208307296
161654231
53141682
57112439
19685305
226936959
174745745
122150148
10856203
6107948
101296791
228426867
245748444
211203386
1171490
1524202
83355230
227052516
69393932
182010996
225267832
11335359
87716806
114804483
16574063
226355170
120701570
27921564
53408887
107981466
226649504
19642130
120842827
168378860
237243898
121732146
204262037
20686262
15037022
229861007
120535505
165743921
14349933
16040772
206299573
16043182
34083042
143189769
146898936
13286024
186639933
146243945
1421813
246863902
247831785
42917438
25048294
25411877
169761505
230853173
170324028
120848492
230581039
49481
37302734
153412240
205058367
108954411
182010351
121750286
70078807
98495847
121007709
237383468
155282990
223681493
228023171
226280496
243176476
179466458
228269842
211755293
60889337
78314476
143461764
230789159
116636670
90987962
41710621
152592661
3110297
119503509
120847424
208944461
2122930
3250184
148139302
201274611
143249519
121734628
48232080
148122793
26116110
203919933
121116052
225466175
245303246
1315852
14975892
149016345
9372065
122305769
21829360
38265949
81615647
151257954
47880971
46239435
46425185
51852
47071262
52991440
206287730
10576817
247910569
172807048
3329392
153310001
2516470
121887292
12789572
56422340
62079921
212411751
3234461
228833974
22074277
16409402
11708283
56422284
214142099
65454183
238617552
247128776
81851805
122069173
85534662
39225285
15715831
151822176
121841387
204607394
83330968
113225125
3269274
122938083
90629075
103050543
240753677
229758447
13942465
33410550
212766632
143560802
248742857
29360144
246713517
122711815
236003794
230128212
246713333
245425842
228371684
100836717
222573226
146342086
120408845
1162685
24720969
121306630
143949506
184337232
75830444
58390207
200968901
178937254
203949441
26077951
22245742
233119203
237127628
8115289
91701375
122138324
22152573
65549304
54993734
248165711
15427131
121772392
150439023
33519386
60217075
26646975
1706749
241057785
36544376
173419337
120846168
121047906
26596363
83246235
72311072
160362851
39772777
39085949
121768929
54562288
16574010
166344501
150497819
54756728
69561658
1133467
30451876
248883695
55996285
232332066
25271279
56422344
53284109
153359409
83184629
4626135
83325854
174015624
147298647
160091595
202174196
236642618
124930189
160998434
61356611
197798712
64938255
1543781
58599298
63918147
2282078
108156036
54793121
241895527
9263850
91577516
77521166
83266378
21634598
10900502
217053412
197629120
121932442
120911171
209080933
200162107
223983053
121258695
19011868
120648770
69561656
212830708
244642773
211676479
175230915
245287533
149413037
167838908
68685635
83449498
13361430
112847630
114205193
65708876
143918254
10586662
2905201
1162690
65019964
15724025
86626651
55792655
200165364
1364722
59588211
238294061
120355612
117219356
212120717
98179636
207545406
171747434
200816830
5834053
2123191
7621458
149430739
58647361
46934294
235309412
161915750
230128860
208023783
121052884
25369344
59070140
19637070
168350728
208511010
769256
53470710
103790969
143637357
161281825
91290697
13218102
206285737
194100418
68386856
52437584
4037061
243642531
119039277
164935077
74532628
10654379
122427402
122465768
3476913
202649917
110854607
160408683
147061365
115793919
243052106
114183721
235309452
173613360
25846628
43579901
31292316
119036098
169971817
22601412
80945245
121007679
172234754
146234079
27551919
2507543
79701307
183998412
53504863
21268169
26817453
151630761
3583360
195054605
120668906
201112172
122282515
147908982
16133250
122359683
59651377
26866818
85535976
65474956
161094675
151707488
25404501
121049775
227830801
222881344
13198901
238037380
3800475
5667920
88140864
223456671
230636303
234665172
198367734
143230994
109022746
235538613
121885717
90183039
964771
122471252
15507841
122112139
174905806
148042559
248498738
160386952
11778767
236672309
149114578
23689278
160055888
1675486
45724599
245322210
233079770
120782021
7836122
30705463
21180134
33882875
230877335
47962327
10570481
223777550
103883169
146848221
122969850
39641950
166392338
39787233
236252701
160485153
36844397
10150932
91291732
31600583
56422338
120460743
229535800
121741185
1290203
53464686
58130525
228070690
10618787
223456073
227497286
122395505
243737338
154395634
120123372
149141778
8115290
2760400
120848298
79941641
119151104
225744029
167891580
2331988
226385094
228409429
211272863
21502623
121109748
196808910
227907461
65558639
115111404
198231042
245425843
29357347
44738903
242017348
88902198
162795441
86134219
230083210
122430554
121955806
174349010
100018875
227276451
121093103
144544762
15293446
6147192
123980131
2316207
91157749
222746340
143832656
143909171
13567815
7990922
198209987
180508641
1705582
243049579
68737320
237447966
1171835
120680944
47880972
120872358
230757903
46456329
87512134
121275726
766608
121615217
120654090
88918927
13318209
40930929
181945120
200712938
124785746
121002774
67953939
162428845
85829655
245424051
152307895
79512399
3598977
110167111
105476331
201068278
7601953
121748779
180508640
171697782
222865837
233466041
3228847
240570331
152396421
143464469
116645936
221161017
24552868
119577312
71111044
68870287
61895490
231123364
91078631
61008038
22579119
232539975
151831727
147270330
209909541
212620164
122348688
173956835
96956597
121119851
145130227
121343777
248161877
121139685
10501502
53428350
38904923
32957604
212394429
30671713
3471565
232332417
120254284
163109292
18103955
76896513
75806278
25270000
182985034
214595978
184807944
113601616
21729010
122392789
116616288
227923033
3100062
80134026
206386613
38215861
2832878
4693329
83264373
125086765
5960933
3874301
83370707
230063652
171680318
184451074
152209693
121268782
16863438
122345583
120531584
235594575
1240786
94878090
213824691
16657428
25165080
162477527
205527854
211272864
48280135
121774963
119085219
147234308
175592418
213824887
4666934
2321590
224439084
47350002
123847808
123339800
10224210
3553412
16539492
146761992
241946207
58930934
242903316
203717375
5667886
182742187
121776064
227288766
120946634
83341080
88212924
13181670
147181056
56111585
50902840
29961039
154825511
236258234
1133807
10630532
154309203
227288765
25274538
61574704
37624524
1515828
1204664
3638425
103680191
2904296
45937677
85283015
101147
225557650
120865089
146054026
92669517
2121813
53328868
246868412
67526431
236216322
3212789
59446866
147996933
120998848
15715534
59145487
42917437
232893432
12838904
120422389
15229287
27378016
205342837
110167112
56113136
10980012
76114834
115479069
63918148
175153643
180172762
238494571
52991439
63296703
65684827
70815875
54014356
53990319
65564413
227081601
244329100
146773546
11669647
62091821
4739049
33053028
150502037
89752207
5884634
201131620
16017860
143189640
1210958
148368113
92822879
25796446
35022364
148059628
149167663
220800194
202318028
201098797
96327933
113261634
214519232
21053630
53517827
146324719
20602667
183215482
93809533
121021382
91010459
26163633
223745000
221676322
119031913
5786785
45185445
2068240
31783692
94012094
120208632
165514387
167166521
1342268
169331938
203201608
29708023
206477764
118387528
245296236
238041404
91293291
175592419
113744948
5557904
221676321
113623526
92523035
113636507
244793143
52371064
18892558
150023548
124821004
3799434
244486400
7734050
231956735
214868560
214543212
116215932
85710475
53866042
225062065
92280669
170812083
25395101
119624681
220707210
118319193
120026053
143563277
7082771
143276873
120845789
150069581
120540964
112617549
54025964
229396359
161281832
28295182
44720384
60490783
41074963
14926944
15229286
88911889
165617333
11560008
171697783
61479509
83350517
11460143
1077267
83246190
247170758
121748588
3166105
230202141
217015972
21503302
41333939
248911769
160406164
10802265
242057132
121224220
121771648
6054213
9768844
121213659
154867629
58396504
13300975
2462393
166240243
229317621
121394857
239267497
203508513
238928601
213503550
231051286
1459657
179770196
116210869
123162206
25751204
201948381
242706753
248775008
88903988
88906665
1246218
223773638
43017315
225335620
37699777
120952997
55026249
205483780
225511979
1459658
247534205
64937942
50192518
248172552
230811837
147979163
155358604
143322362
1352407
209231592
150729722
38667157
26163375
175321429
109053544
122491177
122415878
1634028
112785536
209446088
245312933
238657722
60216899
25319920
120425603
225520887
248475422
60002557
27921304
25400349
83049719
54843771
239630998
83415512
147056416
146364048
151811259
120072206
4491274
89067061
25367655
234017645
143231007
79594175
120860242
11164267
1701031
64938256
1368763
109512486
16696896
147373174
40814980
100680498
54585989
230001394
196837445
1147399
3800539
57082775
246975452
228275007
76113102
37900520
76363469
121746550
2212051
238689384
146381645
242993487
166134210
13342512
146815654
2348590
53742374
83356040
175592476
200507917
236642617
124930131
75677011
120254916
125180729
9319684
186158867
169257250
111234054
200553157
203816042
53694562
167434941
111296697
7013280
248596504
108039660
244909279
122416881
242972046
236975170
111101673
13395009
2473954
223808498
223681494
173369524
86899280
143203511
121939108
114185249
205072031
180030069
14234392
22585059
83811524
10642656
100844572
56250420
3870730
171693293
246720333
57990752
84990252
37896999
32617621
190027844
203576195
80582549
9435423
42854960
7601265
1288344
232539859
108551054
248563313
61768671
149874546
107575009
30400622
184449695
25299578
121775644
150159199
120660445
65454642
210952012
108811240
37900521
120058397
3250208
52869950
17634675
151481668
121303926
212704304
104520071
16939263
14386826
148914352
22860621
152939978
14976928
1368991
163706102
10777
59986244
1774307
120388680
81035452
15541736
69212306
149871953
179008538
53531663
89486998
15336861
153714663
223744840
144865018
28207491
66422855
83353613
54788396
242133034
27504626
121183033
225550276
61925148
145486138
27635438
246868413
120329809
13069285
110513799
207291071
33053068
14612308
144499097
23935639
13439485
149307699
1309959
55715346
62748476
205515245
1676150
2631996
30597882
201594417
16774764
42854959
20914055
36426894
68683402
118047626
122384808
26107863
220732483
248172422
102312398
121020561
146252413
120394020
90195521
163961232
152598934
9758567
19615508
230115567
57082809
1315756
38846487
122278494
217024186
165625627
146948423
242057175
91448890
82416507
1126127
248897810
121119215
9039761
33394830
234394995
17358364
975054
26163595
217085637
66185290
27208174
148300743
113225566
10717724
3334922
17610233
115333881
161585672
146778634
25389128
212506617
121634274
26195334
53426189
236069186
1521517
120063321
208706061
242985091
226053204
234567660
146824033
230241738
39633127
15811833
100342273
111749695
242203843
14957345
175108827
174040914
1431192
44385020
121683977
98512977
143211396
120474554
83213902
248636891
203384462
16757291
175762208
154825510
82131156
1343013
53481344
64273874
222845280
25727467
148102297
101277815
120989196
201443984
101603174
16152961
199359993
161508444
46564623
242901771
60208640
11055143
14326795
55425827
236975169
147751069
152464820
220897695
32466023
246727917
38936560
150433696
244164764
30578785
62341738
20283039
28295173
248449764
1527386
143759069
41394089
16976681
2326256
225466174
220316704
16854327
25281768
242913867
107662944
232536143
100342175
213417621
10816544
10421382
170237175
125086220
668219
124932514
16043933
65077581
6327222
143216400
125086460
172301910
183239952
223953132
116191722
209626886
5834088
35051731
1120890
245130896
24241376
3589337
169408939
10563650
150330777
177409793
111233678
50467529
196795818
120165924
4494155
200553158
34566163
207174852
175749650
246975453
10717203
205049280
121037067
95652705
120941281
206477763
25751140
16758828
171680319
62553836
19661342
227153673
2132032
53155162
211245418
27565250
105083180
227202225
18545596
3144716
144845251
120894047
122158961
121213647
99400963
30926970
166779996
236324804
225558913
85528874
200972698
31746665
117636324
35002904
90891821
10631
230577583
203056300
149015904
120214599
177127844
23139776
83232388
152596742
224479401
120949292
204975460
34800624
121791973
8369164
52595818
82577131
3417031
58647360
143223521
245191246
122210691
84986263
15598991
15381487
146885576
15721619
166373795
183294663
168475861
232310419
210738620
72981520
26191400
202192791
27646758
25292544
244157212
232945207
248611068
60889338
121021510
3325859
148047343
61773859
12905493
145448040
87838680
15482646
161985416
9008075
177148334
228892356
245460749
248121595
91387682
143273734
108732800
236579876
19769920
28925077
112570935
118285010
230705813
147125276
120420145
83184683
3929513
95842805
160115691
23689279
2123643
245443594
143185581
1134273
119095578
152472098
206277089
230187959
6178005
192501234
121538080
199562782
52182080
86550993
147274360
170166285
122404702
56224409
17967492
53989096
91211683
161567808
23853334
120983325
57246742
176278383
1531589
35054574
224876851
222881345
175775831
27498088
146922040
100374264
234787275
30395119
120504391
233009727
3001630
121117229
3544934
221668450
151948004
31586914
116784920
8851022
74948128
160410407
246718742
178387549
200518304
173631579
103355686
34639792
195002126
116196471
178753980
7864878
4834084
15580860
10026394
201985503
147751068
83191166
74533153
143252721
88906906
2426631
116741973
13110365
25283911
92026145
83122100
204264949
72981342
165582253
231063482
248793281
31424796
83247164
160114385
154395635
29708027
121925412
62091980
144693430
3698593
101686051
19016389
121339804
143799112
1257583
12578936
12938490
246761354
120770231
173609895
26719678
206604711
21253534
22916534
7797914
121021807
17622959
83264986
31642211
16029059
35034413
200973412
1081066
222832852
114791403
120039533
60381008
83201478
22419713
25331712
2324851
3616552
236318217
24414864
241725530
26804737
83170974
120905721
185725990
65924224
155121936
58170748
145151038
236582014
245312932
85620776
149789122
39641949
44507685
1701044
241435184
30671712
113293374
120715588
245296917
108233845
154395278
30224607
120881578
238188647
120984976
99340789
121086107
83256991
83454731
152209692
116236696
146985976
58594266
120031609
12568507
82009156
28847070
171729772
12042846
181225466
234930106
120413262
30686575
121391337
109828817
14349932
5315193
119623829
239254233
222138326
30322572
153793800
160933675
143910540
120469084
220728384
111607553
20665165
3228849
85521845
6341412
13340947
110429683
12947825
234304410
246965555
109698595
56092564
164788748
207142929
152600988
70078806
244068392
245939396
111944232
200557107
104499958
9486212
6719657
83152028
110460983
120892404
153347924
143680846
1162568
80040981
16774763
207444
225770344
120502625
1038451
39102109
3181495
113635915
248564991
26596859
245416149
90935061
89104906
35051730
228069762
40497978
201978769
7015439
21378959
245303247
242795253
2318225
120148267
6013813
154749564
164331671
25804661
53284104
2047814
42877615
69737437
48224557
54479747
121792254
206118589
19628365
198229502
99833945
1981797
244108224
34081972
25276849
235309488
59246555
203763324
232553335
84986262
194100417
121402163
55996137
120111053
248044522
77190007
121075109
10881497
227091197
29452129
223791542
31600584
116600600
146677791
35063851
113493425
120859788
244143967
145974928
121397632
120674044
61329109
245298178
1368992
83354506
122222907
42977334
39522881
197650803
53208869
27072698
83281570
108174377
41668182
28855375
143258503
171906252
5784957
119316288
146365996
167084085
30694237
124877050
52849457
83404096
28925078
242903315
121336028
173885522
120504517
122130690
212830709
121279822
20169543
12676631
13178400
3300225
155117177
16060266
7864884
75514103
22832088
85505007
108174378
3345827
121769949
171728358
2181152
11846584
10573828
53618674
226048144
80331135
121029118
143638884
55497320
83412590
118063922
2754715
246761355
246727918
17843624
214543211
120664352
2597904
209941662
174516166
145447060
182985036
117355049
980382
83184950
99854528
110489488
53425468
116210870
54702961
150159322
202231820
173609896
30404739
43997508
228068377
146447637
240624136
116902604
62092350
209076550
9336427
58439000
236263462
150113844
47934545
143881831
31218894
121943263
114305731
167112983
148931844
10563651
12079411
73806620
34634030
1226260
26521896
248557960
150333522
28212260
229135920
206206915
24345226
223027215
125086004
125085940
31252994
89481755
91789261
35023690
124861997
1533151
83313391
91875756
169385846
161422885
148821097
230298223
47166279
87284279
62091981
21649961
28952875
119258753
59651653
35054573
245664241
153349565
150557644
163755256
120798606
14957504
2591579
121229941
244062013
122168690
182689240
9634414
63670
41609055
172260649
39225286
26803087
66230901
61904065
15227595
90155060
120806609
121139135
65101415
14612307
120943135
2905804
52584788
87284280
120902788
15381218
52173610
153351834
12878162
68685636
247379098
203169176
15001018
38453094
20531150
35519404
74620027
203379782
121748878
10799364
198075249
22578547
10743784
20454643
239623587
26596902
66823306
118678611
222862830
109055482
248614782
25604128
4037060
125086808
245992588
114188179
75980667
226625924
226053203
182620293
119623574
41736208
215719344
9352920
22187626
98372714
85832201
243998246
22578214
31279905
65805090
120476635
52739090
114237833
95542703
54845137
119986308
115060793
29310805
198369359
116408144
3946253
3966038
192944688
183216521
20531149
201112558
1139129
212196978
120848491
48174379
80946203
21431588
55047229
125086414
152596522
206064295
25331187
203705978
246742024
231077693
222591036
213150809
162460623
40950838
9613785
234702337
247785471
25604548
105863930
28300325
3277373
112815243
120260966
16158696
50240947
61219639
1297166
93004148
23464114
70817434
40864016
56648334
185712642
25553023
27646759
247090598
62202723
16050811
118617856
51965476
93312364
75692442
180948206
72197276
117720536
53115166
53459744
120406026
153583197
113419941
200890151
155087842
149838379
27307939
3284895
39718251
226936960
7835218
112805949
12169437
238117623
236260374
120815451
202171439
233086429
247030943
82077882
29300376
48174534
165552534
28295128
1428247
120592089
120316989
83208110
175709342
160370414
65645077
15299339
68163383
21503276
936358
2316619
108209212
120177173
3497602
121792093
10318502
57082774
28295058
226978400
168474272
246064765
237030266
225269494
9180545
116244876
171685316
22039197
1706748
240060138
17729967
77263285
85531555
246718776
182011183
64564379
41679093
120355707
96678584
121015682
86217080
228556792
2311825
109851497
26130455
209910990
161667514
3598884
9372332
143242040
25281552
203056454
38425445
230748202
122271029
234815911
25623085
248882588
108383780
43139694
246767075
211532280
198247859
11333589
76707331
118064350
6314001
223783691
169404596
151647292
19642129
146056840
40103086
16027716
3294952
117777629
19635785
122126840
245296916
234142157
236581008
26065170
151751307
26863363
241918038
196815774
122433676
151038849
120805389
28948906
169735522
15690206
201641038
47143736
241230504
119628061
172097168
149051412
241128992
121180307
53992895
1935133
143223486
65133421
121924619
39775056
17572656
203721776
248911786
25553164
18923100
35276062
2331999
86632579
246316569
121100271
229850834
177196011
221812830
32975099
122458398
3287907
203175704
220861553
86628152
14957071
121149866
52776628
246391527
13293852
174615396
9613786
227047754
246742023
108834232
11338406
152527312
118569549
3477852
125086318
211376212
4834085
50664519
44738680
25276384
121308001
20685501
90595943
35519403
160377630
122494432
14962351
229881918
1197459
13019640
198389527
227081602
145168307
62189616
148649612
224034199
17529901
246064766
120889725
8083466
236935473
83183929
201776437
121885436
14818444
152924944
7357038
245763184
35491196
115990882
14346302
244794216
20686081
6999602
3499012
34989815
175326888
206467023
3697342
50828564
108366577
116902605
4976173
57164605
48242578
53991805
83139362
11460419
114754091
228193817
60643551
17295124
25127681
152361121
27477637
174888793
206400213
159941967
29522125
211539894
225700253
25264447
15037023
24684571
227047755
7661546
10987576
33324421
120904901
146383515
116788182
10699151
244008413
68389911
121924926
21640024
150313264
201532903
207737207
214544738
59647855
224555837
117577915
149713195
27498089
109849904
61307338
209061779
1484012
53128637
159990272
240078229
82956337
247062055
5405444
223744999
122381031
76787322
95232199
121007717
169384244
118115329
229138937
246731373
201247638
121746400
122387651
24508484
102224102
160115174
53795382
244112696
120717729
5604935
125086072
54624723
151084557
169404595
55972978
143766240
7862969
53103185
240714496
3966039
152311334
39772768
28295113
121358959
60492575
21429597
116232688
66484080
3710220
244940026
148072876
104046795
53849248
245564103
52222534
120718771
248383725
214383695
147308502
161669439
29727156
32616440
160378703
119102090
31217354
171409178
248746708
119765372
121743103
89328119
240082782
97152234
1225284
5823931
224722653
2448853
201043469
21968643
52992270
31217353
209771199
55056354
221668451
7682442
163310533
11787806
237449097
89494345
211733375
17221522
229786212
120428967
221607132
14957538
172415773
13307629
17660822
16286012
210968695
60643865
246002247
154783517
217451799
48642307
237402867
75523601
89273477
15403950
4770108
162477089
66338815
246221613
247958843
236801499
150781674
211529918
224654156
37838866
205051323
121007464
92026146
46034579
4780300
2501309
3546362
151483420
5405445
204175919
227036664
226741627
101037759
91445404
31292317
1546962
58225405
147075131
247131812
3264529
203821149
91079213
1076488
21595599
2899590
122055451
175331465
153354260
120885707
1365199
84478681
111514519
171696255
248528131
30001950
44520956
118705345
148590308
39011681
53646474
8083467
229182770
27064640
19574603
122465769
26803134
76475249
37079735
19299900
143297483
95075179
9734247
104499957
248742635
221573554
225628863
12053501
120360309
14957070
120266374
64666833
175419909
120067775
22578535
120862794
181880898
62658369
1367995
15231469
177408864
120406419
23793991
145448270
1028593
238657721
18705061
227830800
199618433
85615015
225717950
103539198
75678938
30267038
154287734
41291386
36303980
228975672
229072747
66427118
42167766
155389659
242590161
83172153
48679873
248164385
150252705
143326839
57106757
75677010
244139992
229136742
39633105
209778550
240059391
160955030
69962863
213486819
217080708
173655208
1751679
83355812
11339345
92044570
208004657
233076640
246728371
10028442
38964590
227082485
228067804
120808532
22032343
165622054
211068994
53971500
25178085
11560010
217524225
39869958
81502088
10880839
184546717
113660478
27852901
228852083
248084445
243620904
56288864
179466457
183215481
1495328
80134021
88906664
53481114
26846357
211237963
245532487
195220724
2690483
151822300
1981983
109696826
120406044
35479841
47169853
228062419
204277043
215390906
28733688
163286325
1456805
60675975
15690207
222716167
171553247
247170770
211526082
247986481
194657730
90183420
8105187
167800001
1415756
121637801
35076344
3570992
41973738
980497
6453751
89752786
15537102
234818147
36159500
13195533
144292660
183393712
17315633
232145071
243998247
225807996
225628862
101600627
51080710
223743651
207145378
120375789
121191277
90949991
230273106
236911436
53106466
44762909
1299355
35149386
35479842
236978280
84663951
217583427
52742195
39099259
10630543
47053122
119577311
120159290
147403356
11779130
112204882
25412245
76112596
65755097
100908114
201256568
240713874
21253533
120272883
62000767
6174373
167683986
64453094
207804329
27649400
83488769
10572827
19032018
3106155
247130816
225756783
183284900
125118415
203876762
82072345
223456072
82956315
43149996
208596600
85283008
113635914
121768930
147104435
186691280
107570707
87742903
184965256
120495622
117215573
112763542
234179608
235587582
109259773
30814825
65392468
6007819
248809027
75536803
36466372
182141830
12861654
200959346
25146047
120106412
84663950
214519231
121143615
108716126
35068343
27644588
171688803
247451251
35279540
103660401
84532356
25305790
245565582
3150900
25944637
244940025
174288819
100412153
121771309
41772037
153583165
16692085
62658368
55495385
35339297
204221482
117153414
120247692
120905776
121394496
229294503
2516116
27921510
85668033
120845806
152145122
151142628
39633200
227036721
59793954
6913222
43204953
30751293
39775961
15426080
226568271
66257770
227230913
160440087
16035100
205662395
240624135
13216394
17646549
52985857
234344157
33368848
143238583
238117622
54465011
201623727
223743652
54021156
233086428
41024504
197785817
107851096
7441001
231630717
37443088
242214919
213926757
150300199
21833281
200957068
41291385
1734811
183222010
154538377
160377631
241784236
20701620
57161365
15307855
228832437
11560640
162477119
117636325
2309906
98659439
227030087
51127577
185539010
245178515
227496087
44219992
120097909
67600748
145064756
55023031
106427106
121151723
147505809
6391481
52869885
160653064
241318569
19471692
3607260
59533429
65137380
120848427
100113380
214544737
1198672
110107440
240624822
2186120
66456198
181330247
60280943
25287072
248897834
26282352
152831077
14957539
59449426
100525820
236428740
112671791
26133645
175951881
19636825
24354122
143637155
217371031
222039781
81372511
191740797
247030942
123141891
223744549
237821664
121139095
77953398
208596599
53344876
30480868
91782717
36178054
162143893
169296991
10636218
146936201
172020649
10573829
236978279
242431522
110601405
120848359
231954568
83371217
200508583
91598918
217486757
8233690
112965768
246464123
18510664
77089
184672410
32378862
118852582
3799433
30254941
147233268
120581397
11460144
161654217
57551132
43131342
217059395
10509873
3942586
65137381
60208729
227091198
211961523
1500719
120159442
146776247
228376901
204829369
36332226
113424218
229881917
38215862
5136980
144442192
248569858
207818348
224660549
2316700
16102945
46800391
55594954
211727650
160933593
234787318
166094142
29234066
26803422
53425031
54233105
243640855
201128088
54369292
227793804
54510010
9883718
201776438
6172927
9383318
209713867
53527168
208763337
220799595
211376211
120710360
107648013
150451101
46346321
53370977
143777083
147289362
83481488
230296284
28882999
70326124
110738537
57739550
75536814
122348493
119853280
162996919
211733374
34090174
121356726
3870729
10974326
121397742
229179061
60827650
121303976
184766917
47219896
54788351
60131118
85479330
232097409
244793177
8114631
2893908
8087614
121275638
19632959
1462186
227230914
60643291
225749699
83487918
54294771
21893643
211526092
152596521
76180449
68162260
16971759
122169760
2469240
118109509
145165433
231954569
236937120
6867863
69098134
27496923
27569113
2043606
64321271
15184176
91546924
3332898
113883431
118716574
25681222
2932342
121007449
205052151
64533853
1523574
2459698
33480230
15715832
25553579
67209074
208704023
89031727
1162447
236937471
25298467
120705630
223806590
181461312
227711152
41788962
171695470
33912223
208231151
30735937
196795819
120862795
18590339
54320554
44889678
200260791
94238604
183223793
92590870
147418419
185326125
116369445
16876784
21980217
27654299
122343795
143188128
230383626
86546111
161452791
201010860
38425826
5441198
81177076
85532194
121744123
74750657
121022255
120952704
121741905
120941295
64013594
84987431
26596925
109538186
1166864
54844018
115361750
120410351
227153672
244012431
89570949
10743896
4065598
55016066
244778096
30262205
217451798
2805599
90949990
229396358
214595977
3284896
18986254
61873367
96858534
12578937
38462711
206053120
203167191
120848349
229169178
3104618
43318210
3592682
56422300
61325882
119022134
146497212
43079140
13672760
117990271
124173237
15814720
211207104
118808462
147595264
235588532
243040227
81995395
28022211
108178051
211677516
46778592
70348494
244139993
211534138
1018404
181461313
247762207
12893990
118573827
83350872
247406140
56513421
94130042
229783457
202179768
223471135
19062436
13293851
54784806
243776775
13050540
26673648
231063483
27308175
1073613
143680048
10536564
122118988
54908558
211525565
59586495
58976005
162479370
8307187
1903578
23796372
1241876
245745544
10924995
226568001
2244114
179228204
55972068
161675095
236935761
36683759
2504179
165607516
3264468
217472461
248566153
116408143
35076343
200569834
202171438
7835217
28999876
3582752
79881931
40302954
5598359
66147872
201239136
64533854
184451075
121747216
246233342
109630352
162763334
3603472
83191251
117041777
227281979
29755705
4230197
178991168
116132323
170237174
11333588
227740925
161795003
30858170
6739077
205922994
234636992
203168260
21863360
2444802
24491034
95640641
60561831
13935194
198247860
246491431
152255628
217476556
13690656
124930881
30651612
3459620
21024431
120221292
19769302
223448922
225787842
33310176
25796457
171715365
90062960
52742196
2282035
2886564
123389584
122416035
35477389
241936927
236420953
54844019
247614580
116414982
211529919
25299475
1287986
152597054
54787920
111394508
37080297
34795565
53459766
120384592
3142503
25428337
20306322
18309103
22860431
65645076
202177800
19294738
180711370
194644174
88197118
70368560
246401786
61748278
53321209
66481367
668341
161534807
209428028
199365724
40863478
230187986
24457724
19854601
45106451
223766915
52428487
37081519
37057146
227889460
235683368
2692560
17301565
201302761
31659413
211242606
147893880
4156871
113926962
178597642
229275714
111057794
237075367
77233256
120706860
42977333
60218831
53742373
144405643
148203188
211536705
15722845
2998053
78121563
2528480
154294179
52566007
233119938
29448006
236185063
28503813
8105228
60583526
56702297
99044889
169663069
75751507
25406250
38964591
835540
193959173
224045862
10663197
63351062
85643348
78935846
37274808
244127597
66515203
1006064
112243598
62138071
86269124
94678108
123236026
12932507
53053836
204366091
53992896
160765049
2121830
144525837
108191962
33509251
226759767
154965758
2144314
37670061
236737254
114322693
121943290
35071230
54844026
109625465
118520219
151793219
12950175
91411573
24960796
41249878
146933567
240500594
35071229
3763149
118520505
120333391
37898558
41764373
27639621
12950437
13800524
196065225
9895159
31383678
47058563
201990363
199767508
204275710
120851773
245766130
229275713
125087505
110729266
10711431
82250412
198209885
162585553
9837169
116055198
146821160
2348591
55007346
43571179
19591694
13594888
10644632
6980743
18451992
12912121
160378702
3546039
1344048
118083514
89560956
85538905
57891833
65886307
114307507
6341413
17503805
7249974
192563662
121751416
121737455
54755300
182359917
1634026
119601826
247426802
153583192
120932787
236514597
54009516
964224
61411773
17949456
121329040
26345448
246438939
33356864
230220761
27911284
120234123
122422660
239266529
237107390
148955683
25359391
111984541
226618842
16036191
120468381
599528
121105332
120079977
106134689
120261096
241555481
62349906
41678229
52739091
43139695
167112755
143680845
7480992
168546787
23834287
148042457
104849694
36962442
2972626
247291746
39807833
203146002
223017064
21719205
41333938
30497244
145024916
32245067
90950256
30776101
41605372
45763401
22876724
120723166
198182036
152431480
184084880
149733294
9435422
201520485
76981
3689582
226785679
161579102
121753189
119561202
14834652
161606996
2124243
4489695
3380143
172008745
247522230
19452274
56834962
121732322
15129339
212626193
12582287
169408940
1113704
109255478
116471687
117207494
64132716
1922875
25008942
25420795
21833280
242007582
45115715
18272393
209740920
248434331
119395203
35505406
3194647
231077692
1676119
2299741
28960515
57566570
231077199
10651140
120876839
167134031
88911888
202032221
217577936
6818732
118641066
220316703
185326126
10668358
5367597
248657138
204274986
120760257
71216543
119896550
192906091
174675564
1162581
247910257
53481044
53053837
6174374
205058368
85051329
13322419
13316223
10983723
151132187
2595511
21919358
122430230
119022135
66454972
163592168
147299711
192857118
54010474
88602875
13944635
1219941
16035261
228833009
244112697
83351875
224166075
23935924
15428752
227940291
720695
61355739
75909730
113636477
235538014
173181824
202708143
205256940
121755812
121124561
58882855
217486758
143250319
120355669
211532629
122270128
237123708
125085872
185948699
241931713
181102526
82250421
87770167
13030433
86671552
18648580
21365910
13105986
46840682
151132951
851648
174711597
110580517
100337772
15537103
12924952
52182453
121644790
10820595
121117312
39268730
25299211
245797639
36392267
72660
51711121
53505021
182281630
3287457
19984848
3790945
120350938
10857750
79541388
3472825
143259139
21250863
212730022
66147873
18880024
37725763
44520957
146533639
110526989
115904437
2498821
76113164
179991419
146883468
14699
32944849
173838019
205974234
25770790
180207276
238910154
144022686
121775144
54117754
41780161
3339209
80331098
181461316
30506212
201971089
245024578
227251656
163499124
148525134
75027328
121137785
17520260
88412372
100342174
183021037
153552230
203366059
2810300
63628179
120803760
108105630
167142946
234909042
203180945
168112308
77005453
197550718
1133123
6349434
29711501
56224408
58930715
168883737
228725528
118132259
2507173
225749199
120086673
27852294
196815737
145021771
247396916
248742283
70057367
214100305
84904043
83922435
225168591
94047758
54233139
223745193
27288495
223710584
11466710
204191809
3554408
119023683
27600277
212391873
56391528
56508418
145527096
114140010
217463338
13299107
1486031
19058746
193010678
150335918
221812829
225792445
174745744
173615066
214879316
10902634
201321858
245414581
143234833
59612492
2342137
114140009
75734133
233379188
122416030
228105606
160084932
120236356
173617845
1460857
54163916
9353346
174848985
96654755
120935743
246218578
48642308
146004974
241239985
8355860
116589671
241239986
113843049
121743832
231018399
179630002
69737436
2409621
53141732
27854653
223808497
88901554
25273382
143212076
27909583
83356046
96822059
228415354
56231160
60209459
247115929
76491100
152256339
223719029
3490803
243021463
164004652
233123561
27565296
25602142
69447116
52742734
25683846
4108078
120211484
57569175
95825095
223898920
148846314
46999376
25395100
46778571
70815874
26544709
217744185
1444255
119240397
3001946
213409268
52171150
143265526
173832658
72309888
121469556
9319352
17596769
50243054
57161364
5412430
17118432
22264826
45790350
120703477
58962960
211694471
64446269
25947469
57388511
120648743
120721105
86269123
183397784
41294536
7433403
38462710
28960516
54845080
121150091
225799355
39905631
41708960
123926769
29006213
111608116
230333104
17573498
2413900
121170223
206395586
143886102
248528717
82388470
36433967
30091686
84150003
24574818
143230792
61311071
169761410
1500541
32405442
152459455
114173574
34434808
244486517
206227686
117387972
110591373
13292308
244874244
232918568
120403917
160838686
27911283
120823748
74106347
228622080
11714524
9077479
90229111
245974480
25035310
28290139
35200519
30641541
1210896
38426097
100074617
150556965
109685389
143424067
3229993
201415230
6939759
24153547
120681120
95418406
104936460
71111043
10717005
180683970
243802322
89911425
7660906
86411031
88677066
34900962
174888792
99733243
22800177
39532571
54698713
80395177
24273760
149560107
82070593
204791193
10575306
246218570
30665043
230315370
167462621
91289165
59369575
1814839
5829859
201959713
35477394
223116289
160944549
21596918
35477393
99574971
65646702
208806377
7233736
20256567
225844317
235823650
19261497
3287908
93000514
159996068
96797160
152795791
13525960
65755098
53129808
70926618
120977536
76731170
2755237
161616648
245997145
101770840
33561894
19854602
120048629
60348223
246664616
248883696
42741427
15426467
7797948
118815231
8233691
25380328
111573627
110420762
203809050
207662466
6887913
1500720
25321585
143843199
873077
182036814
152462693
35172076
44609943
2549637
120663457
9434385
63671143
44073457
63432740
11525089
42722475
154541236
230234403
205153934
233379187
202702724
29825627
112547806
179551951
242950061
12809218
119999604
114304978
124794805
80872181
183547241
186324608
19058075
209699005
3911553
61064114
121051307
149686204
224851892
152584420
90426046
7670544
54411619
197349969
117153415
19642049
11796790
38450432
50467528
201776424
4665986
181316057
9370852
117312299
214383535
229416227
120907604
39949073
243397607
233022784
56295415
8307186
236487226
90928297
175578227
217456017
152196240
117397738
232049310
151702721
41502027
207281345
2472437
220112182
149303750
109890183
217182297
32978488
2882781
5555342
33576185
233039671
59060121
201771367
47934546
26138432
121743104
225316015
33292382
34760358
53138926
10435396
209764464
21922409
148229997
73429129
227596222
7675621
90935062
148121378
120953067
6728957
125131940
244360502
248306643
1494615
143199057
31199343
217371032
16875042
2554472
81721109
246731374
230400145
33254421
116214924
155192003
201234212
1750632
149478060
227193355
116603829
3287456
163348021
45285618
28544242
54584132
234762524
233799809
227224380
83441945
120386115
143268380
150032390
224039579
117252635
202441966
19309547
2123679
20513114
2932127
229931845
54394771
13830176
26952062
91668735
121775983
232287696
40797204
167536012
26688174
61838511
100687115
112626423
41055065
28980866
213409267
201325979
120000257
150534757
121791881
3201763
98947955
94860900
16040763
65127976
166348179
154696880
9869909
77284445
123911865
83647719
120146391
201248169
222500375
162479371
16232481
65133422
39626730
242057127
83182810
118064523
154146021
150319828
122442359
1027951
14733976
151132670
200844016
87668036
77732636
63498126
53792144
248473990
202177799
152788081
14933168
66164429
176291286
148508232
52182067
2810273
232885689
172244264
62140457
5333216
3074879
200974520
248064342
17434839
27432605
224045863
175385975
143210099
225335621
242431482
150916176
19591695
12871440
12864148
89797904
30398335
3016812
2568514
6798722
55995913
191813628
85538841
145463053
101141929
15882433
234117613
111513028
145539944
7685943
116403350
52182063
17269207
98513205
6053490
9870198
87360396
220466682
65217888
121738660
30678454
9031635
146655841
18588724
113638892
120860340
70767900
152603229
144059402
120848314
121792467
1515827
75651614
19430211
54630120
2607299
212258611
35492254
86342252
12870815
161606935
44250555
152196014
111269399
182372698
30405763
92686122
1688888
120435639
120110313
214383672
112160557
146693367
232232699
31735494
12210165
227276478
201320216
39023549
65755198
161340929
211931867
18016530
120454734
54195589
63498127
82888051
12037285
31434342
151132680
15381191
26282365
3684467
7591723
104875830
120722393
120230942
210448227
8247016
172291284
53129487
61944871
204085633
238038036
245335915
32768527
1299211
201959712
16041382
196931471
121834553
155062397
2223171
9109072
119853773
143251495
15840541
102641581
1260190
83008842
22718678
206581554
56794697
167613636
109490072
26159348
24057955
59587909
26596793
76196579
2426542
146469394
9693524
1736918
120652248
12906220
91729226
55311298
83213793
11927591
107952417
173448808
149227120
3380418
53481045
27854531
193872632
113533175
206778053
19472968
203825625
120454050
52181651
69945140
233273726
162422955
1027890
114152099
55676296
81367645
34081973
211070274
18363756
13004482
121751406
120086674
53520208
89911426
58129668
122449172
24358237
29133053
113755888
29310806
28158958
2366244
211626011
44219993
1156439
237865595
47169195
232119204
10423711
27909582
212625751
53111523
9370853
58703297
26688173
217472250
116403351
121938773
204562345
244070268
146468628
121207348
248044526
30597948
88680551
220311504
17588377
57139190
82070935
201274718
37010903
1461496
122098788
151751306
146706135
48382619
151210400
1359938
119022582
199982513
3703213
5083719
221161016
229363615
43616652
54233149
239727702
125179569
19564071
45251779
54754213
242974595
89869159
163802888
91289183
78300497
166708266
107261700
147327615
54496938
38806868
223231798
55056442
12881987
167073526
235886800
122397785
106160680
173613284
200074654
83484501
62553853
168983154
19404269
120822789
120645671
121021201
18871042
120805502
121015893
9351317
114322694
244140123
152307896
2810357
14378546
121938930
120344833
242931272
68492409
212460619
235709230
233340346
51919204
59587298
149722387
210712888
10435395
7487942
23751497
71151922
184593751
11991911
24491035
3671506
202679087
116736760
55996138
228832513
106924564
234380821
163343750
4209035
164495077
223699119
37253906
92895759
121886859
223487406
92527142
35725280
145473934
54911931
121031025
29324985
213360142
26545034
3264622
230138299
6331405
70020768
7867791
230003787
201226168
161281784
243620076
91180129
230706172
149109468
15214916
234394994
29827620
82070761
61328960
197572975
247406311
2598015
247839169
118115330
84539202
183679345
1751693
10973266
229228365
27566840
67346449
121133030
29455019
208488897
3433394
5697582
59655957
26251027
202018362
22832087
120770327
120315496
152599568
18452215
227580705
20171907
9014802
212274464
120349581
121747231
59935116
148072917
223487407
120705631
226635905
54194580
175154014
244960354
120333883
56515953
21221212
206711310
16036270
90314833
247090280
1197874
212442255
30862235
47979615
19301438
236936823
94883114
180198639
201021312
181270323
30876424
110264108
224891614
148525238
2335494
50664518
114783906
36522190
212399517
2504152
143307777
11709983
9562123
175321430
43579902
120238261
231081041
212275472
146041661
66656988
203276096
18208450
1108986
98424821
152599569
10777575
3098340
121965634
70077622
228193818
143632480
52182111
35587883
10609
10619980
201162513
61800942
63403816
206110346
21418721
236850746
7487953
42442041
109711587
22856315
12878270
246401785
220086860
56416455
228368227
3958300
25428338
9594059
120817411
75384090
4666933
113343043
143917761
33508075
185061253
242925561
20159278
21822786
210939242
223394146
43616651
160953063
70267433
92821450
61968659
9661230
214504483
36171252
60878901
228447100
9619855
38927359
25090402
19628364
53408753
1968979
54860752
64081757
105863929
154519875
48435795
223869563
125182661
26778119
57367626
11127801
3114192
120481967
191601779
34642110
16491067
178937278
205230970
43079141
59314066
206960029
146881456
24864124
3774489
120967215
179535909
7613540
25414443
125067125
2551707
39761350
95525501
108247640
200974521
58729866
172659378
25108659
122458389
27852897
62217388
183211270
82694740
227233794
125064162
29085387
244960353
173613285
209805672
120376015
150989066
13670941
39701306
171537963
212189294
36434699
1281497
13390206
5721840
225939832
230757902
74709980
1485510
63881977
89067595
20578605
11881354
44960415
150534756
122443857
236676611
27921572
206367299
81215168
150373082
115290169
598981
223125624
175109130
1663759
213400775
6281731
119931555
82058137
65019952
195067453
59495964
206110345
183624482
167627321
12923624
153464892
10643180
80872180
9577904
1508499
244776011
10974325
59607315
244495707
208904787
221857192
1599324
17463246
21422203
120848315
83174568
25797567
1077507
11270846
121001384
199342728
17126936
230241739
116918902
108376224
61459404
6201709
148252381
1443043
75179829
21520619
60219308
123911816
91642114
12896163
7672959
148283685
3943224
3595742
191443693
16032359
6470787
173453521
15805580
205682207
22577973
227686275
116687670
211694230
87360395
24116478
193578779
91536188
33576184
10641461
109099007
119949577
9130610
5792753
26201758
220811023
115151096
2566539
59503572
53412692
190386153
202106418
110328983
62249683
153973549
64644863
143696742
243056182
210188056
92450024
10429231
15805581
76017966
119068807
21787413
67356338
197821812
25636720
21480347
121508327
15937962
207827280
241029056
167811314
57169879
180260507
55883695
226631817
24149297
152305649
54755161
3017168
2574274
90856615
112510238
3105875
30745332
15074317
47752865
227036591
121938787
197813945
226385093
149643814
164616357
205675904
226484322
2506947
85948417
170054769
39099258
19424422
143911498
116673462
3426403
91079110
225718590
200268996
13485440
101182089
51274349
90064599
598950
21331276
170609066
978084
26829394
182428869
43137365
94901303
7641984
13796526
205101394
64444147
37081648
243135351
36801902
121235250
26201763
70203040
15934422
23504202
177507428
212321301
211226429
57224767
7433402
220817563
904213
211611730
27173355
4695875
55883694
8361218
19564988
121538097
25318386
163119277
146835418
99861471
247093517
226809663
179968302
26990002
198229503
11602284
203815457
27532492
1315847
65755199
87427481
248746655
24081525
53310201
221973786
70449108
36544611
38853688
43366354
104771389
85929886
20448644
25201290
3640291
149890816
46455683
98947954
92978412
245550026
4570318
165716862
2024756
106791493
28952874
196810062
85534663
25530096
5862638
18611428
54240110
1977712
120898836
233380783
41162551
59391308
83990276
146794410
238095206
180222865
3426404
217472112
22160569
15378069
163343749
70557855
23734573
108819544
70464074
958193
3494474
121012554
19599713
68599240
64416210
207523808
94883113
25331668
149922344
120048628
43442146
32617130
214213388
21341069
18292011
107813098
11029085
203827629
15001017
227115132
116634331
161281873
150644412
83281512
150514449
87609409
246446857
147823651
3641558
162448593
67322292
19574830
52648739
81249939
90334820
248336049
169761378
225804556
228556206
37416909
19564987
115183710
120348606
76113101
150526281
243088846
149082035
54806339
171094025
247106038
21094322
147796376
11045134
121021555
246605723
32103019
61800941
143762783
22400477
47642729
103050429
87770168
172471961
214684594
143554297
247430260
198176792
246233293
227310881
43000917
1332814
227926301
66510686
83565743
3463038
53115161
20568198
54671597
1145540
3676523
110199739
41274012
240059352
2831316
23895599
20304571
3299676
174847356
8921630
87253005
108834233
200074653
149554504
27383860
229774663
231128789
122285737
1518417
111818035
220377247
53532087
2473722
119058396
244829342
173575733
31884850
146914372
198796040
25603832
228069454
6148104
119691270
227204995
9899690
18820217
233100826
172469446
62931133
61653794
120879305
3117538
27905451
121754566
58229580
211539893
37160177
102929410
90928298
14482098
11791870
18610350
83272102
32980604
47469284
58666123
239900410
80040967
15807945
144483545
159996067
120814777
10667571
202318029
27072939
150086718
31695507
33575495
233799808
80331190
122491241
83182613
57701448
226403421
216765016
2310660
233130286
120425589
1141060
53098582
103531272
25397757
40957837
146759945
38182003
71046109
95595928
169040559
85925517
114086651
154356619
60568340
248564922
12008506
15738321
1837455
112235107
30372425
39045593
110591374
38846488
89754202
27347801
118003946
38445176
175711461
242198812
30314955
145107481
201443136
77077663
183720801
46424028
163107218
244789108
35602257
16035005
61904066
113843087
1950630
42154895
3575223
120308034
1523575
235357371
27533550
87579374
120953156
201251225
231845674
10891872
109927552
90950226
1352454
29359561
25553024
23751023
37402613
233352556
15921186
15156209
48277291
91923600
55565890
43674642
227334450
223394466
119853279
230220760
60132098
151121049
244348664
78936110
45133941
234575839
204959271
28292021
170102671
245573823
179455129
26829421
180195145
148965491
85874579
98393994
33311318
109008630
2569896
54121134
6115358
5910307
121007560
4064961
38064154
11948679
94907716
70020769
14654202
197296713
106397770
57912932
3608236
26646648
230206992
30326110
21919357
226611333
90948687
26596433
10504324
10943100
3360660
75980666
42226409
21628652
179134984
1191614
175074464
70416808
243161103
22665314
1192144
203606950
227036722
3577906
21023404
19028634
2079109
120307469
171721098
3578462
120650407
2459878
60526676
178142740
56550054
248657146
20586881
41032840
121878863
223445411
143818251
16981183
120576192
10857813
66338814
8870882
244495706
8926011
95075178
6505159
159779054
30578610
6779132
244776010
29311459
85163706
235857678
121627588
111303375
62402680
206821380
71371364
15001949
60495400
46413722
30702046
239727701
89010310
30231062
54301988
28128496
96822058
241949956
223456672
53464630
45779751
103531273
210349682
114805295
117179558
120370304
200885144
114699816
151133131
244601909
46585245
58492217
92978381
121010390
20349601
15429339
236475933
121965625
91875865
3478807
162857783
206924652
53576091
12135648
143680488
3549385
161037932
208030829
211557183
270684
206053119
1625070
120866294
2125552
166708267
117261888
56152581
154356618
13923978
238176090
201166487
233015649
153683792
83647782
120682489
22264806
102833758
41068685
212981346
98294832
54795277
176133202
29303609
212431764
86829130
44518339
120335885
26779127
3873566
27034866
3824867
114699817
196937393
53093717
26163634
110824526
30374669
215854649
6494588
166740404
1134834
248705260
244307299
43349084
18452001
1663758
89370998
174824119
93424839
13800525
96148410
204161904
150325734
1955695
154670966
119280049
5997144
211778069
7641545
4779872
27186962
62553851
10726748
20150110
30223777
43660472
161268612
220346272
159972975
30704796
16038126
63672553
54127935
69092456
12905542
41716338
212438706
236356850
91678787
116930825
3310366
244553512
234377573
152867295
122074349
227099114
155331852
16014251
30276243
205582145
228055154
3945912
37566371
183707110
63281875
22908865
25146046
213802875
180927283
15433205
11532154
31304352
146755393
147310397
245305661
77521899
36417139
83356137
23793784
213808579
29960690
25052285
12540718
197309525
8360492
22233951
227928667
97505388
161423135
197309526
70445066
53984520
183658494
29947099
196783116
247220432
161591939
30571942
41043000
75678401
143253701
29006214
248573063
182439464
15805980
43723783
38236408
227276346
143909345
1286542
56509611
13315194
151038850
217441372
5948699
48336685
37302883
31117226
30836195
32207182
148964049
227978108
242965957
52648477
234424954
103848133
245359143
180187758
12930427
43985377
26936129
184401519
24371539
1517171
46840681
154322601
235691002
1281489
180582292
115152234
27925520
24543852
210194416
3164989
242921086
2068241
150527415
96823151
155291918
31642212
83246280
201364179
57922795
88412369
120576193
18672691
234276682
101455823
4626158
89888669
144433066
40738052
92611003
171736041
41252996
183720800
14957734
152548131
70348495
11704279
27536048
19171815
54754145
246072030
32245068
25320584
151418808
121006836
197296712
29727157
83404097
41708959
54792667
83144030
121938586
6332042
17432907
169721130
72531466
39535763
68125880
248945122
46849682
155206377
29541423
91637605
94951417
6869456
83686789
1942781
151133267
6694714
26297151
17772058
75173483
208703038
15799999
234507844
42051497
119025507
60643198
70086450
90687888
217466492
244116653
239519910
16516360
201958062
83181115
82497868
54492516
217456016
8995405
20179297
177919883
47574905
7802305
3561132
2894787
212391872
224349954
70398424
60641970
98737316
160387699
54698554
917838
64201263
146977294
155401345
122043278
94002289
23195541
22883968
70326123
63122885
10673074
98093588
111513029
3683033
54495491
154843967
964086
27519375
120650660
124932518
61553264
32559172
26545092
246516192
146815615
34186806
111514520
90886045
204906769
93757946
31847762
244955030
44738577
239159549
172469447
212708947
243050824
77002234
199271032
150664515
60106740
19960482
46815212
21603299
149890817
213389721
3535235
94948297
7440236
154190027
62266418
211185926
41123209
109149147
10394891
3235374
43254906
6818731
26863077
25321543
120511023
85166982
159844639
118597902
52622923
44760024
25684182
169721129
234370710
120189529
233379326
121098275
5948582
236268662
96052845
150045195
13942542
183211644
68386240
25684808
91678788
212766052
226105148
52648478
57057829
236895974
113853008
125086032
204183804
143610420
1332780
26200062
201589787
125085916
6694713
33587116
63302306
69945141
150865379
13394982
176969980
207013507
1346459
47088901
14022059
3570792
229260878
176600592
146821226
90214829
193471501
64416355
9862372
150542093
48106191
31773696
11348687
93000379
27548921
175831880
151132827
25770715
11542580
43765787
150453647
2948064
247406282
65755143
224056847
30322608
25515879
201425392
2473846
51970
32524531
121046627
121123194
247452481
2313689
30496252
125086742
36780409
171635062
121196777
152459456
46165493
32565987
3287540
212451309
235411473
76017967
42153202
93997165
229320604
53029458
6104286
248409020
110601404
3238058
17373044
13440311
71994421
95052857
100342168
36962580
5555343
223223831
208047213
26420721
72981521
19497232
121153502
236770865
39176096
55687132
119021647
98371755
39888417
145169186
27574057
212273529
52869881
26214007
80331011
6282777
37718799
4596607
4779873
86842448
210935165
36183050
37704120
1321089
10729166
104357467
54165693
34636547
103790968
53820138
150139816
212449822
230249223
165841095
115667041
180479944
11665802
3219500
154379508
15096602
23519800
153595136
10649385
85828494
36781099
60748454
1750565
52622924
120832657
38870565
115015118
120129182
216905436
225921194
122448783
201466953
234065438
42542842
151714615
144421009
60150778
10919185
116471907
211214072
24105388
150664514
69888428
160082127
174900356
234469113
19111367
109239286
2617343
155437291
231831512
58448920
92130573
225339031
107790937
1495605
115773312
3005763
75841910
230532021
52994697
220345947
212392697
90503689
125087638
46460861
206486418
161340930
245745894
95104650
83916083
196819227
148059228
212449925
182312199
28179309
235868765
59199777
232232698
39932057
3515690
15228206
246927978
44539265
26641134
29338744
6501240
88774989
205016455
10711432
183985685
147423890
171736042
115817343
193858089
83440760
43558084
6466573
199787871
2419207
203827614
13441944
108909145
27072631
104644519
10438214
44758438
47979819
162900349
76363468
34103500
59006942
21426633
25021087
6321537
56876065
226761081
69910978
223691381
116693638
186466666
75463280
245684653
91560331
10724816
153007415
100632094
231368613
26505362
63122886
26164775
3414182
247087848
93424840
102133732
40396076
204556611
175219885
245816689
86899683
246010048
228212286
244008412
52448576
119991784
178495993
233034068
16195304
18441333
69311547
211895994
36099418
194032853
22277187
212093657
25769485
114480450
13290323
37868005
29689619
148051785
16139172
201382556
31188906
150435120
144743766
54991632
226424435
53122417
179511124
175607035
155437292
53401016
4703393
216879454
65752977
100617636
228004035
124797462
25060607
193586237
163631377
7802306
28242638
226479317
7440237
7903957
17313122
18923050
246526250
220246004
61235420
38920692
207314659
146926430
13538467
244778097
55022492
10782711
1077078
227883934
121051277
3476947
120684828
64081731
3697167
2441864
211237464
27940192
90629074
91358241
16016879
220472369
208678746
120108506
53173692
43136742
62452241
95068628
107813072
82124316
98917650
201284639
203639728
228335711
94975874
153605627
85333182
26803535
46849681
89415784
10777322
7441952
229127094
9036698
108492581
235538432
13303230
7896842
36611997
232123759
121399432
17265256
227021891
55662106
214465380
23595338
14387668
54471582
203890994
87358970
150059494
1531590
54317922
120503635
24157391
150203334
205661930
173393041
235267797
8058204
110739078
29971091
149029845
153583867
1456826
26159869
223316549
40956060
204282926
198285260
17656064
89936205
44524168
207174851
37066363
54770551
118496535
29581754
234374879
202599410
69888589
7558399
7563027
233206474
76703692
149632484
149896039
51602043
201771368
117290374
44523983
10541704
41475645
2186119
200983318
54981737
201325769
149897345
226132611
1193048
163640125
101373409
244777746
2336812
18550148
81748217
25770384
112022864
16043890
149388068
7674382
213417024
25702021
26774810
3216876
25331841
198209886
3403243
42929216
6442489
85180622
38692791
203445860
2284767
114173575
23331448
150553025
120204452
43640118
90214830
12922872
143426350
21627120
48179
29845730
116976140
175445201
150241806
61449684
90232409
53527546
242976139
229774664
227185754
5973913
59461390
14917274
14631536
162000196
148466796
1331045
8156685
24116479
203181574
121792001
120704875
27351647
182255654
148542189
76596057
240754061
3264660
118825072
149023990
85929847
210495773
167345085
25398690
1280333
36436524
180745457
204117197
91968039
59167737
185916499
118284307
169953736
8100864
246713518
164934167
33408655
8220437
24122301
58211002
8930789
196637401
21263022
70398439
51124112
17646550
932976
18871043
224439085
53464758
13396634
27655437
77711475
205979491
147867836
155070295
977972
54213846
9798085
120216179
84922599
146054027
66203863
13950627
31438470
121508421
81303208
92978281
194028776
175749649
42051496
3754382
3288980
242906846
31884849
3294605
152757429
23499980
30707203
3876238
239101631
25395764
95542379
180266115
43840120
172453265
172464856
1974040
178657675
203168259
120811235
225852704
147115162
223896880
153925420
26079335
213443199
149971229
59207270
37733409
246519134
15432608
43114590
93578196
91631230
12011013
120909224
203225878
48455446
120845503
19642050
2535661
2691318
8245731
65771983
36801944
51500939
27879825
146556581
109662295
109121057
1625515
904197
69966689
168933102
26291374
116857785
5596433
113456075
13789053
54699595
89931714
120944850
211222458
47973895
48325334
1971221
14773797
113927369
87756288
239700174
53694322
234284578
2932091
4706679
26352981
10274039
236229246
36514855
248071171
65647493
232343285
15811834
26032717
13197800
160109438
152271719
171297212
29041008
101367855
230314207
63203501
53464156
1352351
230284825
96148411
171109838
34643586
117350883
117423945
245590635
87676485
25199461
9040119
54584133
5691644
37638438
150003123
5834854
220710231
206736510
113637130
52725819
16484247
3411880
173156673
38544448
54844398
6281732
150392396
241782274
92024146
244773495
2094984
53482992
54909936
7633991
15059424
112865528
14928322
11936213
234575838
245424792
120165384
224722654
145169631
27060619
96857703
180263766
176615435
25400416
246719524
115639025
15805979
182312200
148189358
119152506
19262504
61328961
44596493
162788004
11045361
87457850
53304301
83369621
9337549
68389272
235135162
38125995
21693700
25294704
228453471
69851219
8137418
209764463
230284855
125179638
25136511
24358238
3212528
69851218
204284326
241434114
41011771
69418572
55418923
65171515
21978249
175574545
89490989
203490292
3104785
90987961
191992963
119058415
108915489
8353003
245191245
102227274
121965747
75700185
233415700
244955031
206661563
120228991
169935392
13439528
47973894
165546866
18759581
39238174
178370070
6505158
2605286
7483694
120904956
53287611
25389096
9848622
98958916
182686498
1502497
53004837
30814826
234378000
30658980
19501076
165730330
197572976
1026086
212440121
213310349
242660782
174575118
181727969
248562717
212093656
234930965
236236472
1281467
59534928
150392397
226155349
3942587
212275473
71046060
46424221
150966203
10176931
53530940
230602282
154196245
2122877
25414115
121346998
146697718
59537689
1222945
227974614
89965028
22741249
59592895
14804546
60513877
210474351
59365058
85140670
53308469
21520618
212991769
3325497
21503275
146539598
22801781
11316560
10656823
31727583
234380820
17892367
18917351
1190855
225787841
121293752
230924574
9537600
10028533
231948535
235793901
6729001
124852548
25082855
92978283
120476636
183681475
151132993
247020635
25772696
18258110
70464073
230189120
75682160
121014096
2213677
48277292
49350413
22560596
20070915
82521305
239157540
21927565
86165914
233041893
77397382
118084051
125118474
148228649
229330185
234370711
21523277
120879306
57877592
1424801
186466667
162000195
16703119
233953559
147719821
83303000
61598878
245464463
2554670
7663474
29964108
116697432
1074469
54414437
185404257
9852191
114804490
87358971
121254193
234389791
161050598
45547905
153507980
22870827
3169933
152307678
37451306
170952494
36774398
26803296
26819184
2923222
53370964
171765915
202074204
108419819
194978034
118520721
89415419
205507428
212711026
6349435
118947003
55342834
1228798
227793643
6174667
82533940
248280516
53425218
200885143
36568081
32932272
98212247
234109902
77270825
7598242
217472462
54950338
196817716
120722394
25072597
26596903
88312911
186349533
56702296
45761494
85643881
45756826
24093953
1490046
69984002
61346778
15961825
235369335
196814526
1926398
235778622
25105949
5599032
18784666
53499792
31901471
56260413
120805390
212910720
91646068
107556512
207014062
25603529
119676571
223231142
119624680
62265521
24896454
2446034
212744997
151121050
227907844
28290140
14711824
12682184
14079733
231833079
98153241
206094816
92457423
30634861
214095548
247076401
30251115
143439080
16703118
228073325
197405755
191119987
3136131
44250448
89389176
92358409
120334794
26866816
119900918
4493841
37019623
29695642
161274634
117999022
167126046
1359232
238041484
150313272
89965027
47848016
239109561
180197496
108267206
203874397
175128066
55807678
192008065
10987091
16013631
22883068
235369336
66856428
3243488
3227504
143722682
13657730
116669737
14140702
161381556
1133079
3299228
3537029
87355863
15382881
25276936
27229010
234269658
19636824
30875507
191950986
33142278
70355197
149105293
30332267
212526862
11796789
27199348
239102474
120353340
36413985
15015851
6977103
170094754
154309204
91973263
121189153
153611966
75961390
46849242
242043730
89429865
185916500
6264999
15812837
87371900
6478706
56290818
27008398
227240920
246519135
119152336
41187165
10640163
54273997
115018459
149906029
30444037
11846358
180209746
997204
57057700
82888058
44738574
54178570
120858879
182152620
5601824
2501310
202599409
171721099
61810141
26103407
213503551
57036342
31199344
225664047
107376281
208774688
234267740
180935391
40808418
87427482
205966596
160327462
208806376
82135326
200849054
120322498
162556783
121139136
54315857
25769314
13113118
94963666
154146020
200844017
230138300
149632485
3569663
110980947
21268965
17618165
231225364
46343820
62307211
19643193
89797979
59233715
75177347
2214906
247181319
88105867
18183808
21877520
211557182
150502038
203543930
228922209
28222656
95570072
23441220
247856756
48012209
89749946
89508818
241435132
6695665
59653127
241506368
241705744
240354033
211894513
56487142
60250
35197683
22439965
113983294
85556060
7440055
16029692
120334052
228906488
15896836
22536836
18187030
229288371
76487519
194859319
20891755
214672605
89964390
225834172
209589222
199621804
69715700
1166212
243500591
202152879
79701046
19769984
54243752
57877629
227648590
1960816
172190259
85740992
225806989
60780054
144525520
32980603
225573535
36303163
169881005
9591818
111894244
56091028
83198207
40052818
55226987
89541440
84676867
182912170
124230991
92978313
175683986
248067998
155009785
23617454
245557371
19304962
242038303
36960030
227632807
2781125
230012002
1166221
48300032
178529120
146620169
179593572
81275298
109863265
44968317
143993440
88275044
53459696
20729567
162577982
24981220
234920700
27642760
202533611
33869808
147347883
16076564
12879870
146670361
82077890
237816236
21518145
54258624
61461080
10037971
63424374
27121337
235539739
180688828
183961335
54441832
214100304
69987177
234920701
45807510
228555630
16996772
44415395
53481029
30112955
48134292
17487589
30408706
26818656
17216597
212725034
11927742
53576529
230743054
201891686
61781880
227973028
111529998
3310365
85748591
16024605
102931399
200623666
83820719
54165692
173173638
44539266
149744692
6468408
228782366
37769292
978077
85535390
57502086
37683877
6083943
26776418
172659381
44518340
192797640
143863057
13236246
4020951
41736207
121067325
194048485
18663634
16000205
3550868
150354978
40355030
108909146
53290863
119676567
201421902
235694155
168337332
150306656
86344349
92189548
35566342
248922185
211727887
226930518
45249123
201941754
108375982
119168537
114804591
3978300
212390200
54229960
27893888
201131619
8342162
7797248
145448289
29448696
82682738
234333416
104578439
36256326
48358735
10107256
30376488
155192004
226929132
151133261
53322011
26331598
121131263
3371788
100644939
23594682
19175855
13615136
13932556
30372413
53542703
143832841
217466493
48151176
171094026
33316963
20924629
205465056
230300069
31113018
108915490
174615388
181955341
200195039
62000305
77442476
23505348
24971450
57134519
9537606
77239744
53049633
231874411
247128777
210463953
248173977
7909043
34773862
236513856
211727886
110889420
121021952
248847970
121031065
221677334
26100532
30417676
2535545
30455265
30016201
216010923
108441715
46620267
168958376
143850368
94889701
12548195
87357715
7662039
53969536
55027449
11449863
233129154
38849613
98881612
6173996
25577559
36632519
30788012
161571283
25075428
248503429
183624468
18958756
146577548
171539220
111681928
58145371
4390348
90351439
147310398
53190581
27588504
148087343
182062698
232119175
121149481
20450578
124932366
243118689
3557429
241026924
2316951
234395226
211197366
12782826
27347827
230256192
1050808
11517123
115254301
5045916
235959860
30013647
91656893
228070677
27566498
1353313
194358460
86806258
231454385
28537960
244718850
16239703
74309354
1345423
1121033
119931556
211894514
27581160
43086440
60908756
51565081
30155392
102230355
3518478
246218608
43603431
223474565
16230693
1620017
28650179
122376797
30621695
121117021
1664828
109253708
95156972
227884486
34779007
183659487
5914824
204990147
151132149
65432186
52503620
245245699
194785604
240895462
43811590
58457361
225804360
61934212
43285897
25884675
209128920
11673577
245685698
37708708
148039717
82071537
170515056
4689504
3233584
23724957
7880233
78801966
121299998
246790320
121127178
180272696
58957117
27060237
27562122
229681710
120825273
175752561
161406142
245945049
63735076
234713016
145169709
25686997
204122116
85172977
85119766
37714840
4734806
146907779
229705837
48569727
25090398
9351982
33575496
53836271
223065857
120089707
55574706
165058005
21915176
3087070
244160028
198740348
89922628
204157250
143591116
152433957
186194900
11164266
240478841
63421162
49485351
29488386
5321829
236237366
53347556
5527603
30100996
122123349
57253212
162270762
120394902
16976866
58470866
10856161
212779269
181354674
175331464
58075900
21682510
43096972
2427361
28563053
36328137
48006700
94076582
1075782
116978101
163640588
146791925
224180266
43253718
248759218
54332092
120420300
75634034
206659139
83206997
26213953
23803127
32663957
120879002
96438840
75387238
213772697
21921695
1279442
19614563
245443291
143216096
6980775
53102739
179959482
41179769
21935732
171092018
202599356
181381489
122107673
163427941
2503048
117706297
238597304
223037282
85203460
199970832
224479400
30329495
17228640
120945806
2878339
54302110
53283669
111530134
236231614
44564007
12902628
179778767
70416809
1479309
122137435
15960714
120810261
121344250
163427940
146584162
174847129
15221901
13253366
168151187
151538779
217159024
202600702
6134520
112817190
85827535
84650853
69509841
87357716
170744267
28125953
103948295
227648591
23503594
248812780
121005823
119622371
3870152
8339602
56295079
204244277
26883774
104357466
11777524
3110334
37414776
67680295
172464857
25009078
82215661
6311551
1535739
119977506
164125443
205507397
29706009
85556053
83535548
58644346
14063955
22772120
109687123
119949576
236241999
143648176
234389792
212438705
153686249
185269073
1186940
246221603
41674186
106112541
28340072
30703651
30800349
34771000
230574760
236646599
1347831
41032927
54514486
53581716
200064174
54585666
110739079
92739269
53501656
26514099
2316813
45109613
198285259
151132151
175489838
223837928
22446033
162270763
114630294
248499627
24923286
42993167
143641474
122462836
120378336
3433003
56657911
6012136
62146143
169766287
147772674
227288001
160170953
56089710
108897592
214590185
38796567
26646927
171687794
153722204
152790433
20594380
244078024
208703037
163158876
56162232
153610753
181637549
33307463
247211721
27588514
7842415
113913147
236226699
17503804
177987683
210199840
227530036
153538420
230611122
117662633
2009414
27061710
13394981
12882942
202058981
27547367
54275396
1363725
28563052
237056923
201425393
212451310
150189899
120810730
11478185
150458496
212185306
209188259
48552102
115478944
90619692
227972835
147549045
25636719
53992908
6083816
1186939
109898009
245245698
121268191
87458059
25483843
3296027
178982655
18617312
212725131
27624078
30469037
52869774
70197395
211836112
53654689
40747214
240052854
30346516
64414401
9521171
120948587
110579821
21593317
169761324
146749698
226508653
11847545
196158252
94912268
24114590
21928480
28300324
91685301
89328123
25125947
150989065
234377572
200841407
217649444
58145370
71217758
25507961
24729925
52623644
17913341
225701418
27477628
4723351
69969039
225062069
13127955
74732111
9262602
27143683
161170162
239150865
40813194
16996773
6971358
25643403
171537993
83143779
27013521
166664220
30974020
173264441
15071314
62686870
208859208
149816194
245793082
30692053
22159461
78376580
54286858
1450789
29394047
20578606
228773966
24946656
2160341
53523330
4367409
108855176
247218680
124794002
183627946
91410874
248761930
120853260
43526133
199959658
84708197
229066455
240534888
40628159
54307145
93613139
172453264
11820761
91866899
236231418
65140036
46323579
62031589
4570319
228492869
222128078
115360807
26280792
42388795
3588622
149127253
28910557
160955029
45024229
10821051
1187135
222493572
21928479
212060608
28301033
30080388
6342222
13538468
25653803
54195590
1182564
25564041
52623632
26774769
230120536
109697687
11902078
223699120
121058160
54602572
956817
220364577
63421791
197228875
76152146
225770345
245943617
82821479
4779071
3705892
55566839
25555891
91671670
39289946
56892217
1750588
60001488
57258540
54442635
151344596
230850587
246002248
167836627
26980681
179848901
248655689
117998994
18200865
244603217
60640494
10749621
15708515
16207838
113907265
22740739
56380671
150325733
29730958
18313129
3123251
200900112
125085920
233352555
242922018
20328371
247757762
54258240
223215246
15037131
19576900
69962843
34533303
54679877
177056009
230135149
25854084
87660691
60489440
85511999
112152470
116545243
205447682
236709133
245793136
120842904
1924384
143799113
60379012
21343126
236051636
3112518
212175615
3100897
38236195
1410615
43312569
25856876
225679349
52638184
27590545
6139987
86963743
108798564
55269046
47166106
18975871
20635844
30871668
43931650
91865907
82072164
108354137
43313616
59434709
57940247
245552947
67257211
39633144
120409262
194702391
248434332
27565103
32191141
24334367
43674641
59592028
227391121
14959143
44597997
9334677
143776000
54998981
107227517
235886801
25604017
220086859
122395391
14503205
230112991
8327901
211778068
49541366
34008700
30129422
69139361
63500332
83138206
21823459
25778393
69984003
236721050
1979070
94963665
247013213
42057336
7335973
951273
21268966
182255655
21766242
58653646
146821413
173448809
173779498
91651755
120611549
47757777
148964203
161087637
73719870
245651061
80495512
29214486
110789487
143260581
210997852
231761169
202601648
82104177
24089643
11710711
172388183
199643175
121733052
39772259
111749458
121938788
13381558
26705431
120945190
3269260
42888426
237510226
36396095
7657021
200916486
211712968
162556782
242741453
55289709
1280973
51443
180648333
227880449
20158124
200507645
193958086
51483635
28716528
101602984
39698407
239273308
33582298
200187337
151367468
32800049
95526008
35233791
41125894
2544754
54359129
85429461
24891162
93067267
223762060
21617822
51086119
51989098
246795933
155257448
3352826
26337158
166610185
18875100
6096815
31044229
32563692
26184096
29389394
125179589
230207340
118832939
228773967
10575305
147298648
2031049
41068649
13485439
152692912
207859614
145512696
245128618
62753666
91546826
104595003
164359486
21943544
86815297
86232536
223478196
10619981
183664354
1452067
3358586
28796954
28867903
66380231
23724956
117303125
3081383
1606591
227806384
86167344
25791527
53503096
146500017
54602039
112507029
168119227
21787412
121315290
101443865
82255965
25528262
25778138
10914610
24484251
109799329
26821616
40355031
28191122
28543159
155576876
60459650
45953339
25044810
71186900
116637488
197605456
2802783
211757686
159950929
52251164
230839465
55564710
29557192
117300745
2503805
1186414
143920808
11665801
25299663
223969730
16658920
181066723
40516369
205648238
26934948
225939796
91169136
53029457
1537172
49111358
192753294
248585900
223215245
115289162
234278219
181815283
234841622
15215576
155307149
21603793
26457236
3472655
121751596
58378975
6096814
172407905
43990680
69771887
82240625
148441101
201920302
197732863
76389998
180256230
44813148
41027490
21791178
153553183
144965921
27883653
116569367
72318244
24343602
116961993
169761371
17469086
163176578
1195100
44992953
54195561
164573584
79701181
227490477
3775853
54154954
1297168
246339766
64625576
192663841
9004829
119025329
228362457
61798097
248847971
29295160
27551901
10438213
120892688
63227608
68390322
37454515
94776141
163366580
59206198
235587165
248333204
3234139
54253975
27593105
122491380
215760435
100307522
87447315
228791100
20726168
120355500
29326221
121554829
19301437
1384275
146942003
226522018
89164964
30096617
209889237
55564566
223719030
161506201
16172454
247372614
12880778
2952175
26514335
246229868
50926737
13056943
170744268
95570073
77634847
248550546
152028954
151708724
170834043
213004665
228066035
159739035
93407922
115812910
112074427
54868327
159714696
121644463
16043566
164217593
116664623
28352037
180265400
57082808
27057703
201320554
1191941
242931210
54744318
1336563
119676576
183630503
1177351
213808158
117032008
51724346
236049437
211536761
61344756
212249846
182806190
30898445
54514622
27694620
239786696
24807402
995277
16206002
22951765
229758448
57052139
120434141
14561819
11391736
70398438
54698650
169748796
120121408
198836601
55565629
229438894
10440065
52741191
216491507
143275818
1854899
228495157
212825603
40992753
76942477
91160146
89948912
116996143
114196304
162423987
193951036
52395326
55305018
221457795
182695483
61702083
13996800
203145520
173173639
16695223
1535830
113853767
64554094
89365070
83351732
248754442
56048512
173913842
233106568
1191942
61197280
199773547
29689644
228833975
198246145
57088011
5779252
216402787
94951418
248506504
3127870
6470880
117669563
51771518
119175188
120112191
109240008
1526779
3817206
120746001
38225605
2085406
89230829
43192451
212811107
16694854
77732637
11403271
204029105
88583716
172659375
236258658
246351648
83140427
68419178
201877417
11812600
83122086
120952347
25681151
54671159
228936068
90217736
172892435
74587097
202854552
56568718
29131393
211245419
248447628
121005791
155495947
104878591
241690300
171667253
115784352
100145504
35491218
19284733
53485253
161348824
172644752
119563179
4754691
11322699
245686793
84801854
88132288
197294611
32194873
21673930
209687740
52673786
172388182
5896850
87309419
9054656
6442697
203718962
201958501
12848600
124891860
22093956
116626337
61856651
199324037
62051011
62049210
86842441
121005163
1067375
213407215
6085347
245577820
236069185
11726538
27163999
116595019
18113961
115360502
27102102
183255954
229223577
118735456
236294959
10577623
89011960
27480987
226449394
6818065
8930790
211186271
108941802
59537688
27377575
117722762
74992178
48455445
236242016
120244783
66873920
28583511
9366491
56131763
107575026
17732195
15278496
171329018
25019183
3094950
37722550
2477826
245737483
53014056
207067860
63576701
87635131
5874528
83369213
43307157
30169360
165385972
52319874
626833
208150648
1860551
30930168
61650217
15945915
59250973
22883069
44103714
248945046
124797570
1197873
68387883
92040876
118306880
90217334
121623755
224373776
983959
245673319
236239631
20044848
173647998
42743881
59582695
55961727
115466446
230861516
9025221
243492394
64640401
3926538
240024863
26023398
62125838
46509359
29960545
239654171
30204386
6163090
10194222
53175964
87777564
29907360
227335513
27398365
85825170
178633806
234129681
164934168
120236340
118680458
44011367
3514333
13932511
75682844
1077687
181341965
56090656
238689942
115949682
180290709
154638731
171154755
83325367
199271033
16402007
210656297
217440722
50686529
6877791
91669276
1179872
173139525
116917662
29942627
239337406
121000562
58333129
222595152
124924060
247067791
25368662
84751668
208060457
27289181
120360657
202010327
46071423
214673184
26363251
3684306
229681711
29963184
25283575
85529110
54968304
7981848
29507549
17372842
181787205
36666106
248762308
124940736
36165855
5381919
61728888
28776067
81289851
71081876
70057368
27382704
81505551
183228879
211836113
19609872
4362424
40838074
197847429
183937480
25346426
144530188
248564862
26828008
16421984
228455122
182830915
41294535
1495606
97962056
119155173
11847546
238135235
5966857
159961881
3499709
211757959
40498934
1194714
76267172
24336016
23219915
55425696
6681714
117537324
194435198
53468821
118423105
51958421
27472200
51157602
180648332
204294431
26182052
2029270
150644411
30104061
14936029
48431025
30117370
41068648
88429347
108968731
117768923
174659809
2405838
15285728
11835419
245045844
3311269
25048293
32164383
1195099
22883089
105162174
63264809
153595137
54580917
210179890
117397948
2550250
95371297
20622879
183681474
62448021
58322983
227974150
248944900
45761495
19222487
944129
209706254
114505814
5889593
85557066
9849448
27117203
1738358
2767422
95071437
28740893
198345627
119465281
8278347
121228421
45223391
39495970
240129563
12138937
89010278
3264632
6441753
67613878
223890681
54768146
56092727
233536877
12862834
228909144
183707109
199092111
111903315
120710426
169385847
34087460
169276011
225871810
53303435
208038446
213410946
174712753
84908577
92005253
31737579
172659354
58051213
1016966
25464640
236268661
192948612
89967670
75030484
17167337
17218486
53689238
31083668
11270847
3966667
94960379
108046970
38849612
3468953
107726415
27065031
209129370
198951541
205989495
55007181
117581760
7457905
21872461
2978664
230104195
3547128
41076552
245673150
204345529
22601260
53582929
28338216
245103162
111726592
52301271
42993166
56380672
104085575
248339681
91775175
149730205
153631864
71218936
21972034
190793342
53651860
12766701
236233530
87376734
33163784
152277901
53092852
27719092
115068395
29652432
120355674
65127906
211035342
115360640
53313403
59218586
20312870
32249205
214350782
22874102
91152344
173563415
210179889
71656537
41175014
222866633
51532592
45042402
62094350
121418620
104543851
25522432
103494063
15800000
120805140
27657416
91928228
89948913
29697484
1184417
1293416
231398769
125178667
87475049
63500115
228906487
109635558
25898805
29829925
121105006
28594747
200639211
121057081
30376484
29934019
16400518
220466335
153405566
88657243
172655086
222952802
240362899
70416784
62307210
231014761
179057135
56689680
28191150
12913597
10695464
24216322
21850109
31434355
51334417
231521193
2567041
30949159
146584151
155576875
247316211
90772305
205146610
91382107
210451012
242931225
185234754
2498365
148841571
55455216
148177933
61475184
120431291
235091756
2568351
66188406
54630001
49423735
45162525
29971712
229971798
175103102
6130473
145907808
242931217
22047131
15985180
51893670
2930595
3345694
211757685
232878846
42164726
211874510
83443808
146182456
47083048
224200524
204289081
212827007
70395812
104177677
149892715
248171564
8186874
181209383
235818775
76772248
41350807
99599881
28269217
238033726
5800779
232113575
203175705
86895956
53106467
668417
85529735
206052301
17883281
25393914
24942807
51500938
14564018
124877085
16432588
236349933
41117402
27117515
86755551
242021499
160936909
146813819
25089184
41439553
116917027
97173222
84601725
230284856
30385001
89994124
244080815
153142822
212854863
86656923
116918854
76235893
25740793
116644537
112786329
61655079
83330944
72336347
52623639
5862121
54901377
17445787
58154770
25517719
199990881
210943493
18670562
180976401
171295803
235116336
55221715
10482654
173131885
40717433
205573039
2884952
7896843
26073753
199482127
115949681
143207556
91739865
31074318
3715013
230847148
30386238
122123170
54592641
146198893
102624481
247030819
63628317
17348133
206816263
183664355
45286018
4771346
91180170
2253200
69526531
150102034
57643947
230748201
186713660
69853403
153988406
54120344
110129714
93132625
198545371
4162180
206072075
198957875
160185956
192708916
230845449
114079629
66482855
53469772
236638317
53330148
2479622
177063425
87458060
25318326
112336413
120967950
63500116
67043984
225316754
84927029
171292100
54381959
2376422
15070580
64117453
85101715
92302640
13646119
1531090
87233228
15819619
41814323
201959696
216370095
63421161
70193766
197962773
2054263
1191613
200144774
229400907
26286173
122038019
195721517
28663274
15683479
55807838
30796096
53418575
2856743
1467951
28282210
29129826
153297690
3881743
27030569
15069340
151210401
29119607
6247617
9308501
64554095
41129588
117258644
200895247
6444763
101015058
245797004
44839768
29828761
106023568
236231613
197388612
246551439
205589186
192595229
43137354
153567806
247372616
211390795
242063856
180588798
117363185
169738992
30095403
242782030
121351565
124919248
117285900
217652301
18179169
3114364
223691380
84640821
171309417
205916831
117337781
160682179
167198591
21217731
200070620
202057029
6478707
31743334
12781660
247426801
178441995
120946498
155286380
95105666
12518420
17150000
43234911
242289434
242145817
16208622
104687071
27412676
180419182
59299653
41119080
46694424
154294178
83234512
12766700
15246948
149626670
85163707
48325333
42304533
44991445
88582176
113237923
223641075
25703558
24336017
24807403
54686484
1186335
153780732
88543402
70416785
53102728
54303448
121047907
220864098
26163506
97228980
96823152
121695167
150003143
91808552
12400887
1143258
233961517
228257305
31686032
121744122
191130460
246083095
41118024
41481688
10815785
41186025
24999052
159807214
54121155
70420557
27331610
229412448
26172178
42438333
83161102
171667254
238365774
4109722
54601983
3317524
6464340
55495545
2683167
2239706
183667904
2441059
222938514
73607175
118550183
119152507
197006897
94953562
143941562
29311774
1287061
205164492
212625100
54325421
28121347
4500449
246205177
90466620
7602570
89389527
206052302
25516791
15769
31107218
118707670
52908060
12592118
169761316
1979307
15022075
2074688
161008418
198301317
83771759
151434433
167800267
25973054
48483282
245141594
183998654
248761931
204839418
121593514
55972004
120945189
208047692
51598625
116311846
55792656
161140628
232331620
182895432
62238306
111915549
52732743
30095623
40830841
21259691
57662423
36336857
84421073
239163499
118687318
64557121
247584459
27481647
90103609
114024985
58470926
226363041
230286592
25398726
163158875
29592507
29325036
246365420
1299405
10668490
222887689
228366248
171649719
151132640
15204511
55023146
30155393
78851320
118639494
53129820
174453992
153292518
26596846
29322677
24729924
39632987
245323811
3294681
113384243
57258504
3104544
206960469
30821840
59051917
199825117
41034578
9211500
7905529
25778778
2310456
121767219
44095002
51404174
27156073
86842440
85607312
61798098
74523938
203890995
153213557
205523551
244297269
164525888
92119037
30989504
116608011
242626613
74360035
51388611
26951157
116313382
185402980
121615342
121161843
9130637
177836420
205717069
32579277
28843568
118697234
233067300
25295403
16192980
96405380
59538761
27759806
30318200
171228127
26531811
27303102
114452956
245471338
171154756
112710608
96246819
202194388
228489856
117650503
19442837
232882639
12521778
56290819
30727222
151112172
1739737
65928166
143433565
77687568
204035330
239413035
70592055
120490000
179381262
53514694
50058894
20158123
3413696
65613747
27031097
154457989
28301054
34838874
3963414
11948601
54467877
234450768
2433404
66510288
183670829
171139917
115359953
171755506
51493803
175379040
236592835
27117208
118831594
239934775
221550934
26224825
116533780
58552040
54325930
86757119
230135148
114904241
3178145
32088010
60640430
51490480
39633145
146738737
59986404
116641411
228149594
204858584
31516269
175241672
49067886
61648169
62205117
120813594
37606212
232230199
206727002
246088596
30863141
41100785
6025451
16146596
205060993
54261029
195557515
227938054
13433803
61759472
1712023
52361367
143529932
91612003
119030498
92383672
118404844
37661208
185234755
3310937
225036029
21257635
171106419
28876417
166344502
109025416
2810829
30189562
122470963
183670828
51347131
53879120
59206282
5853778
177214364
201377656
1798974
116588677
18113962
61385003
24618668
235636283
155157490
53328885
18161413
20465294
92425745
3682950
42721892
1332779
192087484
25517831
166276081
25684632
53366706
40169761
26029200
29417481
160485154
25747090
247012183
55332644
19629292
59299706
112043411
44308171
197800692
178600845
28554092
120419669
169935391
144545776
234377999
111915373
198127326
159736469
53320503
1212188
79594184
40166909
217101883
58432011
26367564
107938217
55490747
27357099
23503349
234374878
27108159
113623841
243729669
71093182
202101385
53314768
53433570
179249722
229168955
145064755
91918329
54610440
8995317
85536036
114918240
30793498
10939154
148018194
175010985
115290544
70255616
29332669
82072289
82029478
61048649
29221263
95519510
41648330
10815747
1257415
201365093
235894899
231996168
56417244
62168948
120810425
120907546
241552499
153349564
14436086
3607272
30810077
206302361
53667337
3915930
82508035
53425260
20689221
91983728
46541688
26281041
57387715
41024505
110729870
241975909
1282775
29338637
215829371
125086374
51627509
91264458
239699259
10744665
148236224
54380017
95595927
14930929
71602413
245745893
21390390
26320559
70722962
149662393
228455123
70255112
61029193
14998625
116098655
13944413
248944432
47693376
95071436
121258487
54770735
56611125
183689119
149382407
3875660
155190017
54243632
109177400
30868718
161591705
191512702
38915258
53092857
48549887
27196747
180222866
210985119
30921960
54755188
20260854
173244360
89936206
27562336
248572683
168337333
78190615
228427549
18356070
45462524
30831246
106373989
164745300
23519799
125087452
120160717
220471271
120413216
54496721
182670026
77399731
109900793
206253174
31008559
75758325
200903745
248564863
83292324
209908950
145562727
98412518
100525821
30118898
32978487
201572174
3433884
120705888
2378285
165659684
9007777
153772651
108630540
228832858
39359766
118575764
234841347
203163862
54669014
26016481
23225409
3669668
44975268
149599153
92189547
10938451
30379558
55953886
113035635
242934205
248935372
205060992
245803999
244089740
119182190
32078797
26004410
247147504
28701559
23688378
184084881
122382729
91662970
239700173
119704944
186587347
57635966
239150864
90541539
178496487
229364618
4127529
160801972
37007622
147926447
183659147
61128961
29956907
15602089
87619642
26364976
185797835
30609695
30268273
117742466
167604929
85622628
64081758
89316950
69926107
59647854
11945193
55762105
236490453
46250697
63169311
12358644
53606487
162355579
67451553
59755941
153835028
41786247
210978328
26796191
47823083
174105629
106299226
204284615
173164119
1633978
153547663
13030496
81555971
120848845
21538724
150422213
90613975
202058982
15087431
91649749
40909320
146911284
143513435
16142869
202844348
3113415
30404611
173870911
114039849
41119081
30668981
2464563
12912120
81696582
24864106
27357221
52150700
224396686
24867539
108897593
245122149
30247896
178817452
143774639
223743295
153925421
7230292
101032186
53505676
15383337
27504684
211808925
94153833
228866683
53129633
39011824
78138929
51493136
110835342
162377498
1288184
236239632
175299747
48517383
22605067
89384099
15899233
112853750
246239366
113305133
27379624
44851720
168958375
217671710
221420500
240342107
115215576
29241884
1401246
204257090
145259089
155509785
91250516
90595596
198127325
211724416
6659655
51410252
52905640
7813533
3391815
54560046
14553316
30712683
160117837
85831131
70972094
16966480
103491043
10781163
178160353
152948386
191997982
246795111
17486676
62075905
216479695
37613286
212766053
234807555
6099194
167780793
4519920
26161101
88922400
97897313
28472868
17216692
228178138
20308434
62019894
55332469
21739468
229810674
1675539
86899281
184401518
121695158
58274590
54739412
63284903
153795665
25201817
51489347
179439857
54710373
167046491
58597281
27351749
29485981
3414183
47757776
150231378
228824650
1236587
118697235
17588349
3501590
116073293
92481109
235639804
52256128
25052305
79272825
27450139
227152195
54670836
202671410
85607366
103539199
29906391
150139817
26722348
183052373
27852531
192008064
231835249
30247444
44009894
119057738
69561791
222746339
53830327
180326567
26294972
207562785
191349635
93613140
48267972
19084261
95669989
64326549
25166720
200342117
228888952
88929069
149626669
220573362
121739846
9603838
205052150
24964064
120091307
40554632
54239979
39201497
14167671
152735079
229794610
41117550
23861247
10903491
120159441
86342340
13561369
13951217
112962581
51875000
27876347
181732721
27100191
162465574
90466609
4908494
167838909
121010756
2007238
24142895
224396687
4362425
235814836
225804359
182706529
120011704
51598626
54564944
15734405
149807173
119154022
29689620
591462
199699180
198957874
30002949
52616698
235587444
54802789
50527211
103922054
77711476
199969649
60855021
60908802
62107167
30091538
222917990
206639958
15378070
86243817
111530135
146735887
191608747
44617176
27502578
51524075
91668145
203497711
183410083
53280493
29713037
229639491
61691182
13964460
170432900
2978068
57015160
41941352
203519215
51493137
909868
233001394
26206215
2459996
225834173
34954877
47184772
26379148
201131311
18611427
4425965
113343879
170514973
246326539
30915797
120376117
54121015
28193837
34431272
227288002
147223843
23688339
11846857
2435620
25797514
1151689
27064029
99582387
10956757
194435197
44960414
1660098
2092201
115304426
173244361
145217562
29203631
25531139
52663654
3387586
145826477
7905528
53504486
246229702
119334740
183680786
16489885
63728713
178879558
230393897
86807408
102084379
161262173
161079629
2123682
3077223
174799383
208040107
117239079
13382978
27448589
6139988
201917294
42548977
1339739
64456445
26037453
53579552
42887463
119775631
16854532
37941892
199324036
44984217
30038380
82707223
116088355
2758533
174618904
167008254
182837374
120196705
177821405
248911920
1725154
161479364
245308631
82135415
53501540
60003378
56597183
120944974
149895298
63008515
161551364
22294788
213140989
25598125
2760996
119156214
43179339
1547648
62091831
229548949
51332123
71750312
49541678
89917624
92555799
41114970
97362357
22052176
25942183
91656894
120102981
239265971
55563256
145014279
3682951
19033801
197213859
114902110
75744604
147291733
19689499
148394862
6474181
82987712
245307930
116631041
149462106
116693632
54623788
145874163
239412474
121773436
25272579
108101359
59664324
213059673
211151886
121016411
30900713
151415486
225902126
175474447
122433679
64187172
241109146
166652262
221422106
212370463
121147399
64468136
52150721
107909617
223352842
13440310
84284115
115742568
193924871
199981694
160093946
199937133
87624157
75463281
228427550
2428501
150510248
121049776
23504246
113526463
203061134
232372831
39084310
2030411
20495336
82250209
200196361
197355432
1171324
25786561
67363006
23681193
98885377
203632374
54586791
225852703
121151925
13382612
16052495
153171246
1389916
13766351
169882348
1244420
59374971
145437203
4782174
235823927
52224238
59472478
228953866
232036929
54180591
7601625
44139236
45725375
174618137
19442838
165571454
223921994
25272652
245590282
39494915
99078631
230722956
25368676
110306582
1490436
116957748
3104498
91298219
29689650
27232465
81691567
228360415
27379927
108912916
64414484
27156884
3430672
22391835
228818521
27310977
26393964
104722923
147261267
63225155
91074958
121007797
116086061
160518574
6441754
53481073
19841457
1193141
223637566
91918857
52230160
32461424
108190673
13337215
38915257
87374145
149975878
116935198
25770791
84660924
39626775
149239493
2483894
3978299
13299317
61602995
53040135
247903939
43617470
150078693
213331494
200195040
1187008
174900357
7668168
13158789
22756071
229535866
95162996
25565798
193276441
199982537
154066338
59661782
178770930
107329458
56537112
54564170
50721277
26707294
191950987
179245165
229082063
121245667
146489092
61949074
198375932
56572203
28982068
12521777
149639286
124827256
67095373
1408810
199199781
201054724
248607232
85858825
234538796
86104158
8203049
12009146
12876778
246228056
1394040
180558834
169971818
120203845
48691877
198856500
145687602
53509902
71036616
28500974
185266212
7047819
81727579
83758209
21382840
42480018
228900209
149892939
54768847
192447071
99105747
172391075
114635434
56064364
3207635
150447964
64444146
112462214
231741215
215241178
92766856
121179760
61650183
98890080
206245549
85016362
198951540
206232151
25260860
37828334
228048222
65206470
83351913
143265357
228306693
121932609
197841392
150682912
14930882
171305355
51618207
111588509
241965995
9063938
166352801
32709588
7861358
25672992
27208335
84814479
18117019
120240855
153370703
173314164
54153070
26297438
51454145
85127434
213202481
121088936
153689863
115545107
10950120
3550929
186695691
211778266
207651037
153355256
120333590
3403590
149971228
27398664
10667918
174975366
27605786
246792846
239956651
115479733
199998963
26387465
27005368
47962328
51651535
116804358
114479884
92548835
36837666
30045307
230400146
25844137
3037189
13493024
154295358
7521144
65018984
33707686
62097
194417166
121235219
228888951
210388257
7052474
26163565
207962411
40177438
231983490
22718677
13739373
85066451
50001585
3218492
51437118
121385143
223838590
7755494
14869296
165714040
1973558
29312059
1287124
162355578
92985786
50265649
26067518
174799384
210349683
27289107
13932555
180394008
46349048
174717104
72318243
7173073
5977548
30305262
26061291
60223478
40655086
151165232
143235012
72304797
180319967
32474509
78314296
30742541
53500087
243807069
171139918
67226084
225812227
173760297
117702687
30521475
61578273
53712917
94511375
1101668
25517760
32967502
198173195
40460779
53097614
75403482
146707362
28203775
171480732
30873364
228345802
76942476
162312724
53641409
26270066
2358817
11364624
59986044
91392290
84353482
77110713
40998200
231874410
165562892
116363582
85321435
118836291
222600931
85696985
53527213
143965341
28105764
236233529
36985997
114080424
111530020
150129018
232261978
60604117
160194867
236490454
59082363
58961537
236263748
31070716
146966085
229318807
16112416
106076712
31575686
230705812
68163594
61949071
54228650
46553030
24906184
113786472
21257634
222973754
54324412
28128627
154868074
4460443
13837404
64640402
24962718
26300222
193480879
9832242
196103815
116146701
31074859
29364934
15051057
28242673
54754126
9735661
30778843
239842328
26361786
90909891
53174764
58946140
26067174
161537659
228495156
27870831
25841295
150189898
235935610
120224376
2302521
21961173
89761325
48364371
27298084
85307876
51378387
173979890
82982957
29496897
1242397
121879005
25084962
121085017
97362358
120450393
226427005
82843986
25581751
43866707
159834106
173574660
228001691
27330034
40819912
13615135
58740786
62398406
241420629
206175181
236231417
27636330
54251488
1485324
40867439
91186040
54986198
84296707
12855004
197821813
13009760
51493804
86723469
29800293
1468598
240166012
116653200
51391836
43931649
32192846
1351570
3263283
45953338
13337148
116369722
120381695
9792017
228894663
3758281
144858579
184968128
64351637
248943886
165422028
237461220
175831879
84885603
222894742
151132081
30645161
202844349
89883789
53310058
76062500
90146508
28194112
201941467
119522508
231406087
13304393
11538963
1193049
3861028
51399731
36959006
110179772
1543716
197576177
84619248
13895391
179190593
220573354
116643321
8144537
30578611
201361428
32880448
99574972
16930316
62432977
62188901
182686103
108803208
103269897
3180953
4297261
161547427
26344289
70078793
61653505
39008125
98512791
116673461
222961778
3138207
2560214
27566445
199836250
89339347
69923726
241206342
224373777
61968658
53694405
167459076
62238375
113052225
217663318
3748830
120943629
204660608
98443468
149772872
120910158
92821407
33594681
116047709
25283960
150137894
20072834
86496822
13942663
4796867
26486209
53513285
88880996
16059617
196806422
245045843
3771144
41481836
7566796
41849033
148146250
6170240
92119836
44975269
226449393
27286594
53290864
226008096
121887745
5333063
244538198
146911283
123150236
44034626
225373442
1184926
107876198
114242555
63660779
60641969
208217823
171309416
1126798
54990449
54336360
26029631
4769735
53540396
227547414
76703693
116869639
3542633
194154126
39093578
85119760
169276392
91372467
183429626
19627280
113639859
121028389
40675689
114612558
83188696
1343187
1222690
122348456
1494616
30134941
206501680
57695130
110410717
41040725
92914981
40396077
39913179
206236572
91918856
113360391
69987176
30329468
246972032
54024785
2085405
54936280
20372876
1252261
22406256
8090690
231849269
121104483
11826756
44267968
86110608
146497848
214323743
53896302
4767373
229944254
37504697
82360250
8310154
94862650
25720412
246694450
3570953
120425590
116591206
44598342
40893829
25075026
27351332
160415835
79593644
116098654
146891113
26367709
244565346
37526022
8624344
10440066
150113843
41175013
149892940
632513
6163634
228894662
60371307
228922208
51715535
121924429
26393969
70307881
246375815
41186024
4304039
207962410
118852532
51360539
81247656
246195603
227168699
30496308
228338628
11794839
62560186
93085211
155509786
198304759
180284426
6707914
198432530
91668144
2468382
208047691
3032868
38034926
116841246
28191456
90269703
211678570
176956466
236043715
18820182
169761386
182697501
19520630
117253858
9264154
32658983
209713868
102445928
18272428
68881444
184810969
82630929
121632164
199970831
228376900
113842972
54121310
227121823
121006728
217560832
15045454
37623846
150300200
28295112
23436684
10831719
25568549
225103606
12735690
41507728
2032135
21472921
201127581
58216221
1312110
162451751
121035187
63576702
95542378
104849712
122969751
178770929
118640329
24921847
196126704
202003038
194048726
236744054
51368848
241162437
122343247
1293991
220366536
178879559
121195270
34798965
30664503
25986370
10969799
214107956
30870890
26280949
102827007
67386274
176049166
235844558
34423683
174082434
95192944
115138855
120026990
12932483
175156242
169040558
242830268
29519529
3243198
2484045
246339814
91937463
50441174
147076484
213400776
88163245
210451011
184013954
85587644
120845671
3136041
48449280
180367634
211494504
17613094
200186819
119611447
5897541
119022581
114127809
151513418
15882432
248762476
143427520
148884001
229364581
83482777
20166359
228068399
201695408
177944310
64191483
204221526
83362766
122444101
21378584
52171924
42226410
51530126
2477820
233129300
146918872
6279324
110809004
87481936
183427688
12202304
1192300
153538376
107329459
22720079
199927008
53459703
1979533
192500813
212173882
9634413
30490087
26036528
117527291
30831726
148016682
13308384
97501436
120984271
85521310
52540336
183659244
86029922
37415108
37511016
51395008
199648456
6110522
88395956
241922465
82824230
24919187
3356903
192977701
201941468
5881924
22726451
21358952
108138084
25716401
27627516
27905450
105384099
43618392
179675481
100029398
226135254
171305356
37585208
181161379
201572173
171096947
85697009
109995912
32932273
2926774
30623356
149163400
4342459
86110822
54122383
230284826
855675
32597131
27504818
87342668
4463495
246195602
54625880
47766086
55190097
243766829
211070275
207651036
229175767
51711657
105129397
227880448
154613536
5973914
40672246
173925013
13041537
12925686
27394696
59309922
64644864
161478900
27866933
145107650
143909697
154536316
84794437
85242596
116608034
197148328
26343358
57913125
117678897
83561032
119727660
22209121
29303255
207965761
161669440
89922629
87517697
51375281
34620765
121879033
77146729
39104779
120847129
19011867
30405824
31123563
44875936
15076779
210573177
233002953
242159547
3689029
53753769
174503586
117035592
53241540
89339595
235091715
28873228
3426942
235140509
211724417
42255455
25651400
3391814
6385842
118628854
118570709
1329670
61598962
228908893
18103827
55444647
88089018
168162160
244307300
236236473
53125760
227589791
6481399
143309957
39067250
120466447
30115789
22011736
117423946
53526339
11335358
100954849
88986106
7391130
175299748
151651570
13780670
91590200
27941205
211905147
149655346
180558835
97404876
243020586
43626626
182922783
54679742
30796690
29403348
30712418
71793243
1757786
150122415
181472737
38086416
211218898
4592224
207515261
223645000
54288969
30413875
71003191
196158253
120842959
44991477
78188777
171055975
160175100
116075002
85205590
34127182
31389498
91756051
12925531
26301060
199092112
208269459
208120548
121019116
146458129
146392336
234712038
1329974
114804699
55429932
51370839
41254672
214682305
246228055
47763723
43596767
38558996
244176183
83739124
230760378
5868701
51378388
228872520
247335320
39969509
230760379
120436627
58363985
227906304
83756691
197962734
53731080
73303119
29342918
247225849
120844011
179601930
22829310
54709006
21569812
27589899
69888392
25568362
51539268
116088356
58842447
247562914
37511015
40747213
149897346
24790111
5527414
213059674
3083604
30099928
31049190
55004353
113639860
144488900
180935282
222929714
181277604
144521174
20303923
150129019
29956919
91152283
25862003
52669432
18446135
113813475
27162873
143258361
13441943
3932743
30219425
26495530
25308801
54907381
109852569
62498118
53449746
162911653
93063729
246861024
19729868
29132992
60506936
115752533
2063381
204620495
11538962
120436516
10000449
115883750
17616195
30374688
118404821
111301904
29250110
4576203
145061784
147347882
4984947
204252114
199990880
246370211
25055527
1220378
167181526
154503166
201594713
2313421
23166463
228928986
5581654
11706662
1254283
191992964
54297380
211732129
22850696
26182275
163270555
149690338
149817103
86191957
222516880
119412417
30097428
202326781
145447065
248829896
228908894
174956868
216736669
107545925
41059085
116785908
209846153
111610918
113022667
75111508
161422895
202600703
51539269
241725513
8292960
7914188
154066339
41100786
11965652
227120878
21548350
203708122
108900334
28539588
23798890
149647655
148892594
239337405
14000984
59217733
61806476
211713564
108630541
6383951
246216236
38810477
6463681
117215738
83449386
231306691
979578
228316197
116073292
20914054
91460916
212276031
51381705
48527833
172391074
79131059
147423870
150239544
201158555
185606
16229795
6885866
39623144
5451833
101201423
59380481
47481383
201024582
24916553
231285889
51367882
213280009
14162645
90135112
114682080
171608051
227693140
2289692
13945406
17835936
24704783
43897201
20233164
122404669
199922627
11683514
121674142
45197365
121005196
3205313
235985860
207493247
36956112
164219791
26832720
78874438
102860659
199958727
61724358
176817928
173314165
64885696
239980588
171055061
13642230
203753377
24708857
1697670
74060153
17634475
246339765
19139067
120590919
125085525
22758704
7566800
16795160
144497485
47828347
180588792
118670936
222919344
85632893
121133195
170609065
108740587
6139863
36912631
90353155
83182274
223812307
207370962
62099148
119851705
1408811
160186909
206072297
54262581
44992952
174853469
212444220
10658816
171113757
22268103
37560087
91389307
55007270
21729011
61882115
19004649
62050064
53528212
186637484
51384853
12663172
151833533
222573225
89273811
202630073
211151885
207015605
201695662
201240123
30417481
23504279
82250210
111587265
38930105
115687766
104687072
227731070
20306234
16706498
26792413
59334423
200623667
26300212
66409554
90619816
103961015
40799463
120541053
90208196
90127085
152608455
224975936
86899520
198325232
120765780
29876688
19813543
26137976
46832100
121585999
41053179
174348874
197628339
92611860
91587946
928260
85213461
32996977
19609873
221770005
54303119
190232593
15069341
115707381
75744605
52183765
8379743
232783827
25811570
162734935
13292571
40704229
114283967
7389140
176019235
2483971
9332592
59894356
1133806
16026587
82250208
204638047
231073253
37546395
210196071
149721073
153217669
53503610
116407073
88908389
72899535
228761025
201665167
86148455
171904815
175718394
246300094
75807834
18914575
62159710
163229801
61650216
172749808
28288054
89646872
102155377
13814238
13030415
1047468
89326465
202055663
14825943
52393718
207013508
26300214
6040539
234758254
18749403
22651199
180270502
10812
27374401
53288621
27497010
186713659
225680480
150494142
179659597
233007324
27100483
34010914
43023859
184180829
26687599
110518131
92085507
54639610
41083706
170047494
3732617
214610770
246195610
110227670
118944616
7042266
155157489
5505474
18913980
114187120
24118231
3297708
2894358
247030134
143244516
222973755
54353015
207370963
204523158
10982325
1180360
221835923
2925045
147671337
88163246
173131497
53723523
18606474
83647783
74941744
30048338
162996918
152588104
208439260
108797983
225013400
121174719
232783826
29825305
153546677
26596863
122415902
113237486
237820731
230133674
1245494
215915751
12775014
55430435
152295233
144566915
201248168
212198851
248746747
76896464
24936491
225216152
30496253
33165459
167850317
209128732
41554886
244187432
173075291
41365909
143390694
16871832
107706158
20689218
10822099
1394515
223394188
175153650
51796966
52031316
97099095
246249174
100676795
85813652
55663825
53559659
164520407
119174477
28828883
58447
1539212
229316044
199981282
11345306
179452807
6790519
12518419
116075001
10175519
25530167
55062533
240895461
58994435
55356000
3309148
69772117
25009065
18448871
35564288
55052420
150494141
53678280
62670284
114183196
19924729
28584369
199775207
80331191
173994162
16429725
236346298
51399732
27351238
31590465
51367881
212720408
42298093
171295802
186608009
116607404
223433509
182922784
167606416
94571901
30355288
163631376
44724676
95183298
29924523
239157272
161358236
169815253
31586897
55319481
11448913
17241214
28396719
244951788
235823928
70985184
174040913
3243510
95398302
46207577
17947810
62092016
51368849
179899059
71388993
114307279
19853471
244160027
40455186
40992754
84850565
115465771
175887750
239496101
20689212
59653986
22264805
64353582
51384852
52256126
29613076
173990055
90064598
118387527
25045928
180280638
193416285
114530786
154245168
20247197
204906775
118423040
154090165
174226003
228051642
173167132
7054675
82135280
113509815
169276391
144865057
227973675
21301266
15017541
212685922
203426551
245283972
93218656
120650408
41474652
59418341
36780410
23592006
57877785
245345675
248156273
82950571
121063225
62176626
210978327
152306542
32026303
146528291
42770494
199886752
145813224
240126426
28795944
28216911
26400017
8895679
143186649
112787169
33957059
13178401
30636601
89985036
150453648
83357461
90167287
40516370
215953011
245858549
40738123
26757339
3711083
36427913
4976489
184184306
124806242
144813820
22264440
173412396
54697060
125182889
199953203
54629963
117350882
179391455
28327669
17209610
205132363
239631047
6351807
169384245
212720533
86805554
119647106
62266419
4164255
27883759
13327245
210280646
29847208
4823523
75634329
61948765
27543858
20138398
30113266
208567460
41433586
238320402
152757427
16034616
202660843
33289209
180260506
247313765
197841391
233189871
1244652
1028281
199825248
51052845
95745320
121216361
113752430
62248585
2890084
1651450
211388160
229547517
2932698
70255113
5283598
87341118
51370838
166611998
221422107
214730007
215805249
170813644
2895248
170608287
238385367
56572238
43544786
5995273
59436211
52291873
17948038
199922628
44124655
161650150
108920123
109259772
46950598
225705700
244998271
27203407
1081056
228951244
248761737
173495869
223496279
53693406
121132862
30876726
153612375
214650667
207142928
237053600
226416045
82069468
1254825
143267769
91927717
183656145
122453728
245806864
93568054
150239543
41322696
96470461
6383950
64634070
81664963
78672798
95297547
805854
53882750
169064080
150059495
2079137
6289260
110163740
91668695
1644942
4160947
56475195
105578003
147066858
53792143
919788
55487432
161710775
165571329
30485776
59745114
201541537
179711098
29338519
46513109
89925318
78049413
246237214
40650589
2121723
241419648
30565966
46145947
51381706
30169359
85203459
55996284
145169081
110789488
163078400
243068084
144466773
116222188
159845469
148045516
144519178
27406027
1189840
25098334
27855746
60659258
10651126
40360257
27594197
222899723
9009519
33356914
112133154
213299929
112498101
42095077
57375947
202326782
217578279
8292961
83206977
53722904
197580421
6360277
160089459
220934753
87576897
182683727
15294645
54673029
43016770
17093664
149753832
31070997
44610887
163499057
177843952
16052484
30265338
40909321
3689486
11777523
65467063
144468970
60029881
212748920
118013679
180219550
25260870
75065744
41032928
68899202
171359367
96678583
121775946
31736937
192614158
184184305
122433507
2466643
211111467
29705244
36427914
32957605
30062710
236177587
29244224
181244575
2032134
57742595
204223543
199973426
108918186
43015851
84412545
1394516
237181344
179648341
154267452
2767659
121924809
53360835
161973095
944609
3324572
81247396
116671127
199342727
232123267
59953736
77111083
82692644
2568352
108761198
232570109
164899101
42961337
51414299
114804620
203959589
37585207
177002886
235340502
146943764
230789160
69107821
86621177
235340715
2438965
247836805
114205515
60641543
42167335
233206475
119575666
59586858
59206281
228621181
6383477
146647755
10086128
236760377
148295238
171324887
3731880
1468793
183650548
124931767
144936537
1456182
25085299
26969864
161479340
12735691
114566475
122182911
193483701
49593233
150086719
242364647
223028783
68242160
29391300
84539201
4049554
148089289
214650668
241585705
70144721
28816932
225823851
14825942
28538088
213749304
62019475
54497172
30800521
234347753
245816900
38957876
212650051
116616022
110301199
202191650
237258238
90112630
69199148
181365502
248298056
180616783
110420078
19309546
71705592
150175254
964695
48174395
236741982
10862518
53690309
75678775
2334355
215160755
39020156
45124502
247010890
115318197
144518485
213280008
50952802
3607535
229810673
62189105
53360783
231604793
3949795
204262173
239101630
207662467
24908149
92797122
27065105
67467133
47807457
1323867
61306092
3689519
33715742
4921048
167965343
30269932
2437935
161514847
77005454
67512109
118834572
76364275
164711412
246544962
84633719
6144320
118438051
1712092
15397012
60029949
15970693
22547650
64439295
229146157
6428063
220864097
161656173
13262165
91832330
114650669
121117250
81748216
194978033
179381261
149709912
75744793
168834340
111876921
1345422
246422578
7015438
7794270
212712435
27131875
53298438
1712086
192500814
204874536
1016965
205967493
16382588
228838195
199889262
60511025
1134775
41114514
11543251
175491891
162585554
120237240
26828072
5472209
2699449
77746259
148238154
117215572
220360932
234151052
193907854
224518160
5815164
57430444
22160570
60271241
18121408
199864037
39134165
1979534
10938452
222514990
144518473
46240476
145444803
166243210
54150082
30096142
24088231
171551112
75783578
120099671
16131844
9311526
54152983
151394903
85740838
40308381
53567867
27945249
207666309
115583400
24901910
97323443
83597166
29240924
69101602
230936131
38602454
95374633
2420160
214605566
17254074
5995272
53400973
54385892
163977040
21960708
25603840
114196305
246659377
3567789
1934666
246261145
28387247
30698690
152472624
43523467
228145951
1087952
19625570
214025852
178659145
228071475
241954360
13983705
5000555
56117938
3037639
10584293
41707139
211100292
74614442
91079148
84907921
2595881
201044421
197646062
155114934
149557948
211846337
91387824
244793132
3113510
27593214
149725424
183215826
4041046
120549760
16043266
239808499
75683703
205800531
145628889
143378264
119722971
154868072
177688102
92750966
48198116
1228692
199973425
15381957
69415421
150526178
234128867
70449109
146723164
5861978
17049805
93326912
6383476
87139366
30046892
41422515
72327818
248945055
146574441
24903360
85629143
169881004
116422963
25303170
103026711
245867647
55662602
29125293
27558958
147291734
199923578
27893889
203751778
97562998
146976391
60471987
225263377
116236697
6745679
99805493
66277552
63515072
222422676
243012780
203345814
234737504
210985120
53594817
227605102
100634017
224514781
165571330
4681827
209854377
52631354
151131892
1559878
186303357
229689231
43081912
185708103
68198632
23687856
235496168
19797642
228840364
53375694
241949957
121775912
225792532
25996515
244950528
32527921
10664434
235913120
9308077
113550365
146921983
143215491
211112283
90112631
6877792
14984997
26557860
20726106
120504196
214052965
89541635
28681363
120317065
160908649
80407456
245455815
107706157
227612459
224066082
29776933
146057798
27285879
241930781
220607599
89356356
34868929
62464434
85535812
234636991
120847798
154536335
1091558
12194284
21740868
55054954
20148383
85523067
22552078
1256490
229284139
168584991
208704157
82072165
53113899
29524601
47316447
32870246
116792657
121303932
41635449
120921865
117320568
19246711
92162029
223783690
77521165
121153933
1794321
148525227
120946226
89302156
246258099
143832594
27010403
53577963
170751679
62273823
15335041
207013449
146393297
186586185
199635707
30524451
89925319
26028814
199800766
28874139
220279967
197646063
228821573
211219196
145450520
121661475
206273857
115580831
161199374
163235099
90473744
25507606
201803762
212985577
54814009
43009914
21986009
83484917
13396547
235148929
23383266
161410371
236733360
227949227
200816803
58397052
186344161
964919
120065418
114223192
17980189
235154433
243049489
234966744
51354162
235023772
245664224
88465003
146921899
57644092
81746895
228851347
203992350
48548548
120921864
226936811
121887870
120840507
17040088
144865001
83432385
17544701
30402748
1073766
115116225
83268225
117214711
2878380
174791558
120767287
48479456
27059376
109702712
10744344
205682206
169266834
89356357
198856831
229863761
27484737
40300813
120688739
4388642
232901082
121748843
24904903
19222488
32213601
70197396
228341458
154245167
1149723
233274301
159794697
35135743
105616240
196143813
115283164
24417294
3708722
30102063
242904763
246229701
37544642
75805115
160538474
2445960
61570982
68433337
247967267
147164191
1162921
88817664
160312912
152438678
2602155
6091534
211171543
199944110
30052160
102235052
21654188
225877755
53287981
148246553
86653906
37597333
235637603
179226559
220813204
1283276
3547081
211035310
30653696
7632020
24087481
53811433
111721917
44328234
24902991
85869492
27358515
25555980
90186672
232788639
230332677
204227861
21225656
149919777
178909901
148176112
1982686
1192000
16695100
205132364
62959024
241426474
26875006
223655879
149817102
26598768
84794436
84284116
13071444
246348324
210555383
108492582
25398718
225464110
52631353
205061468
93728693
91168372
51536338
114686379
100329775
232713479
82055372
207713650
153490122
97986836
180175106
192611278
122390932
145145066
180588791
29296593
57567957
43897202
146903172
152047283
9361017
173984721
147061456
121618675
223029126
26625259
37357453
23853633
223496280
240714495
231504407
81746867
46623351
185460831
9840468
10635044
96262308
213700248
55477335
3949796
3325925
183940107
180284427
13024274
224085064
108761197
170456264
64013593
63203502
201674959
37520308
200624509
108900333
100844906
29551199
179040690
29708024
27532656
216104335
9718572
2427309
111682521
25056781
223522538
213140990
107007195
31769846
159843199
120614016
152937461
30390724
91248480
54609011
136521
18080503
19625571
3037231
154758877
9523176
52870190
40370902
23204003
89388376
8216685
58757921
85710769
197969311
171468874
10709376
27571834
41227719
12856120
26983272
13040338
222923032
11789369
23536312
194537087
223658738
202124023
26196497
92894243
29580285
2079138
115018786
205977979
59991968
149789380
4914586
178909712
121153650
25294638
1482613
53426041
209446089
247850576
110390270
1837456
55007271
145165716
243911529
53503095
40525448
196816492
55566336
211442279
20332309
19327617
204620494
981209
80703621
47979818
4528781
92382455
54561255
54380016
90232607
1219517
241928219
144005961
5748267
14595676
243577411
21603932
196996062
931125
119921542
108740588
16192981
45745780
223435106
82572287
95409793
3509092
212526863
217479925
69980499
191063637
195325104
236242594
12405094
13364517
151371897
203751777
75698705
15074034
226386853
58210995
225615776
154348907
151380583
46370167
246247600
55971883
47342943
207371888
37526023
53180647
232773892
114537698
83251263
221660264
28307470
166678958
25581697
26992405
632508
110458102
121852455
87360458
6142185
22759603
17305416
4773686
49260577
180281155
4735134
23134868
213563845
242895178
145436247
227907517
118573840
111395530
44573430
247083876
16052496
210386683
21985848
120058278
183410084
191208674
200789755
173323764
180584089
4469888
61107821
199822662
238558638
52824508
224428269
173052214
119500652
212744637
213219507
86897283
29318716
199923535
181472736
120047509
30704512
12046710
108915303
1329671
29461703
51492298
23504071
199982514
144980473
33246457
91171868
55033126
24970327
69855652
52346367
198736473
198736474
244565347
109664420
194717116
247873694
25390236
87397444
42159191
61599943
19977587
151760686
224945321
9084037
27019665
99483815
196809149
113261704
2250310
14388000
230712929
58866715
3541741
3014568
50316578
167475786
83410777
151133050
143466905
206524915
146945870
198314052
207821313
10834343
86181668
197800691
120164377
21992348
48336684
40847724
24901896
19841308
144555122
54982551
4376296
151083583
30332244
82055404
225237822
8475328
22013976
244799042
214360026
181002043
215759319
169006631
25564047
221444064
223791543
26189128
228061925
10864278
21561198
178197454
53409097
86803639
173142488
205620446
212854864
41481689
199958728
63921682
193873781
8385964
143219179
203276548
83560733
238472195
201918536
13644865
178336163
93757945
184810968
25272840
39685837
151831784
7018894
119523071
1244367
217650181
12081545
107556511
177693834
53702379
213004666
20728020
53961369
144523138
244974857
40411971
206023800
26381555
22487692
60511001
225707808
64849236
24032771
63227555
51458487
56515954
229403672
34861465
214294529
7863932
17730037
163007696
24876405
169668154
226235099
76784254
32199849
87959437
204122901
27008402
26479414
22406255
25264480
80399343
53605463
19084916
162703916
153874257
46201119
77086954
245766131
92025508
15187406
224051601
91592849
102799219
30058363
152031788
25273849
143717115
3361799
83473534
50909808
58982925
43107646
30844647
67095374
10086129
182912169
25295637
149880966
225796692
111642733
204366998
3264129
194978120
211251339
69966610
164134331
204080555
122464221
159987418
120860243
76413988
26354645
119068804
181514101
194717117
144845252
248761473
206337073
153611833
242904068
3949897
243497919
211388161
198486151
233270479
100679006
108667689
1036642
227918059
85607313
68151671
4715436
58123774
237820534
99797785
172705402
201350973
28496079
179571370
113384035
145628897
38646999
224951575
244303227
204639066
151076591
119711361
245035449
16538912
116978491
181182
199796588
52776629
108350747
1237139
54885987
108786501
16129680
42542347
86104159
199926831
83264813
184968120
10667873
120745199
199851634
118218023
68473962
227231093
199922521
203721480
120190129
11791561
114805158
7663473
244020709
25083043
113439592
119152260
3579952
121021308
120360637
40884571
67148048
173697781
63123617
154532534
97488762
106048851
245945050
120999730
4663758
85519342
118695310
8709114
25597176
23134867
28117553
179310673
31697208
89344973
52243297
30247894
174082435
146822926
83344032
247067715
116625442
229863762
247128554
38799148
114790666
21792837
201803763
120907781
207015604
236597103
200544380
235268111
228316967
11045382
151651571
53093430
110867969
118832943
3690474
117476050
61025588
8583437
55375406
37587198
120523443
56636818
31031857
1279441
146547523
23238167
114244104
120845807
233080745
108846619
148524358
182830721
55649690
4487800
2690716
114242556
27933479
25193119
104578438
4737844
54576123
76892637
152549220
90216205
148180878
173164755
83417785
109630657
51435350
226646643
47166107
67262095
199669447
63618819
30276352
1127686
246083102
7054582
1738344
83739123
220457538
986628
163222145
2820189
40998201
120856893
1701126
18080131
58586559
209080653
38994608
82758117
115584564
99979654
178556111
16051999
228208397
71746771
179776536
207762757
121743443
102963862
39011682
173412395
44299975
25128742
25199390
117218268
222488069
3761326
235100920
149068887
54293446
86630297
214869479
16051721
45858520
211265579
198571287
17457569
155018402
1949631
21548262
40813808
163366579
9287196
27550969
230133675
200143790
41118023
117815623
61899132
13945405
110717678
26423886
230332785
83362781
20664411
3255366
167473263
4708576
121644294
107798576
248703003
1741836
184352651
119262282
248944923
23017419
29685161
84791376
182692740
192268264
15737171
118351991
235091714
9031953
153830569
237109551
239256074
10858390
179776537
14030486
161759187
27375143
198486152
184033197
144472037
12405095
121120495
149780333
15631085
116656789
45440442
16014887
60004526
82250312
29724781
38964772
148087290
206975282
25740794
242295856
210987283
86340198
32166744
178753981
234850993
200746847
1903577
34660246
85646882
50800802
149382408
227754677
170007649
195822139
199926830
229013989
151044281
227994843
113729741
110436760
178949568
164320506
224880812
19976875
178370071
6035655
58558023
210997851
169548738
246220267
200525060
21740867
55855296
235463715
220689351
207884455
15440250
6236938
174353202
1012183
105572267
148927598
119539634
22566774
121007493
2001828
143199194
63225154
3130898
206095926
77188028
16146393
54601429
55496813
4344597
3279533
164359485
72304798
18886387
34082382
242925312
20686071
234855812
54337034
246212585
185001815
20684688
121370473
41227720
63728712
11880572
165974118
146555810
26352018
55556164
242917222
91691955
117363186
3909029
182716791
40824644
2911762
44299974
155551592
17634446
210495774
30217904
151770106
1697202
10836896
1357451
58490286
217616698
106713977
6382265
171324888
110098925
213824692
59207074
212835310
39016019
26309006
88920055
6385850
103678102
248753669
10715532
143267642
20146316
40864494
82134986
240789930
119400298
168753717
146965548
122491367
11810803
177997050
30336626
178148002
110059028
3305274
61205168
27072647
54374886
119973995
89344974
2090729
39359767
196929828
25050535
598819
16068534
97562999
31424926
16575922
200088318
51360538
125086323
53114396
148153670
53700376
161038267
1286348
171468875
89967671
120079976
241005609
67359889
160532170
3763322
121267297
16269942
154844672
24901915
206566691
179019689
32245011
206168581
248642044
94628579
12864330
168266861
86723468
147865154
29190307
221444065
144506486
246679194
115666314
75375927
17948039
235116337
241438374
175102564
65914659
227698762
1488383
2104160
83732040
244383325
151603035
114188180
162703915
230332776
7390229
206269658
230120537
115626870
13659097
26874881
27814825
145073128
936454
60614395
88862702
32521193
10144297
234317233
234760712
26873893
28497554
118281306
26065171
13439150
16150271
210714977
51455530
4489421
67016367
183705075
101932925
30915460
43017316
58592787
235913119
93719113
37613287
57855930
110835553
1297212
11669781
16413759
99404464
120657997
17483
236637199
8942904
20602666
174285899
211288390
20684689
1892625
31735187
18660419
174662292
61602534
120097686
207935787
27138665
91288030
76843551
241434115
54415033
151827345
16484413
214338962
11962437
100661755
53283645
23186824
27590213
2557492
244951787
11679279
169128225
30916338
91793731
225696951
34773430
29451707
225799491
54808678
10462101
41043001
9232848
199822661
124820342
97522644
12867172
15300221
39101943
30790525
204986107
212926516
32679848
223872393
146321858
53559166
224438125
199726380
36099278
31590466
95590630
228095396
91388827
238315396
51796967
183581909
117224563
164544180
150781424
118234354
147233583
232785201
177828312
22225695
237066873
2093001
14082621
204151063
244735086
16001409
246659376
91928229
55023713
183643315
203832510
1297706
2597448
245683733
211609863
1165969
90144872
51701409
117382621
52890289
89302215
246375816
102102416
16382587
51572084
125086700
122220315
120781602
30414215
25808942
160408190
27961673
15023788
64321326
27504649
41805064
24143083
17193812
83353043
246634977
1283275
171729771
97180864
238194630
226944262
630440
213443198
244793133
14102931
152790434
76899461
62297088
229251891
28797026
224418548
198112050
39519430
91293590
20704423
174327812
180686197
222760894
245351146
120373657
109777627
1953440
108487982
11299693
3238990
197819297
176760966
148817974
6104442
210996170
92014452
115022846
52358524
18474278
87870807
183864446
12606741
72900060
163246440
184340367
193480878
149868120
198209073
25791657
246229867
1935201
245532488
173163452
111307888
233464536
214984117
47322455
116888062
84297682
199799533
64306763
91068241
146854420
151044280
234807013
245570705
89752101
15595642
147684817
11363899
27947197
55436664
176801490
10676306
177980552
2466060
248897809
245867663
3101087
54879182
230704075
200194512
167562133
92196326
26687598
30578151
152505144
26765412
178939382
160190317
13796527
64274197
43997498
148142609
984670
55033125
17255409
2245579
89410653
241052294
51603024
120394987
1172896
65581388
30272720
23294553
32892646
38090574
30085330
7558131
47627795
151416101
110273620
202231821
25038875
100342274
92978289
65467680
242174815
1003256
27852757
64614847
179280314
70362500
917886
111609558
26076979
92026446
31792406
22401512
21633313
174575119
125180625
194537086
121853886
246205178
59195475
224438126
176019236
120848428
3588598
51676875
112512400
46453165
30697605
161038129
171911480
148441357
199643174
93037446
143876423
54328265
223027681
197969310
18552351
55848311
151015410
239532073
15388219
212508781
208025863
31564665
75644883
234561994
200176377
246352090
190295666
153380936
182290388
16274825
31438531
110447720
13958499
203216964
30439048
204430448
225061297
11502219
239808498
169253651
86626731
65392469
34728493
199131355
247094288
21905461
13325330
3570088
113509816
85915687
73426107
180573636
199965901
32342665
22263515
241893271
3361935
10014447
169441249
120591976
54298084
82009030
97533820
125086138
121031452
9554509
217666120
113497364
28098677
87824060
19797641
89916790
40098412
24364405
163284880
41635597
81303143
204819757
29629956
11454116
12897410
1165938
194417167
57860521
25270001
228063565
2998709
84421933
3589190
172986458
39038848
21602866
92235741
3394433
197006898
230045402
97958695
97490453
47316446
59635435
5744814
63665037
83185318
213704248
211284375
197650802
3670097
118244496
247076402
122430237
236735742
14727717
120188805
53132377
144911982
54755028
162593872
201590343
171169505
203571528
246659391
34838873
234799784
95373525
30655470
3830756
47861227
121227970
201278515
195002127
100385745
225316755
247785457
83753515
83631522
25294646
54467780
246522138
234966337
172235238
206289373
247561732
15971646
4092079
4774361
6445553
242925491
203077652
64787983
243897743
40310265
228750962
60383063
145406067
75971510
44897862
67937197
69615300
20372877
248763170
1303664
234218424
53063496
40269069
44979785
19062435
112802447
171617836
97404703
1794322
201590344
53511943
17367588
206737450
9966338
173131496
235603661
241893267
94118616
57915764
22652489
87148336
92441981
598947
153370702
29134351
114309196
57829038
210915097
72425763
144066529
225178300
206090497
1851761
76413987
30097534
9434386
3526191
205978949
2504822
173656155
2284766
244493929
149935366
978123
29898293
85186190
13979725
185782247
209833873
83229762
161752415
83944711
102832313
1451969
10910321
150285523
20654429
211454408
180307823
114242625
30857512
69982363
56811061
117394333
171169504
149935365
7661289
87395660
236268427
631223
38930610
108915552
1252262
25529818
104515830
800770
26022315
184111086
238404197
29711296
148525191
115183220
213816089
237015703
90223915
143925014
1167293
192562516
6913282
30691365
35472594
121047399
72391657
27551114
105614687
42917058
173163451
119244919
19552078
153794157
64354865
27584188
116800432
1935567
113573204
180198640
61602996
14001585
203163861
167944063
63369351
2477319
27031530
94607079
183427377
121117251
14962853
229240087
54165275
197405890
29896119
14539530
56480057
179040948
30539660
30517495
161965540
15350339
109000380
116792720
4353334
19636396
91625923
99730824
221826221
206326783
226929677
41460700
212910529
82956754
10346584
146971625
10489228
38471909
169761575
196782284
143703660
93016083
146960303
117180789
201106333
7748015
107798575
204430449
41324404
114237935
10255238
83356213
151253385
44001366
6800126
221577394
194041823
34798728
1851762
48151747
212766633
33950242
29401954
119989349
2245723
46341592
20334368
3001622
90557062
20191733
110518130
232119929
81746923
206063544
119334101
9424371
212825602
181776121
111883175
146494860
121006783
82070762
54563841
16495964
7792311
13361286
217701119
29283773
93031380
25274736
4738515
30493875
92420465
234484625
53741601
32760378
89458512
1211473
79039045
27780916
197791050
150059142
182692741
227845138
30034811
236113488
38904813
236258235
9614115
245683732
1550649
212321088
227833433
196755256
63856684
231451843
146948422
19248358
171325082
111649461
55266568
204071003
93048501
162312723
91109378
75452753
121401508
1750631
196790552
112835051
89725900
241885004
19349771
63174189
247522137
122410074
53376925
163939507
53525869
241426475
1143259
121299630
25311098
22882432
148105417
100329774
214068052
114241956
4694125
39297218
223370079
57877854
6479432
59194259
232021020
227579658
22874101
21766241
27393533
45009817
2244115
120930792
234749487
244703910
66664847
21602872
29856843
120499876
12087520
27497119
5641992
58402688
54003411
3763033
53370718
120802745
233853388
24862874
7795683
168343652
25316323
63881978
145518585
30494912
45420677
107532845
113497360
121117347
199796589
204816088
179891515
167823118
227423594
230403702
201381537
240823749
198369360
50928426
47210687
3487199
217443402
86963860
25420767
54481967
204428945
235957222
240183002
12849310
26767219
186637709
197925123
178496852
248083887
19995051
230849258
11775013
115627489
27690799
4921047
173617844
41411937
24064226
930076
245951517
21342438
167742224
221812487
118655027
22247120
16708482
27757341
2086668
70926617
196065224
171648253
191717373
234704717
149771648
120935744
15704873
16185896
190232594
110264109
117577913
233688900
154996897
63843003
110328984
164544342
116214968
37708707
217524617
164546417
19057474
214597625
86990767
63072739
155060874
209845129
2323822
79755974
59218587
26863933
84775615
116309242
11808965
229425122
233268004
109761259
87625129
1121751
153605393
86134218
63685978
6929508
18734159
2356159
150059143
16040711
247281885
246258100
201128449
89453754
174822208
160908650
64306161
201353751
95398301
116595020
38930609
1947647
87341117
199360838
30793562
13387231
97560260
150509668
121375634
65553147
111798158
198500031
1721125
85642117
223394121
236069255
121115748
11339412
101441977
54609016
6588187
58597280
153270832
5844449
10648332
205620447
65375125
113137061
197793395
247955472
90186673
2880338
103900640
27383932
143608851
17384896
23139777
46545863
52540509
194070888
53409374
57164604
112203553
121126714
243348121
1167769
226452540
2477791
222940466
224456465
200050059
3462161
148317537
32771283
55574609
45242091
6324912
22269383
914528
119732978
121757326
29785914
16131843
9273455
5915197
245903025
174043214
2001827
53444988
86135099
928253
115689505
45247881
109792650
86899201
34393399
202619210
54153433
80740040
175320263
10560182
53003989
3266595
232901083
63631762
148381512
209826444
118185000
114530787
5113193
194661494
21404326
222978348
229052362
203276547
103570537
17713509
160406165
114304977
41187164
246300093
100625148
16478188
2251211
17702855
116411687
154677906
28534342
177201808
16432587
25291095
179039940
80113370
21378958
1428289
23198352
53531662
161526387
149423671
228334440
5868727
47962111
83173424
96884558
153347925
232868708
82861396
110223831
30557040
22577856
83122092
53525868
147505810
86133956
228353407
76478825
182025322
77130518
201369712
27497234
216485891
120997115
25816847
161619536
164556321
118878988
229062014
230996851
211223655
202271874
3586674
76058494
224841431
54775150
2284213
26639673
1088186
200557106
54302040
245955241
13197461
27512701
100049250
223808434
39966878
120108427
2375425
84791377
3212778
31688564
48089594
53494704
153380884
113552001
3638424
208717525
182691368
97501435
85127981
109182595
149741612
61439468
120865109
25003260
225824577
9330396
213602484
118480280
153799624
65644359
1837341
1759082
173613004
19717733
207582843
47166196
80743212
1873952
59153521
183380818
52498392
21618772
168993685
3854077
121775913
65909859
22243871
244595850
9533861
183223792
27199879
7457593
38904807
220390680
58056783
53003990
118972691
31391520
53429460
180307824
190730415
53048310
146458660
216149810
29241655
24047914
16793538
82344943
9015001
47766507
227224381
150159358
13466282
167678784
83122082
21984025
9337550
232735203
21489824
153755085
42710722
1711911
201572462
2806649
86781174
15051058
82497913
210471268
54415032
90141811
22802650
191187705
206075466
183984330
8978413
246326540
212508780
29133479
91589980
51533427
25359392
114932557
121217894
25277497
44681063
17275310
28530798
2160845
25277751
5751474
52125713
1220281
247793454
30578149
25302601
174831277
54567836
64689632
110245872
4425975
200249893
104834203
146695117
176049165
1177602
21357315
42157419
44889677
44699741
169674480
235309131
246221627
171646716
160084933
143382219
109292542
17348042
167043269
47775418
56091305
164538364
199969650
204062235
94016348
146004973
145259434
176195928
43525241
27072699
76178546
5649669
39875886
171099947
245903024
55632004
147020511
83411419
13266097
2048008
200916666
3703256
203214696
3600411
2007239
30588927
205449873
51303023
224845660
228532682
100329731
23542654
1421681
108167646
71764918
169391465
21878014
6210230
2062283
21466196
119612636
97529587
91709181
2187770
31428286
28119443
27047681
151706722
52350042
24957518
52584789
246148055
235985859
110245272
178659144
3238982
7827443
12721140
183864445
14070101
26856553
92025962
21905462
507275
110222777
1136464
67513633
165562893
167562134
53392994
108360714
223731455
30659099
31683914
231129111
62019895
223089102
55348311
174831276
246247641
143989021
151481667
11814815
30494539
247910258
26803585
182686499
229501667
234382994
59538545
100364061
1485325
247030133
146943763
1747737
21898880
13334241
54369279
246348323
24998303
121129941
175454660
78876575
184997882
248574049
111655298
46474892
19958994
3171831
124903014
60941086
17573833
100260734
31620568
242774557
5777376
9527368
57546107
48520044
198402424
163424397
26356598
165714041
33918174
11756803
1468836
1294034
8324944
25420869
30670842
122877464
19632958
198598259
53990459
76742046
15993476
31632804
167484740
154602845
97488763
1137981
163118984
53525434
246248903
202236091
1337946
61914551
28845104
192971976
211889654
42390407
5400504
16040138
15017542
222206446
69886189
211005031
199635708
120940878
62000659
97099094
6321923
65454371
199938633
231100771
54853138
215704124
91662674
69910979
25055465
234129682
61379099
183994580
932963
175153513
1970439
37927773
8583438
112787243
60720351
148525258
204452017
16185897
114130496
231604792
58799569
93655086
50837933
23464115
212756798
206659805
60925068
60903785
15819751
88783333
172146014
3463993
197405228
35073105
120224962
197405874
246802905
3595904
205964826
85676059
122404834
61090323
83661948
168487145
53303848
194451948
143204002
232889764
227793203
1291509
162377499
242611023
12205191
16420368
121881641
121377370
236932324
89415757
82497579
246248479
104515663
205531702
2430834
120020863
154287173
90167735
152425464
198534117
1587081
121390995
44617328
10861973
29459830
108110534
25393725
68148636
201902096
235094917
25909502
12930414
57625372
237775547
115812911
7805651
16124166
25785478
3332307
102967487
83478361
97173233
166366220
222353247
212265678
5890061
55807679
118628853
2215141
16954782
248945029
35483964
245006374
29626914
193489766
224253338
36701597
236342052
178992359
109612516
228866684
150117190
121737698
227920171
121763147
10875207
3675919
14626802
95005900
178937255
9878761
100663900
107607616
5578139
160138796
80946304
192779639
211033880
78672797
27968809
205526565
83049718
58105415
14887323
25279987
95418405
199746792
143452622
184795429
223202673
120945790
143832655
41322697
27162381
152144921
247550055
109512487
194874128
102447983
11814374
232868709
18705778
24207420
77500544
146785173
8598418
159862186
248121594
234727545
30091665
19841309
15564614
226452565
64641707
9329095
13646118
21125941
30442984
223519972
13266801
3491191
248911770
228372480
81841675
16017847
220114119
91218090
220484789
87619752
206184962
103535612
203235584
119734085
30665310
233417009
223950546
65435006
32602158
223658737
114130510
165714901
4782441
204388918
55023391
117357754
20285387
25308579
18672692
173174222
163362831
5688463
11964624
180219506
240553212
91387532
27504683
146673234
145448109
6380545
36605909
19377834
58377308
3001565
125085636
15120578
41588484
3537739
9502771
56914360
45044581
21814844
65089660
39617469
27571782
10743541
24479310
83282592
8324621
118423008
247304528
151253386
46564624
12043571
8416565
120952624
83486497
79011914
27398366
232788640
175951882
224440942
29837245
223797703
6760949
21654014
201990362
148390375
94641400
3728105
52507538
61459381
84640820
116215261
61393315
3873565
100802739
104518900
148044621
244199822
32936914
246231129
37828335
120679871
169128224
246521909
18166438
159830316
77442257
147164190
20981696
211524803
217438602
18548217
71994300
52382214
201219200
91918328
207713649
10584294
25272576
220732482
247170603
165581604
199943662
109177357
171414388
208119834
2308944
89911610
118251353
247117097
235897606
25384101
193291062
48429394
52289198
4594269
36715657
11560011
221553416
10148525
163341398
52224237
246242005
160435266
168475833
183689120
37091763
7661901
30787813
203056455
83356284
93764626
5892666
172415926
201940249
116052741
59319791
149188159
16047329
45323488
46405385
204713637
39102004
174634939
1439724
76118105
1606571
6133959
25529860
30657896
116784601
100675207
222809128
2320766
200942052
55242245
19262617
160164266
91145959
214472307
247033459
227710591
29289126
83687760
184103081
245281923
198945731
146412939
108719227
4714175
230194871
2968839
64285926
183215294
153755854
14063956
173814094
230910672
225140159
97404702
20321679
170037728
44028484
246237143
119597776
58961270
146399703
234033639
117431186
161247233
25660593
3731690
53494703
37560086
226493823
88278497
180622232
201992285
13916278
95158616
15017736
13110366
232888489
174879131
183998411
236361711
83265537
59385234
26596625
92630288
244703909
119334100
36843256
67027841
121952064
75692441
121005666
208186942
30876518
168487146
62563174
223802264
2083306
200162108
186542077
117720535
166242714
1497605
75783579
2972838
44617225
13642229
1916192
53093006
119795649
30095973
15204929
222548940
204129595
244589240
25287478
148056607
89349426
3800488
248675887
242904069
228738638
63038502
26138431
27351326
24994950
25612570
235154437
52213629
75830443
51651590
115581059
1855245
161422978
216128886
25315527
153169254
186542076
53576076
172243972
154861573
54624409
194112546
2480854
164465094
77919931
32249163
63671
29642146
214520954
49259224
89410652
30853472
236301558
248069772
171440667
230216518
10669311
203225877
232803417
151112173
25494297
117372684
183870515
231257631
91944923
120677127
28523298
63171479
2476501
21257795
161833925
207244065
225606578
179329464
205741029
24564624
120047510
196783142
241876483
184997881
26179425
78175410
248270637
9099105
58247267
41040724
8298708
29810111
29291090
106358588
246512455
79512400
203925292
80338672
205955314
144036133
58056155
54301711
198511531
27039548
168056448
238424490
19508598
233685988
11679278
60641631
25272538
221545603
55028242
25454364
87301023
62107026
36508471
63239820
19666454
99799781
9870199
177565347
27590149
44682869
13944252
53112866
20369182
60590446
247091231
86798377
143294349
147588546
5459978
3563586
1297733
117548166
241550276
87143052
90618129
179040531
145523180
11380076
119368382
116932357
229717565
143208611
93063730
178489133
85615016
184601678
52783831
54624586
242982616
54014337
25292621
245421629
183427378
121155772
242544707
164554468
160459371
230757863
147274359
14996046
6324911
247080605
223085287
207244066
1852145
13979724
244559163
14976365
246489981
76316093
243004389
206480095
1916681
41011772
124320739
120109913
209888699
3547974
28984030
202651079
122689607
223978542
198545372
199886685
75682084
99546036
12875779
15067038
168887381
146943473
206110068
194016201
150446024
15742519
53121932
245317950
106765634
116191817
91088145
170107926
42864255
13094124
231504408
78579483
176890788
28533702
54018300
84917014
20310240
904195
147150617
2316206
37645796
13493692
42309358
89541439
120802162
181200841
97991176
125086008
90862722
247900927
44009730
112386230
2354969
230287962
18545595
53527169
230877334
2477821
169199565
6338211
217443401
22593714
195746848
116789716
87868750
25319472
53520262
5926838
227886527
42770493
6864527
120845530
26970210
117203150
245586612
234269657
31539697
205153933
247921172
58278196
143327191
1121589
2981312
2682283
240318100
25555819
238235136
116078951
18567914
53504549
184102265
78710141
25299180
212712366
76833644
185387383
246252174
82668441
245944710
61873366
3236883
28446635
3260723
223167713
233007560
63234876
91709180
3945762
212631984
18663633
61843891
9319685
59635434
164549187
207025154
49566088
2978069
103550404
103050544
178148003
162473565
71085783
201225982
17255410
204070796
9582966
92026490
7475340
47861292
24903365
3556782
5854403
16026281
147347272
120770263
11775012
246237770
3670814
217689990
81472391
175494058
63569062
3303807
120487843
178937161
65914660
146477242
8949304
43093267
248577572
1186336
70420703
120409597
85530946
41385000
102092054
233764360
232803416
148153669
1332061
3037601
89274009
150990573
108818609
2632168
121404689
114129007
102664989
228043899
153404184
15799597
84944592
198301316
200155871
27072831
3532513
102510674
182005200
121952116
234760713
232539976
15229507
19639956
17274671
50891671
54602624
84291288
240624821
173631580
114506338
173153887
64798386
119022167
150175253
223808433
167850316
228068260
212014597
90318475
148390374
64038189
181172921
20171159
71988311
43093266
85324074
67600747
209589028
86632580
146822698
227710718
32602794
21372993
74247940
1239268
60642941
16206003
227885135
174755194
62217274
24573409
91768715
3748260
52484878
221871398
29810268
32475409
58096079
246622732
222523745
245126088
94646043
21983811
33573345
248270636
184921394
232218610
151112306
246237213
30035046
38400443
30878634
57303306
53982069
26998211
21735428
3063018
109612515
35446808
9612592
49121147
235000356
118678690
44875937
200667270
161005348
12124691
24700669
248671671
13910179
239978093
1851181
56104067
89485213
96199231
75801524
107648014
147100926
42565445
225128114
202018470
168354654
102430806
109243189
232724783
104940148
75851472
44801721
209646251
69910996
209626652
3438697
152443267
234656851
198485819
182547734
116593785
208229007
47223871
179770197
43349182
211727999
187077
11830047
170952192
7550446
165738039
33644250
150285524
33920643
220705463
195648648
56756358
212497001
119857676
236872295
102819749
167031631
245092381
247582878
184102266
148096208
1468513
44561874
84508198
5593513
217701803
198138831
225796691
201980028
223697617
40302672
228377750
172504878
40360258
48232079
63418049
1439698
171767247
144555995
17434838
168976188
1297751
8324943
75841911
146710489
232283120
27483073
64492406
1439689
2972558
53505020
59207461
183256227
183204425
152956652
208804381
177898724
212450520
169871405
7623970
91810183
40824228
26643596
154544102
12824399
94953563
238391645
91152282
201520484
3234460
11164284
183378119
177564714
147255937
26719679
37079810
28547193
227276452
143268221
84499681
40821381
2963558
77749484
4689043
211010151
11895754
33557690
1129599
56965213
12105192
184457664
147601987
46957854
120177172
246231128
1985804
144547700
59864838
163755840
148399819
246216235
101138575
28229761
243629652
43311738
8352790
246419374
25967299
85516930
86870823
229769184
95800478
167848143
91947975
205356878
60326554
83183199
55807870
109290565
116051973
246521873
247091232
27244951
154868231
62004641
181709375
47115152
25380386
61702963
40793051
121773435
119622735
151609395
220114120
197405754
184103082
166004220
21348342
235550742
120477229
231026028
143188261
150134974
117386177
48449281
29319831
21378585
60925067
26356094
12548144
22294787
30308061
75801525
231963836
15086116
37295692
204004311
54702952
15470194
213700249
227698763
179678199
116624036
1072053
65101414
169164034
27513933
55522760
217101884
25283329
101296792
5641991
6195789
37903498
227945536
78913725
53433135
8059202
30844223
23836713
245460750
28472806
25414050
245303445
97280537
40785553
176464908
94785666
224845661
79045660
186162083
63685977
212447330
191623278
204196676
15086115
117372685
120549761
177710969
150558884
28479056
91666863
174352859
247785456
44806240
60929897
3589191
151609396
120867734
226603977
11846764
152789501
193904565
148140908
32344144
107479136
119711384
180280637
6320513
114028268
240713873
97199005
232698794
112479345
63665036
228349682
27138664
22884066
151642831
12043403
230657707
209771198
27440304
122410073
6252496
4636821
211889633
172833118
120361929
2214717
16410018
161567809
38062824
120327102
246750170
26060931
228532683
236968829
204419053
27724541
199923577
237848404
16874939
77442477
149250387
171630195
116932535
180259948
113344070
43576073
10171406
148480768
50253289
89752082
12110518
29550828
147150618
169770196
229175165
214058128
29522129
247162161
21358953
106164278
52451699
40826705
3002587
53694885
147052654
80135304
9277569
245748445
10891787
34192004
30570085
246922840
120859745
54566222
86142502
117596918
2297701
39349672
29451774
30329449
53408845
62226186
15036185
25786886
147289923
83206976
13251593
41371501
7864033
43546135
86818313
147773712
30873001
16024905
28467073
232021019
238092008
163334226
75698837
235154436
235120997
52869740
120811312
35064048
31990108
69476163
25321627
43596189
178290878
13168120
60471622
68697116
7730503
21191572
60210621
169416267
11810804
82497884
204428949
917749
152303673
64701766
16972113
82497702
82135279
5748266
236197873
203077651
46264726
180015476
242020645
93026827
21608999
227971710
16274826
167742225
3016761
48875656
228150741
9008074
12052632
50713842
91592733
143866804
11871124
39825759
146321948
164459454
4678618
18497868
89567334
118319321
44682868
34090767
65667394
21851211
51006984
117326512
234514453
2698623
47766993
43798579
34192003
176483573
1081491
236369486
81693191
24923180
17219113
24684572
65432185
228264667
75783942
13305808
120907499
90618234
63506086
248790130
23228824
3878724
109787203
7550516
153972118
96057362
6789649
111615558
5872458
7576299
21796769
222537586
116923620
44738778
74709979
227957970
28486513
95745321
4646256
2245123
16396196
1190044
63382736
53745040
146501153
235159420
211387585
233415701
108526754
97199021
245924811
217051153
247990980
27030871
82354751
246221443
246325307
223681647
12874803
68615803
53120086
19396604
64415453
166246630
114242615
26619104
234626785
28376621
21328636
30792367
198533219
74618462
61843890
974069
175120475
208717221
212919223
192500743
213131131
153674971
78935473
30773174
92666426
8105229
204954779
31438532
201001920
214668451
12874269
245266553
75113405
28376620
151360365
241918037
40101178
151394902
153756644
198410747
166428929
110833535
161221765
57877860
199888054
56238751
144813836
119171788
77512520
6098088
169761740
84499682
53100518
228362143
9624687
62753817
246237313
145148248
53053857
213860953
20292512
20110467
4626134
16048294
228833010
232544035
33097680
27461483
145168206
30038584
246544963
16383026
212506618
152296682
24067073
19995962
38960123
56449255
243779783
76918544
109831586
24165399
121059984
121403379
239813683
161334277
181175779
89327979
119857677
109273568
236770864
1645046
53004715
232331795
154349188
119020309
122359655
31709334
155121935
211889581
162622572
221189537
229391994
2325769
111610917
54462287
176603564
66492419
19297459
85739817
3228850
243449697
27854513
192484025
3674617
118575801
232788337
17305850
221301923
109052904
68810407
228338311
82888152
116187830
25288269
111509516
28652979
196081746
19512535
56272420
3563585
55055000
100375941
121308085
121325847
201250543
2978360
19623025
102863481
171694660
13253297
107607615
89365022
29557763
120464486
167029850
8074389
7037762
151844757
36495025
53693693
64666834
35566341
225916584
121483102
35583808
233483497
121064078
120370819
3194648
25747225
224947459
146682719
115018121
150870221
121340073
150498048
146715534
143786998
173164120
120979262
24905130
6318023
10255239
40497748
35629806
160984177
216061906
147796375
59207073
225450402
221615288
242357610
47597888
97490452
104408494
55565034
6509241
34347347
9777980
116108641
204197793
186378843
17656063
11568267
148399769
11771188
199669446
1996836
199982538
21820583
54545346
3577221
121010881
33410551
15017735
107444706
21372994
100113379
30267252
121275026
180207277
240988941
3062844
162448592
149650734
183281028
246701237
221639144
5860431
3236088
7741540
101695312
214449301
242364631
36805061
116317001
107968585
151190787
69909170
236238470
118521751
40196262
15825413
173913841
121005610
39375096
15228775
2829899
13997430
120878940
162408979
1952233
63628318
108527234
64131829
53091565
30792368
53112921
63963695
120811470
246797365
65664631
232679202
59370424
91961578
31249553
212251050
28494112
232698067
2115704
199749291
181135252
3693792
36495024
221918578
18452216
43765808
230111262
162750023
204755516
6035119
237653660
180211348
125085656
225335574
236735741
214668972
25954638
63432739
234033640
97958696
9650194
41805065
185896034
112136396
224943941
6220811
29338196
917750
228686628
30267269
97404758
160417146
26291416
248120651
71107776
110467040
86467796
52623577
120468420
51710936
83626441
30654542
28794197
54564852
54687370
978229
235505956
29307224
21063675
203382296
18226236
55007141
146880753
214505941
226170999
179134983
11772929
24441129
204388917
41325694
228851348
240411921
1151042
176311687
18147349
193472944
10482653
21821757
72542698
55333103
211787455
144497681
65402050
116902892
215900163
152938566
203213163
91729281
163830036
3457454
25284567
101457658
14000992
90619839
237643856
165552747
39808227
54757517
116789678
31728847
235409955
202041920
81303158
247062056
196830894
16859722
201522832
2030126
41416864
26492615
179499880
15296402
28535681
210646504
223086346
42389805
83411448
223614349
211889448
19062437
183206858
91007505
214645985
149712938
8936627
121248351
120952512
245335750
229783458
206806778
160171108
91777658
31383677
204250451
246218346
87681343
4164256
198316926
223773637
230362316
185953331
10425178
31620567
25284811
25376666
229438893
146397265
67985137
55127897
246249175
169912444
54993762
47864850
85690204
146723165
25408978
10868952
61107820
159820868
24994945
38481117
246210538
34081895
225304027
11455270
13500204
6315620
38586790
159816739
19519720
185404332
71054334
230846900
39311486
2334443
56235246
151235294
227547413
59350605
181514100
47694592
107591487
205019052
83242609
227029933
65375124
27465697
143637233
228918208
107355984
161616649
150348253
146781393
102954792
42488459
97547671
210647545
152031230
116828848
18497869
93059718
236655004
7795682
6087050
31117227
148091863
9304634
116215873
160181007
175592475
25272575
212207571
28444316
210646503
115153737
30058899
25334722
30378281
3690596
207006787
30102246
92187134
47850754
110717677
25283576
204419052
170426935
240623482
185387224
204122902
51388566
173643857
221612155
56885491
121742884
116890619
120178027
73495532
82497664
53990458
116206440
117382622
121279089
22867765
52721065
224723184
44542895
20601791
116191816
54479190
85714960
10958708
29942927
100679843
4177978
246648649
232698068
109849905
236733622
9405488
211242607
63782231
213861388
99508985
121122260
1145839
217413085
120208071
112694059
28431976
95852636
30720390
182008730
221976887
19364060
83611214
199886751
28406558
46400587
20111048
52319741
4040149
47166197
242975332
233749221
119166935
99798953
27940190
246735595
26076607
1190043
201396272
16555504
25322411
121012949
53459709
201776423
82250420
201891623
62001508
163382620
29825317
48607491
25282690
175145769
28490838
116871893
185619557
25767150
1276565
193619044
197524513
239760845
88883530
2087271
44967049
28488771
162473340
13040278
204877644
176061495
228989424
148171304
28795159
223494848
54161425
201582028
57491154
24574819
225106911
225661507
33590832
211329029
144440713
209463173
186158868
26934698
201360045
41187191
120504773
154379518
232823349
110833536
90557061
52610788
200982713
117596919
58504325
199621940
3194115
184519830
86633277
15482645
85127982
28492742
113456043
223231141
246242515
245330813
19411907
53534832
173513571
54474224
230701690
100394836
23499969
240553213
27617833
1942902
246166761
248830838
113109738
14957735
61819612
33994427
32768510
245256776
54181189
225827315
21830745
67251268
100027231
14828942
25284810
6315518
32640253
169521910
183865142
242017368
1439683
117394334
36843255
220981334
100362504
147939873
28424955
205657555
22363832
44915024
23591888
230187877
3770189
17305851
244952291
179589297
3596268
29961492
163310369
161379368
39037473
68156111
194283530
2092415
116246579
92590459
170039897
151144533
147584141
103529898
241953673
114854008
9330397
228896591
28497553
233963522
5051997
167441517
111732262
8074390
44280544
120650527
66364425
14960630
200107819
21126031
200787068
186563547
90146584
116643070
115666410
236369485
153703507
98737120
101016602
168690879
144941887
109711624
192020695
4152097
224877723
39778533
162358479
5415902
182025321
120464346
119854509
3439944
236373330
76628829
65647609
103550405
26656770
83234572
152303769
226799302
13309733
89139769
199442679
36526880
242970296
153916567
121098276
3541646
208291250
75699261
60491740
207013450
26813370
27064018
236641264
202055662
26102945
120126370
82324220
170896202
176014859
21873980
53594590
21587240
47807456
17980190
144031867
102661195
236932325
99837475
247184668
178770995
90487548
36174690
81624011
53433910
61974444
81746935
91167084
162674924
117621202
21395991
91625924
202153712
44738741
227233793
57569252
104968411
247762212
61421555
69107740
53306521
2328611
231129112
114646071
108178050
76986191
177202804
109761693
180245289
757862
120047569
232640088
18604997
120955866
59350604
238852543
193505822
245429472
121117248
19841456
154472628
19287753
118289314
21784551
55913577
9304633
112878488
175118767
243811511
29520919
105138882
83486291
121098330
236373331
19574604
228918209
40290546
160138564
178745862
89883147
22412080
235694154
230848038
214019343
21960709
16051669
81841674
36870966
95373026
242364630
108227081
25740055
229240088
26817412
242956902
25743693
193505821
124921794
56465038
246746067
76649470
120094408
90635058
235994404
113294795
248766779
119486458
52354061
5728986
12101964
3262910
54335017
45343190
11531986
221666376
54614895
109514104
201258853
45705677
15331437
184415525
209984209
143535978
118284522
15652606
212391672
244770816
10910391
107801925
143198927
89450567
1170751
110201560
246956540
65843626
16966182
173575734
223812306
112719928
83301068
229684725
42712839
166816737
4040148
217101955
29810112
246965554
226604043
108429626
148525195
33954433
14000813
70078804
213722414
96303513
215359871
54479189
203203617
65402051
55056543
171647296
205272514
145655702
213697318
208754752
37868905
146898830
29338135
145168674
24476130
19508597
91071705
204933297
248638602
115216872
15084371
87167522
90117536
54609017
51375280
63171478
241975229
28861942
171608052
235420400
174352858
57550723
161261431
11788082
90317352
10028576
28840220
31387788
225097753
84661300
89610556
244648827
16383027
236341629
5584032
2886695
205417244
223494244
211408637
108476756
233760116
16172349
16396197
11658380
29115780
57564409
111530021
3925505
9146266
75781697
245303444
63431761
164668544
22638950
93696995
214598602
145169008
214682306
147655487
94962320
217670946
10673400
211525564
92025509
204420186
200518305
81026953
148525158
246767076
15404666
22330375
75870581
102827480
196103816
191160563
23499970
602064
121938256
25817975
114479919
28484784
246247601
52802676
194007286
248734931
146693368
121124546
113883467
235496167
89994187
17286860
118423136
184173633
178378578
179961397
45425867
1361473
112399961
110306583
21719619
121110282
239941087
25708650
9219576
201521249
162019563
159735258
201592891
214522139
54158195
214346721
229783844
20705947
29401955
121654296
164556322
115083218
171104831
52423237
147925818
92026839
114789092
1439712
1149247
235997081
25494407
40795039
169826306
60002913
229881180
229004957
200460052
30223776
246646005
1439719
183999646
65689344
236737675
242689733
16102944
10422895
25316488
14236341
83434969
88867282
167675357
29698932
40779378
68697117
233619728
29313153
91853028
18880149
74421020
196505224
248621997
114123029
231942402
1007864
226664455
9222975
53052563
53052564
14962734
203266657
159816131
51701408
246735594
229013990
164753920
167321100
50896770
46939748
89444038
11811056
242903574
9347537
33122638
8221148
46160901
107661335
39944236
53464817
66730094
91168151
227497287
30330502
55014018
24992616
247793455
204098346
205782055
226759768
173576125
3214672
115361751
18516272
153239076
229004956
82978739
19441933
3457453
81247655
108918185
29324883
29729004
22269382
28491639
7741541
146857181
213795826
161361105
38249977
58320882
5815104
236929760
223697618
8057415
19769063
199469553
248580620
164344586
51390156
6561861
51676876
85828171
21744546
120849143
53429461
10850777
152196003
12584231
8494637
43334591
25506649
121076289
2339297
223759903
31829360
240478215
39012699
171615803
31422127
102604741
24896453
4540794
183755987
3433580
2509732
23111595
201414448
102913864
247790002
199740325
60380023
41649063
179927221
245430865
113729742
107069944
204762506
236732142
62109155
27956814
55920709
3180547
174711532
42107699
41219751
203276097
63760311
30662292
118856773
68031207
28478184
18858878
150270779
23843641
45397032
241245395
3431542
36426895
10874018
246238999
13644412
29129272
28531154
64683834
65128376
96971333
35647244
53551670
15251119
3427653
38904924
230773591
117315907
857809
208841720
18103861
113953621
3032164
222520272
20257545
27816865
25506607
65146242
5154846
199889263
3197699
28338439
4255635
31453216
87225684
120065400
30723365
83195950
51574389
36535759
193927083
104836623
29696529
26291325
171791542
85208188
247033460
226722230
88887692
245939397
50245855
208445557
199981693
146668317
25370285
199864036
19614564
53433134
184921395
234416937
11953166
87247299
182005199
2328610
120762007
53855233
28960084
19077373
3471415
16165922
163245200
41682895
65613709
30479710
1452068
1589560
35118014
89031726
235420464
212520135
53691551
228238611
5479171
110233495
180176410
20515671
214561133
29455018
116047522
125085913
22917436
61448436
121406544
2507246
152237731
102777531
116932536
212487781
223624962
152204027
16019240
24525722
34758581
233456802
40677630
73719887
54966794
159830119
10744425
214058127
40577706
1254282
233963523
63653479
245560881
228823359
1319749
197225931
121924445
83328830
117999277
56113135
247884072
111247699
34633906
4062679
223904170
179944551
61946075
201517645
21382839
211659753
120975967
24479839
119711220
43290815
18287105
21528899
26396171
84936034
20238615
4320570
86110587
9662948
236570104
228048258
175136861
63731464
90217558
2318226
240478301
1108707
244992688
8120064
116591629
52904984
1360227
56819483
221668303
92846908
169102208
3777167
25290449
4129166
33798651
28611358
92007380
25298021
93068754
107569438
6905343
63418048
44870809
3738032
21762815
150624479
124785835
26169060
233079295
31632803
75783941
242376770
244809546
19294737
28491638
56224683
18120960
201429739
84256562
230849257
1143443
134167
247184669
169917425
5669664
16389326
40927114
25574144
15383480
118617857
114087193
11358268
194035911
236937501
185639286
1297707
13861003
246273218
46810409
246239723
46595908
160532238
244111254
61599944
35051050
51606943
28385857
2804820
28520799
203421161
181175778
16029079
10882556
59438508
1163193
64872018
145467523
89914327
120752610
98710
84586160
161755110
161282123
147066763
30283900
236801498
203973999
10947667
23542653
21588959
45162420
60706707
1451881
200717864
113127272
37504696
78873360
242742241
200908847
21415829
229275689
116214230
147250567
85282858
54003412
45790383
31162431
84535342
248636835
169164035
1605827
76787321
33026908
76922907
213910458
17683115
15700852
17273460
31131584
54565052
61577781
108221111
116206439
143203488
202646422
234442166
4697659
12569148
93696996
202452560
72259317
31668981
66492186
42886821
226443172
94653046
121625967
113637725
16758849
145176862
90171559
29628428
117222283
45106450
34983566
175108721
244643273
1142643
231630718
186162908
13068609
101300861
28471940
236452035
53120330
211889446
30140745
27477627
34215201
246750169
51335486
51735247
125067102
25389834
6089062
57087377
84251797
175077700
96739649
175721375
45247680
84150002
116890617
108578647
236185488
3037802
2214406
40355644
20338918
10799382
174185943
213696417
68388788
235977439
26019412
116187829
38099878
213541227
124901904
120792587
11396598
164548920
228051187
183133585
182850321
116189728
120848459
145874164
185531952
150537949
14956398
7053371
107959091
245035448
53444233
40052431
173540226
150102066
223182274
40789716
211510046
25285255
53106421
164006913
199887548
29055963
244482743
25394909
117431070
2786592
29315321
201647610
41351571
233687479
30459938
227711068
66185085
114129936
41042818
26792453
102913865
43098627
83341442
10438397
199888053
12937819
3140352
208342240
11881455
180077536
186691279
161648555
24903063
11566844
30535276
161553763
235584068
54451859
54595882
16523234
116671075
3786268
212861794
37898557
3116322
22600483
227957712
2320841
6297599
44699742
225661506
248629741
66105420
63540129
153351835
164548921
115109740
29767205
232819498
21416470
30466215
41563463
54698818
25288446
203076914
61307337
248762479
212264376
3669686
13954152
113232717
248378565
183994579
19769919
54161688
191775854
125119754
146533314
30723681
216485742
162711396
120811522
25735174
182110791
147314360
203729500
201639441
52651393
165944086
175107327
11587612
108835693
3616062
231963837
26909535
120209670
117847685
36958411
120986010
6327723
169791754
36956100
107957770
100843732
191657874
40334054
100390923
240067256
109269236
148434971
80752150
95916450
49006433
86814455
41022143
98727435
15593712
66364424
213666400
60465757
108785640
167457979
17290327
37356317
62937454
83168091
28534341
20545027
230368603
76364446
167850742
220353263
198672618
35669543
30519599
160765050
159830315
243062620
29549592
199951446
30767952
2328588
110245271
1401298
173369525
117247215
88860718
121010755
148133708
221306086
3381075
215412796
119738280
120529890
2096610
120138981
121965583
3670096
177745178
226930987
24516512
225230753
199938634
10897003
192569615
83167420
242692771
24522948
32617131
236192157
151860908
236922218
208164314
14954817
118883842
63191405
54279202
4078449
54022104
230655411
5175805
170959300
238038592
1319750
3893716
85051328
6133177
98228746
205532045
232783551
47707866
201419280
117213993
42057196
200155870
174056733
186611872
3201751
97264311
209716366
212377512
248064343
143355952
2359219
76113156
227036483
25319039
65142906
30702582
14983404
18174756
104662162
244158580
199500487
52669392
221633336
148525210
6318118
114137919
6999603
82734577
40961429
40541452
83182809
21503230
25287867
12874268
3031788
19404270
11914712
30609696
9473037
108802254
68129036
3216875
224085063
57781026
207067861
53718423
15825412
27503968
64681320
117595339
47406946
58377081
54903408
4862081
37897131
38708723
11826755
46652273
196992614
191063638
115014876
87283228
79045633
27307465
115775074
116189727
210988305
234967843
146821225
3180546
148186467
221826220
27477625
52870234
230272765
151907285
75909729
228298822
3112907
223806589
85264925
55473213
42394546
56819484
244625553
206722315
42922088
15827901
91071706
7522132
86454966
232773891
53408824
54806905
171440666
232049275
25652684
222939953
17660895
15063825
4482724
54594258
30873352
91167083
24968993
94853241
206732616
48804609
228720868
1243826
230216519
89229949
89037922
228010066
31539698
120842903
183095091
104837360
83330101
31380514
205432711
42359770
242364648
236185487
9319537
208780268
53991806
28478185
76312866
82250295
185524522
2254781
202130515
2059803
80133682
168185815
107960193
60032468
2094446
179789450
32617221
205593287
146870122
68101509
238316779
35457289
228832772
217624492
85771905
67016368
146660554
125119107
201595807
100675344
101506224
117682409
114954732
20981634
209580823
121132415
25329722
57092668
54771693
17213850
59245767
47147804
217666121
24942947
6173206
180444262
208217739
84476149
35101510
148118183
226147180
114111738
201594416
11879458
10425285
27086406
44587534
196928264
221142602
181151358
143520107
143760099
41560352
13999312
186162909
244896719
33700069
91776629
26103563
87895299
29923324
58269121
209372047
45219432
44448037
204839642
53537153
47753307
18958755
220948927
15993582
149655345
54021916
35629735
44587533
30884224
183401236
7585873
184512857
230362315
173656156
53993190
15061580
230363348
31290694
113161981
83227593
9218508
173341604
178902081
113343358
99982244
199513433
26163623
8355623
14498051
25778271
37392207
143738202
53328882
20647293
211236880
85177820
176014858
22238295
121965597
44919865
246988966
65876082
24687978
204007279
28406557
212861795
14736591
53504550
24901548
16251299
113311613
15734964
220717460
120801610
236901245
72198079
54138117
143927531
54384038
1303112
30309281
164419491
30641510
2748056
30657888
59648673
45247681
53529693
109290564
2323119
223507917
246253387
92759099
70098308
228916548
232314096
17791698
110381730
1474260
100362503
42429499
246444212
16058749
232783748
2061309
18166581
28472712
232912508
196817356
30449768
209267791
120944972
109924189
121268265
51944766
91072201
233924480
221656291
89339346
7441000
3784525
234243326
241124268
46666309
1124025
21326924
44230611
15187331
10522071
33514484
3408579
31564680
7205050
78500518
10868951
55056459
11494506
39259652
5046623
19396605
29359619
7907127
205689706
145559734
207863164
2254782
10885110
166366221
25408875
143796347
2123083
26108733
227893404
3212953
246777856
8954865
179509759
29386461
230309008
111144762
90496600
59372758
112902848
246427412
20515460
27571629
6509034
239942489
34591010
50477113
39020155
84873901
7390272
28485767
121112852
92149786
21234687
162408978
181074412
87363583
25848878
116627310
120814778
28174251
91079214
53675876
234320849
42542833
8100865
117300342
148528245
232203243
29695723
28533701
60439900
183272760
111000583
248165393
24938362
181484437
173615065
7054581
225550275
3005764
220545635
30519600
221551340
120462294
14962352
47095290
205477536
66947935
245258373
35558873
53598568
13536542
1915616
81374634
109514103
17143021
83246279
246008255
208840580
61974443
100058780
10199955
81631575
59864839
201927435
116369446
25292633
225113488
88883696
211022878
178909902
115246928
114305624
121170172
215596876
94744770
9408218
18605001
1525527
44139865
160186475
10618786
45441466
91858593
116595007
26676500
155191923
225559906
186637494
53532086
3241312
15722844
117577865
44806640
19825634
232315675
24522947
208352639
68985990
120487968
227901298
243099674
27644587
82069488
235550741
226980854
84903058
248096907
29450357
31692205
220467007
40423051
27645571
36740230
28444862
39218969
60932871
89458513
230905208
92196325
108490789
121749306
226328566
23374319
9342324
146715535
245126053
55566656
121755813
7475606
178742009
183513650
3334773
83231104
235618716
243108758
38897161
68058940
14928864
72198078
82008327
8929618
107970360
121756152
107747926
102230354
151412580
174982612
205990093
146795574
185887576
109852570
54238245
60931282
32416767
121419062
205622547
25283961
61894110
241928218
214598603
120703368
202638464
49915443
45329011
102804561
154760170
63782232
201522833
248930689
69265996
116293277
111689732
145168450
88770671
227107505
13286322
5459977
143215136
60218403
17301564
224892324
180919405
241924128
150454803
56274731
143253542
165602316
100070007
70439720
16140852
6083086
85574954
4454064
102827699
184762754
222919307
217059394
207649212
83227992
2539882
120356533
229223161
19262503
154191954
116198479
117418832
76226373
148113065
27333145
235144117
117287523
84258151
21371987
213366281
2124405
112199296
205698096
3032792
7568882
26564344
225363578
244648826
6113785
208707715
91427961
232763336
230188427
39529402
26344134
209808910
2421931
86157623
12848381
175451479
89471276
199898226
15615013
204454040
248782423
240338792
240427362
17290328
164538514
88827972
21253866
96664462
54948770
83265137
166015038
236745327
101362481
246218345
120091480
1113121
201665260
149632479
39825760
244896388
205871117
16753259
25530229
64873092
227276391
52568402
3452861
38126151
14983405
235026877
30698983
63401581
83415407
2970337
82008268
2802819
72259318
55056340
147405788
61668890
58128218
208516811
28384807
89911611
209340507
199850274
217389765
223655878
54471053
53489176
214526851
89037923
146325601
201175409
246226629
114904139
9675381
28817897
244530109
244518162
182008731
29908990
59887111
209626885
120952567
186421972
95254527
28479055
62756091
1135086
1644950
77898142
3941422
172659372
118057035
169669358
59237193
55754731
48277484
177370061
3669719
3219029
194874129
245298179
232640094
1627155
178697865
4134203
29312718
220330089
58454593
63704095
25652683
19968121
64285927
200937861
149069962
20342477
168414499
26129321
66679287
77749485
96534524
121124560
12578177
153602584
118514896
35509912
234931218
96783999
117585900
35063643
18373303
10435053
174621055
26399993
222949373
91926548
85599393
69029321
166603681
145102742
248738288
96623330
112964949
3976206
104466200
21851210
162247242
53745041
48828153
238902993
240711537
90780341
155311898
89014072
3309369
192833993
40305302
245421432
244902285
31453215
83299434
46287201
28448741
16875115
15231468
70646287
242893786
162212887
236899027
147252752
244891293
112465026
40225523
120231063
30752315
62109154
114137918
5288546
89435029
147004689
58560940
80584262
21999578
203075280
102730240
78698420
30275422
210444455
25291094
247249068
105822363
15204928
153619206
84453853
1320384
148442239
121115544
94892670
27922934
204261530
63216725
247915744
2982396
117838457
90167939
205049281
244190072
210677571
34772983
115276158
21236426
244992689
144530189
212447329
36565157
201517644
86867362
54108967
203073657
214472339
38036314
217714675
19769906
117820600
22324545
226310321
85362494
28472711
26079314
196803531
10224209
85515632
213921946
913358
11953165
29599203
207589430
2233584
117314921
213816088
181217111
14586586
40674629
22586085
168150962
238095104
236737674
7939543
241166394
245614243
234160361
32975167
111197191
62504042
12009072
209626997
244486399
596839
10438396
6494589
110354982
196809191
55615986
207012188
68810517
52951659
3003398
1121068
164344587
214645984
115289760
28496182
143223469
4187205
8329655
41629447
108224875
200890152
201101612
27378121
202949998
240823750
85642962
120763639
36519405
82324164
1297732
201694415
63411743
248296929
217309203
69407268
81574847
206692858
223474564
243908180
217441373
7978634
35288400
246539656
32879556
92647189
123911634
118852522
121007409
46305951
143809479
36810892
69072368
195822138
39956269
143215146
13337281
16473178
176295719
235509148
88860719
26722491
86633290
233079296
27645030
28534244
1450193
155551487
116911866
8341427
119444024
225892454
109172014
224922072
117601918
51510133
193939397
182257746
238344543
1151302
151133310
24937988
27100679
53183277
63613731
117036636
110587846
112479344
63245042
204437292
206448067
111161758
20820271
6492907
40231336
94708819
86128528
211522295
85609632
230076833
66772139
13395477
31131585
178082178
181058490
162750022
54862304
1952096
45218890
206493470
198246144
32422545
116198686
29887946
164459453
108484352
44471749
213704169
120541860
155268912
50933542
243544361
47578232
28487237
2373074
240067257
245264797
1981302
151483419
124826262
19675753
211589326
6327467
41896643
40940347
36960032
88937328
247459762
209844440
203729499
45397031
32246450
235977438
244823079
120432419
96199230
15070774
53053792
173184304
2489995
120848328
223117478
120267263
10462066
211219849
27816521
83184628
37856746
125087940
99794868
52415865
55456572
4961399
228837437
25712209
30297177
2460477
244647005
11338291
15024189
55293797
242925622
212329924
1086277
111235704
90216331
85237185
229014073
246963619
83640404
30608466
64788749
62464597
226944465
178792690
151656148
41000549
116996751
236754716
246803180
167035689
235671095
248658837
93324736
176314105
151807412
40813364
48590321
25153245
56567490
60126321
15704250
8214851
31510009
115460952
228016808
226171832
182967195
206404732
6798758
120378531
247090383
113599490
1022260
246537750
58323079
211100293
245253971
68288738
16049951
55794453
52610783
7493063
241555480
23238166
33928995
77573531
63564440
148017655
16210052
115825404
24922043
111642601
149936664
121769520
223644971
43311023
38973674
7576300
26183845
24720968
228790421
25187428
20662419
117992110
956241
54506016
238871451
53333737
203664649
146964578
214702661
3979189
147802890
3166054
165552533
46312451
107688068
91962038
46810410
83268309
205782054
109849667
105949646
179343618
39366647
93277594
212377513
32803590
6560708
22801398
14918633
76263967
208313814
26033921
76382760
53093888
153148830
71616728
57904456
54615093
54740951
39244638
203203086
221248103
246976566
1149685
23766518
214998758
21329391
3433591
63564441
239228089
3534031
244638711
49197550
199928273
30203957
244557856
26685686
17394050
38328396
13401942
4127939
31132222
204004310
52218805
32504452
29630003
22238294
87623970
146711026
221533517
13286556
87623659
198305406
57491377
11615295
54218251
33982005
221479552
74247234
211961522
117205406
19920383
63062358
68801225
180109414
235420401
172290932
56568876
41757168
16039775
978168
148097077
2150035
17615947
1333765
70535461
2475357
120237241
82982019
240932572
88839653
240176977
9218541
168933945
52561594
145989512
168624530
236324803
176349413
1081492
11330824
239842744
194037018
32419526
1530555
185880232
199938377
48211350
248661503
89798059
87895298
202554835
143777084
36627145
91747698
10707322
6645884
228371178
92193105
245577819
102264988
44513826
222468828
194524785
226015732
99508972
93047701
230861515
86164780
185924376
19692909
201216510
213588594
67027842
5293790
244482742
83182275
210519588
98973941
12156864
82665537
227066305
52527974
235849695
8087613
53465173
27039370
208313833
100032480
89436239
30729821
210915098
247463273
110226690
85711067
83383400
2268785
91875757
29462361
75807833
195878689
2893909
14165984
229881179
147655486
113252785
186632008
53168825
25286822
1675527
30835641
195948518
39019232
56885459
58721207
237696717
151567577
203203616
96132337
210488831
151656147
223855900
59449427
1837340
36178832
195054372
107907172
68386117
120397602
119239436
163830037
55792555
162358271
228159235
204087048
178082177
10720746
201520174
146713418
211532628
53120554
33323042
198217585
172152962
162012502
64352217
101352812
25693492
1978647
63382898
115702548
247900928
190257764
9520610
237775548
30795700
24984229
17871426
94879930
41740201
111950009
236581009
233625769
52508160
93048874
27122195
228899607
244530967
206280988
21843433
77815141
39456754
113419942
56829268
12863040
22545989
96380546
162228084
116902891
120134333
54273738
145283837
201582027
28890290
75514104
212499836
201082131
161755109
43102782
226039208
86200334
30283878
52175625
75383487
7557034
2126791
25315528
203472006
199446676
185518126
83182838
3630209
87194736
1018403
69833037
118852517
147566532
230537788
214470882
22714128
32724032
153547506
5998559
53090373
111192474
40302673
25290716
27567116
2274946
238327225
244914568
204131972
16664267
120047577
214533614
160532661
106987152
22125221
4713604
95657614
237284148
9989390
181672979
183705074
225948903
8057414
13632478
149560009
10570482
61985267
25277062
89417416
4714176
246545007
38249961
242411381
233177525
37111395
58844115
120395227
83122698
91120269
210644463
25060951
164554467
229169179
1712054
11675595
28966344
10883344
25334683
28535680
83246234
94005964
68740033
9157261
54129059
169609348
3640292
196099678
22282115
246449940
244643272
205792622
17146214
163310368
109060593
235533586
35679736
56642253
230417537
54621181
206145697
209966162
226657834
170113424
14942536
2427216
7913904
119668653
54893927
11305676
50834137
227495604
199625263
2858309
53855232
121085121
40310264
109292541
166251862
215182726
221260931
15470128
171744238
236965141
248369736
173643276
224545357
204482999
214678517
6429217
11130124
42542843
89432718
90635059
90892295
161004976
85538666
117172073
117649305
152496343
163107096
114058923
23060715
212517726
28513238
53526958
62112367
26819884
47477142
60813137
150565298
225857380
116646620
167567507
243449698
210386449
3480395
82867780
77543690
245828788
22813928
205956151
15236098
99975005
28487236
47687174
247550054
75781140
179766506
152434731
103535611
148287957
23581694
11811057
241186816
147232698
6320514
221871399
162816741
44981886
41139093
2877189
41054086
2497399
244020635
116600335
162407526
200507918
121707052
35169853
98461786
55870936
91168152
64877880
28845103
198305407
90379185
6581288
106411984
118642016
58388770
205792623
169553717
89497030
28799629
28444863
69061647
233129153
247845126
2446351
247115406
93968093
174288820
38205687
101415436
61598966
174712245
10887041
96857753
146394074
75775708
221592586
152508878
1162534
2821510
248381092
9638664
1419106
40086073
39535699
233286661
247528063
203936192
229252163
2055097
928209
1110158
71650158
209744383
10744352
26934292
237669697
13490401
27496900
43833921
225106912
180907296
201000792
53741020
44699922
28917425
4293893
240112409
16874535
31727063
80153978
66492021
76190559
7987469
54899591
147006576
240119623
52849216
5154845
22597566
121745380
240711538
235370530
993036
228436052
150355002
30622421
15420434
226133438
4898111
205051923
52259609
25586489
31798261
93583820
52544046
233274300
120065483
121058655
246807387
60644573
24933393
55022955
151418807
1894608
99749079
53425443
159973253
37380510
3154739
224555838
65058135
208527063
73209457
143824621
226328567
10749286
247040754
121117238
89432719
241110570
211725131
145173094
71616729
1319463
154840866
30320524
246535615
153627126
95662150
160408046
232315674
147525766
16077395
233071198
201000637
120994419
212762728
229100325
222866632
192693450
208188602
247755703
228823360
145531506
202189663
201101295
115142858
229684726
244487133
1205705
227927340
6913283
198310540
108354136
153077361
144512335
86132974
103924720
13028445
29291328
202819540
246252935
14954816
913359
12662401
147310981
147255938
24946657
244320685
244470523
165494813
217360923
153913869
24900608
207618932
236399375
112479902
23080194
20594902
1098863
112787244
45189051
121266099
230190628
14099755
19629752
25758830
68801226
53128976
245303450
25948079
46666310
114804769
201274612
21846214
119789399
244931295
52202260
225706797
234185022
12565122
186598121
99979634
41105349
55397132
172667670
1147779
24908198
108675206
1979552
14657302
53272828
62815809
28490757
41105350
121128011
24430313
109067011
208904963
235144046
194382378
31216959
3329040
196826715
83018234
54014439
243404307
27941204
17126940
245766296
28799630
85032025
21978250
4552780
104217481
27372467
54365608
235346052
221643016
121163983
13932354
228264587
22858147
65571728
61925195
2269987
67023984
992222
21135060
153307220
1336752
173076659
26216232
29715211
26642190
2094271
196933743
246495120
53168556
162863743
193119051
35492253
248426990
230779974
153916110
210322958
41737185
95047909
243099438
109974641
63013690
61448448
22930853
86106634
29626966
111099521
97446500
205032470
246635487
169121243
71746718
4780337
147062218
14943989
150122414
100908115
25287042
40504871
34787184
27627515
208203223
40200800
230561061
154838944
201999498
227983869
25898829
121743493
5858341
49110720
183390379
160971328
43157712
235354065
58079584
164623758
237840692
64686682
53520255
8002892
83655716
24526236
7422410
109927519
8949303
7485211
26934293
196933744
70078802
83484827
210411552
244215994
162046267
29517820
239085172
5563053
10383034
52610384
244553409
29394091
175320264
45030996
96361558
65335670
202305620
41725860
13538569
174575157
85052686
43563952
30752406
59260689
225136342
13932353
227833432
163364768
213366282
3571730
182320423
170801489
82577271
10807141
54483556
15215988
24516513
54630799
231132481
73889122
185387223
224429193
11694862
111729940
28574009
76508107
3309149
229611336
243112199
34475100
169593107
21847243
21828838
3167372
154951539
17596369
1089099
237350675
87916033
117604521
11182182
175775854
26761777
90061693
195822383
1927692
63918511
40819913
3580950
904196
99903331
209374825
11284710
165758737
111357386
239278512
15302479
40388069
11960384
52974255
9277568
148515372
40302953
211251338
168475834
118639138
52870229
62748477
32416768
217307819
119316882
11085344
17426392
9299629
54582016
111393829
86633289
143265383
54233784
122343243
116963732
236935474
53726686
28986077
120236357
225168338
30667906
201521248
58760373
31777342
6300572
144476783
11014967
193927608
53102531
56437340
208311439
10883345
44618803
40892806
7613746
55242246
12575987
15380032
84163319
201287553
121734627
4688501
6383479
147220127
202270696
120639237
207006786
114242116
85064958
238293514
161596346
175494556
162267987
208879206
186160632
169336173
19070960
46950512
25966851
24998317
17550989
56130146
19326814
236475932
40815922
46305950
231828452
227914123
59245768
40559329
89450568
149697390
146141906
53204778
247451252
198316927
91962044
3416324
6395847
60280982
22684376
28863226
27766682
221259536
201398449
5563047
186162084
153090616
37344206
238442778
228015702
165399448
40677629
83560834
38249315
148087291
154602844
245801869
120878939
68266048
116784600
222537504
91949629
84476148
77854383
51989529
94036416
161570610
72348233
163853555
15049306
18871805
47395490
100105267
146780924
48804608
83197647
237823479
12925106
155542076
153972119
177931952
99975889
45343191
47661382
146731867
108866547
89029561
120380368
25167569
84527951
1251617
121844902
57193417
4670694
30329460
51322324
91257865
65695946
28805236
27845882
25379419
120832992
223173473
143411357
83254190
240992226
229478716
198272224
26367645
150898675
91691694
165625628
241360180
4264760
55050313
110182609
15896837
89325211
243245987
7447699
2128699
147397920
68387960
118620746
59986291
12878301
180015477
14145777
30720247
246799221
16184702
1517235
204704351
114140211
14972814
166006991
40327201
40582077
153307221
93832015
120378546
181074239
164134332
151912098
185896035
204401287
2222297
239207096
236398400
1469367
6727096
57194362
232384110
19513912
238294060
12126299
223223471
154062118
191740796
217304527
6083687
28503812
123508864
180109413
86835856
245132361
86344293
55056361
120120341
1133912
193887726
26869647
234802996
50497572
60821325
122471086
151782276
11182181
35632678
224888992
31422128
2873563
93779137
203085523
54181493
8221893
2933408
48444049
10711003
15740885
77263284
18529122
243867450
236185062
232051628
182922541
91651705
7499586
120545432
150895627
29520918
1726141
18721142
51334864
13632477
181149511
32722830
3228848
19516070
19065132
69978176
246634957
121751157
245673022
152512799
7170396
88930364
180175105
40596006
2605865
121077525
169661320
239912460
51971006
99508284
40892807
25136510
192950242
9722708
31249554
7625624
30379411
2893930
7389141
84903391
78014891
3369999
143927527
184000955
5865530
112049408
240007677
245564104
107393748
3355404
151907464
205016489
143842960
30085085
40608720
246095001
25521766
225540272
58935866
244559162
16066406
13598727
89084157
11057439
220869475
27558238
20293276
147006575
29314108
61493406
154475244
12569149
143240804
27854478
120664208
201139443
51891898
150509420
67816748
119044063
7577149
27215554
235620559
32404852
236101639
112399962
116860090
1373139
231077175
77225337
90168175
25524322
243282023
96416463
46512428
243227821
24936816
52849458
55440311
236697850
8841332
54289792
21756438
224545356
196666552
12765102
248478257
113210777
202073945
86446250
201207523
244079886
197355431
17627216
203553074
208904928
17505032
211408636
32602793
8330787
28818562
122286250
172626982
185924375
6109741
1191630
184576344
91289121
54482926
245472034
162223948
237278380
205979370
63216724
93312610
200470912
31950378
236341628
231128552
161345828
62359726
89614160
57343549
53449483
146900262
10749538
240098188
55045141
13439550
11777310
213386518
14078787
120935312
231518935
62117915
10179139
161632727
153275428
229943071
92908263
2446214
85633377
120848377
243108791
212335613
103051410
211303148
28805237
120116231
120189565
11014968
81596530
230581040
64950356
82493273
176828446
154707860
16049952
4326146
77304173
115318495
25290450
2513514
88023171
21778036
149875377
184668809
101751165
6318119
53040415
143451984
233117959
5051847
114024773
1718797
176093656
62324877
44898888
168770195
25319038
92519614
62204837
162046266
241380116
44058595
207847333
27497009
246535616
99340788
3975786
113226520
1533152
79593645
175872052
209853449
81746879
3261593
29681704
90216407
7471900
75698838
111197248
15138907
3342548
226416044
113256465
248744872
10885111
181173452
107479137
27203037
74922793
244974856
232370320
89032609
86990768
209136214
246495165
69833036
117621201
212499837
206447992
30254470
53074239
244780200
209471793
9672854
245320764
26216184
39516765
203803720
57182107
83337489
59412322
26545293
230360921
225947803
52118422
25372163
13501431
11766053
240007569
84458244
182822763
94848887
85479242
41082714
247856757
2431781
5892667
16886856
15002200
150331953
223818459
226720778
54563115
54966818
21999391
152924945
240082783
69564042
166353204
169298353
98646249
194618052
66342960
24907250
35174965
12023434
246868122
6366927
1046278
200896064
200172951
97539588
143858827
20622189
78802168
90303149
6498701
8240967
148149364
210563024
210567661
94569011
235319895
173813478
81404091
56550055
116267716
6168225
64511608
161400910
212497985
161423137
121064110
23886998
30099890
89389355
5840359
194036640
212258400
183100736
193824125
228832512
115477163
220814128
30146535
27499858
113360637
54308533
179165985
64460784
246201344
86815821
27477856
44328235
29100355
116860091
118852620
153275280
161329000
52960048
240710727
85832358
11771455
202942980
9330195
54462470
33309909
150368650
50890980
235431213
185457147
233731552
243629653
246552167
30417814
19058045
59348207
244516105
118908906
6035949
55665813
44538895
152472743
30764041
54124278
25109034
1979683
13342683
233688194
78913726
26190188
92235682
7487202
182440116
201325783
42975207
1813304
27026122
97286920
3909028
92652719
229110729
85710768
230243653
4693323
174712246
59601376
30871669
29632856
7827371
29696874
22286042
221908345
224880813
214008345
12865424
51590403
224323447
104837359
236368501
167740736
115477153
197969677
1530567
57333018
121965582
111394263
181217112
172159395
7842363
217242773
62176711
61066669
120793455
204868934
71705593
2309079
231381108
222474247
86898938
25389187
236974016
180334624
7797947
76381854
4102882
143913874
90442425
233689006
169336130
68106953
2961976
217162759
2980911
245256777
147855682
15075482
14928863
7549155
49873792
16230694
25286679
65138290
183981394
153715211
29635158
13639236
118015055
32459464
82330898
25082361
25299811
195067454
52155296
151360366
110241051
212194391
117360826
58644347
8851386
17018016
65154610
22072287
195868659
1439691
30524452
1007026
212335614
70814176
242807004
233529820
7973777
99508285
9716040
121010276
85538840
30503771
18318736
230076738
124865343
196830893
123118625
8002893
65608300
91180884
211874511
162054664
103277679
25372164
2700308
37111394
68094719
21234688
121149492
161258177
115756219
170332687
181461317
199726379
89037043
234405890
24601628
46932821
228069867
169565800
52891453
100537177
25320537
5593783
246713407
23591920
11446807
1486032
3643460
161361104
111091723
31287013
38261995
221280076
209253610
193939398
82547404
34973148
234304409
54486239
28490758
120860490
183294662
50094703
30085772
30494938
4000674
28520800
87863631
18731962
82786827
174264789
244470522
39938243
108911733
248044541
5402878
120529981
11149704
224843702
10672339
28965908
107753706
167523773
114307386
89024094
193922755
208066430
1131702
75222106
95557977
47004813
23204004
122152171
121637893
29113858
97751429
25816812
154532423
42936219
10323386
15058966
1668373
10644631
27844979
7463060
165983259
34977178
3223352
38465967
199465463
76758322
183256340
183981395
5335063
54680415
57875395
114804306
217413983
106987153
105481280
44990624
248382813
222938513
30472421
10457398
3167157
58594161
247710710
204261436
152303400
148514304
28389547
228310304
70877531
14698396
121773936
222158571
178697864
221279802
83251262
6219958
71575676
61691830
34646422
120173272
57205430
48072246
233268056
75775709
17556073
36901745
201187264
209364178
29729908
66592963
236992551
43922657
163594663
53592206
58274704
86167242
11927790
49281000
214702660
120348709
198584211
971535
196808928
225696950
21718714
91180848
61770200
52847420
169336163
35605961
192651446
235164285
226184837
26682047
9676405
247537288
83784833
9966339
119806016
212382854
54011261
244115159
153439777
114667190
173167131
109038108
114932581
48590320
2222298
115861215
36365013
233246023
51097800
14953052
1956729
244896389
60604282
56272421
18467747
5661594
45106612
242774584
39818332
32405347
2119889
226889254
146885063
5499965
108014964
37920074
6703748
116696355
166148673
30357117
231127457
121137521
246252936
177158796
121005331
149907994
222978349
115963368
174575158
52159043
226594103
233749429
169548666
118641159
230315367
232904382
4707504
17617114
29810387
143640600
152508921
74247939
173164754
238327450
24977972
114880765
3510233
225113489
11929383
27534873
12008813
244558203
65528907
22652369
61329108
25420587
42813085
17967493
25187036
230550964
99073064
124794125
53847256
24687977
22751231
91211684
247842491
25283328
38594478
1168753
244902279
121756161
22400187
31276894
201591990
217618817
6508450
232372633
3167296
242944599
11272306
120435735
88564556
203648614
59217732
19850116
210621931
24914939
119174018
59584966
113484818
17774386
49696255
201670359
27040707
82534469
17599034
1239229
35413040
114803973
244642772
89948246
232475244
121104919
11665285
210563494
1525526
247678386
40533981
245351144
53513229
109525884
153982170
246245059
234179609
167462620
169759148
63589091
62341739
87371970
65684826
223543147
177939012
6119782
14929775
20417799
87589970
28472807
30450189
173802228
89508786
9239235
43000918
41082713
160340996
226590318
15148817
216386314
176442467
77320319
116183791
2945231
227466857
15937050
124851886
1926634
82249985
204816222
5867109
111890358
224252085
17717522
31251240
49979454
75517500
58453170
207106590
7811525
29451604
211366803
118883838
5460876
25184927
197969676
210871976
53695329
183178716
203717071
9283741
243657870
203827630
25293020
171071159
89060617
143751375
44953967
33051095
54119518
121007112
168351034
24510950
160184193
121288569
89302989
196824724
153380692
15193511
120094394
118852388
117990327
9342323
70827740
115076255
15381217
9611878
97397225
96754802
120727385
245084207
197793396
85264912
221615287
53083711
97293840
239281984
82072017
22402833
86781307
243360715
186611873
242860704
116607865
82686749
64414976
172146015
57086367
1998048
47331728
6317877
192957610
243245988
149662394
26875005
33969436
57783194
65040801
81710389
177817298
55425690
3787863
169665480
55014138
224112324
226978279
25072598
42784783
212329923
30487107
246956541
178691910
62000905
235120998
1278555
115171251
26925534
56824314
10949646
104785189
109626383
217373798
176134157
15074228
54448671
3603375
174452764
3199830
115431969
145082179
30644991
21849946
236669322
3225051
34979284
55792554
175972854
179961171
247434809
160117831
58967224
231030246
88541445
38762277
71207605
115283358
56591387
116688414
74352689
55807837
2553234
32419527
48459144
2092414
53092775
153547662
179228203
174982613
65673981
227204994
36587136
247158828
235143457
1163137
2817022
17617113
36782353
244553513
2874506
21525817
40304753
14173799
116957249
175491710
175010986
221846424
2911763
77225336
41004439
23080333
116774506
169755492
12001963
10192595
3403911
225862885
160136740
235349201
10898422
201102412
47903411
59588262
53204779
47395491
2079862
25414124
153707440
22881312
64350284
9729486
78876576
54269941
51078431
107666593
11124980
160765089
52342232
47557501
72417910
50712887
216728514
2055132
64848395
25674642
42663889
171682294
148138034
153325987
170843154
239985355
21336985
161647923
54111834
115699255
153441895
21228081
247207009
173548400
85555388
5745021
45563140
22270107
79276334
246597251
175157403
2088504
96247089
14382585
24626559
243203503
30588894
56560998
151451653
236644362
152256451
30408600
52623672
55050064
6728912
178145508
115493944
173357634
55024102
192309401
89728906
76250984
120371224
46262268
232736000
195135247
6706493
55524948
21887135
18670472
71730878
42155974
9274274
229241533
15350472
39545910
25286821
17186729
21458413
8959183
121282655
64572341
97165674
248661006
167609067
143759745
248596144
242795254
246629984
212264377
196418228
23616878
32845169
58844114
19317386
241134880
83356298
211216433
14111901
233086205
3869340
8240968
26270072
53075542
2933407
60911122
205937685
68023428
234932383
161478901
93285014
148525179
29297092
60316887
18860143
7233737
1335514
229943072
32761296
146810105
55551208
92789341
38741799
115904256
53090644
3278976
1979684
244434590
36801184
234866117
1925631
171168180
20142796
167675099
75781698
70291155
244961629
238327133
116911867
241550277
167976194
8009465
203757927
120792570
165627018
50492498
30621013
25601771
248830428
1474818
26024315
120521512
203472132
225832854
16771595
44542905
217180084
193627912
12683315
1484013
27519480
151381513
65654766
11107854
168360868
75679406
221623826
52817906
86165211
118242816
14972815
145549115
93031381
241953672
154730979
28623287
245366496
105263137
112743553
37345180
28134590
1851182
84381492
80733368
6318024
21570424
59653888
164409207
79407766
40324255
247180161
92666417
27021650
35073082
192954411
41482559
86805553
30241706
165108941
229226251
191061661
40501164
64329743
70098309
181708244
1156447
52893594
10716180
173929799
212417702
37720623
167802052
104000587
29137119
170957965
236641265
10738322
224484042
205104438
163245199
90761442
8866271
122368987
224838700
161433158
12551460
113832345
52960049
69114579
24292849
54304439
77788056
203553075
96200236
2060608
3474827
7061727
180834830
24001773
222805459
113983249
150427668
28521393
247364233
24066307
87942359
32971077
221520817
12126300
120483995
206604241
2238551
230198091
214355211
35043862
112792715
88647884
28059950
102235053
224862374
199887547
245884919
192979660
184461708
54139516
24680383
64330442
56182626
39084606
200971801
65467679
149387997
32301519
14774976
40642870
121133077
233126987
244933917
44681064
164411493
52766932
27724376
5205190
25025209
162352348
46661165
146880086
241558328
54540810
113634528
211930383
86173649
90057172
19576899
246278140
231083937
62847102
244542298
3097938
35413041
147449656
86168325
88647883
27575240
52422448
66241827
6322422
53360591
24662404
96858535
24607594
231077176
24961979
235533585
64845579
180565743
89024095
196099679
14388142
44587297
25615427
40833238
200873016
10159995
24901588
31736780
89230919
180090274
76475989
170958107
52202073
20695537
120232599
216860707
45109614
153799625
181652598
244826458
27811278
95786332
46964142
8144512
54288889
231770843
92226314
57743549
53507767
239878342
121211746
7863525
121119682
169761308
89032299
47167445
247587743
54160873
204014863
121179412
29500304
228868529
36844872
178960893
148230580
114238406
146374592
15246941
161289833
28907463
28877875
115935360
29451587
51943110
116932333
180901095
92611616
202332895
224821961
82070592
41745808
6315611
7640848
4004527
120419284
26369777
19367091
99508472
247904472
3010464
114111759
86344386
13630311
28514405
208445556
90495187
209652386
58095658
55566152
233129459
83135163
65474955
25054599
227920394
93049034
112560319
89752063
25287041
91550618
17239874
2129114
171677138
976977
175596356
224945507
242403120
182044350
52841520
29681848
28483618
118551776
91071827
227889344
87172007
28965909
125024576
53549502
112221579
118242787
25312705
205871118
192528829
26185810
88347792
149633310
2937222
53459798
99512800
120840418
104407748
22095548
211889414
52809478
52885426
60109251
176236593
233466136
29338277
25282893
1981403
52218806
9265025
30725277
84361978
206714489
2873562
108681282
117312311
230231297
1439681
171668727
34784184
248596145
1087082
92441958
6013790
235428217
210563493
246797080
42854800
118745279
210357688
82107516
56426487
213923854
1315943
29150953
55562076
48046978
56599291
30273439
20704422
151293453
48643772
241138096
232914998
30175328
54239417
147802891
145435382
222537503
223539172
121117026
32768509
90303148
235353868
109974642
238349194
21126030
119812738
96358696
21228080
211123908
226147179
46509817
200887879
20088096
245816863
52259608
215836626
85535910
16184703
240166013
54252519
154856442
58473370
2449262
234459766
54025919
25285982
6390299
223237392
18912082
50716471
35561044
12253279
11135227
114242547
105493749
15399941
108044836
201350972
70806043
51941076
36589133
44709447
244496155
36814089
1495327
85197779
173757557
1452218
26161153
246963618
120025451
10594675
27121494
152396616
42389806
120703175
25368950
30066511
246464124
44827646
39969633
57077335
155376780
179581353
83565742
232425102
175965772
174402725
232995169
100082341
13910630
173574659
56388802
204795499
19762918
54494692
162091259
90071620
81259215
207106462
17602164
169815023
104515706
92091604
107909914
41000548
3713073
30273438
239842743
180521282
22881313
3472668
89029562
119016371
181739413
10526215
53115167
146856323
92072815
95215332
2808942
238135236
56437341
54369167
97165675
121861411
89031403
26870873
24911889
77172780
3223351
185258945
26513087
7051438
201402263
167709849
201317644
236892414
183236346
182985037
119152500
181832441
75730817
202233393
56015775
54341885
112365591
52355857
29207185
231675941
234161661
119704945
160699029
54506198
5460877
242364937
167022825
1957562
3169798
160091594
84086435
10589310
54806057
74253721
193058120
3163733
28890289
62320830
8936628
183865143
38618577
17559495
212297349
248426991
1229249
227915827
224876850
2885202
229799054
16145140
184175099
904198
186153458
240098187
204098345
212538533
30773211
246194947
221579624
246728370
86418082
203174968
162358272
168213380
177568866
173423932
77270638
63424286
25602479
1985581
150330969
201036367
148146388
116692314
1964705
121071178
55056725
53348809
25815275
58086214
64441887
20172869
62753459
12353340
27571407
24479838
248528301
227776646
184760895
235853932
58431415
205019677
28664128
183211271
19392615
21842959
110162145
91102991
6302385
171107794
120581845
172156732
28858160
62343528
85795385
26029264
105795797
88883529
20349545
12676632
56509705
2767421
25167026
227445305
16794864
31349126
179341784
222526643
204447561
45162419
58409971
243972047
95606328
20431022
77974424
88807008
165731002
76253885
47337652
184177392
152306318
160535425
90248776
8234892
53459765
230226053
27329199
114803972
206063582
72493876
235538612
248323169
205391937
51992235
110637894
2817021
25586249
5592259
120540390
20940631
195823118
207265670
86630076
25287868
25586250
179198081
3688305
201314229
238293515
5283109
117569699
233246022
236399376
96140511
238787624
201250881
8940089
60590437
2336698
227920900
48210951
92219534
169121242
240002587
175583411
13500203
89869761
243110825
38465968
247785470
88153807
28861850
183429351
43236690
88278496
169392081
45176462
248339684
93232665
34731210
22000921
43245130
241940750
154566288
120938229
89327350
55565035
91628904
24906908
223821211
186172172
11783372
30893178
61428786
243109669
239105998
209323086
28550677
195878690
163498644
48210076
26354145
4993041
119737825
57934858
82572292
21875302
9306136
232921363
2075464
9878989
152805334
221041553
1454766
3755044
108132130
936416
63699635
160164265
160843618
54591608
154298835
33563748
110227671
83268311
166782713
24513098
244624262
244526865
117789762
221434224
227582175
231127689
17520250
9676404
50298745
63589092
40252666
96714078
4540793
27550054
89033165
209140690
143833080
58412518
231888595
107543393
63010458
207593189
222591035
35834821
244583612
20708104
203159472
212234138
2056324
245962644
78874807
42888347
31389412
65132767
115640742
58603434
54495490
18759197
104784220
6250511
208169342
119471795
16022748
151390835
60641005
39290760
180266294
30319993
221313886
29137120
41716093
154862961
246491432
228790420
236899028
88968233
109785300
242907690
120952334
84882049
92236425
19324287
182214303
30034509
54191877
9916272
98900470
24111589
15187259
15829203
29455095
7636872
37061260
47480097
8968054
25607778
62212715
14217585
52783895
109164578
181490678
24513097
244740869
29027434
69824560
50828565
212032759
147006820
31736922
10931835
207542624
29898294
75181803
19617953
228690513
175153831
25655676
6327724
85922169
81859991
110944531
225606822
146874149
1123509
240951885
27396810
54802790
90061219
204938263
69311548
37080616
117588493
244552663
24677257
227082486
208826661
121244393
14420872
88976214
233667717
76447781
28816931
25648365
27040136
11157608
232914997
234578939
160017037
52838282
53322010
19317387
236416183
58056782
96976177
228974479
55562614
21135061
210296561
152408610
234156332
52306391
53559589
210474089
120138803
101362480
117671142
233235903
223495993
246648648
211500529
24721554
107688069
4697660
8219670
149909099
84806977
1024608
92196704
53944278
3947546
227132972
245410343
227971743
88892921
2434207
86073404
14388143
110548963
60511860
5859829
40839387
245264879
43922656
36853584
116535773
121164255
235416129
110110439
90511356
89037054
17619697
70291156
204261437
27194568
29923116
93565226
196826714
81555972
247465642
2055133
25290792
113266629
54395931
1248996
834583
93776903
37065360
38681598
247678385
52766825
83275131
154314138
37826488
55056443
111393944
14620336
3617141
57474368
109915611
235343198
76082988
16705888
227774988
171215399
247615948
120234954
25084943
240325327
169840542
40810402
9878990
116511389
25068498
2919714
45269959
24777112
68058939
212322872
21336986
205978318
166577729
2122933
83247632
50063452
234393774
114058984
169505116
232017637
2893162
248627756
245997142
3479598
29006823
23734572
185519581
154318910
236212488
236260373
120330941
28282077
91302325
2891578
15705548
236188962
243493814
227464566
43540232
120356501
5868702
47956492
247820612
243108790
193466703
92086728
59814159
35632677
116767418
107376845
14945457
94988172
3016822
248734930
84236842
90061657
23363724
25815268
236722550
47539187
11902912
2090728
10896193
55787103
165969698
154179669
47203273
243203502
121057148
6268898
224922071
12016153
54374981
48191534
224551442
59414716
55525376
73253741
33295157
41802276
214608629
161442722
53989580
231075276
120047540
203080529
171422312
40327202
247820611
52847419
238402519
26328421
248333205
100675345
179088463
93367943
173831074
147255474
15974763
62398440
53711126
57898661
233627631
48167058
28999141
194779967
54327037
7421405
114024022
101007541
242556946
28892647
116944784
42170674
225863823
25792680
45433099
54243343
3955622
54436717
244259854
175563722
150557566
114077929
12253280
52757998
29306897
28930765
120272944
152508879
67722339
62137381
2164817
79303269
143447663
244003857
228891222
25878661
247478601
245493835
60512439
43615286
13983706
61882116
56530591
102253892
91585861
245988891
25095287
40559143
26976355
76969284
56550864
26186498
26454233
2051509
6282285
21036709
205391635
52612471
34916852
241558329
15708516
120403634
204267995
44471748
80060887
174322449
8966686
3577603
87375392
120315495
11772930
1288218
5790096
210438875
11149705
51246095
160992807
84922538
87418537
33648477
41889451
2047907
121173318
7827141
